"model_key","model_class","model_class_label","training_regime","training_regime_label","learning_rate","window_id","window_row","window_col","n_pixels","generated_mean","generated_variance","generated_expected_variance","generated_expected_variance_ci95_low","generated_expected_variance_ci95_high","generated_log10_variance_ratio","reference_mean","reference_variance","reference_expected_variance","reference_expected_variance_ci95_low","reference_expected_variance_ci95_high","reference_log10_variance_ratio","evaldf_path","generated_growth_pct","reference_growth_pct"
"unet_los_angeles_model","1","U-Net baseline","LALegacy","Los Angeles Model",1e-04,1,1,4,376,457.034114650235,340934.936096203,668610.553440643,489341.529799718,913554.327496323,-0.292501720981172,673.284322352117,776669.807421671,1418389.92386548,1032935.34472159,1947682.38535336,-0.261559214866573,"/Users/9oy/Documents/Projects/IM3/EvaluationP/Script/Revision/5_UrbanScaling/data/model_evaldfs/unet_los_angeles_model/Evaldf_0.0001.csv",2.21499516651502,3.06913108089765
"unet_los_angeles_model","1","U-Net baseline","LALegacy","Los Angeles Model",1e-04,2,1,5,2873,432.851049631697,196088.69361327,601643.194147102,440637.194585838,821479.751394467,-0.486886455115644,919.540035845735,1253510.86855836,2597722.15738253,1884218.23128624,3581411.2690915,-0.31646459485402,"/Users/9oy/Documents/Projects/IM3/EvaluationP/Script/Revision/5_UrbanScaling/data/model_evaldfs/unet_los_angeles_model/Evaldf_0.0001.csv",2.21499516651502,3.06913108089765
"unet_los_angeles_model","1","U-Net baseline","LALegacy","Los Angeles Model",1e-04,3,1,6,1631,309.500463211894,163000.473730953,313716.136071436,230754.606515252,426504.222463212,-0.284347990719432,382.277176224914,608163.144087705,472701.090539566,346754.354811977,644393.698006926,0.109433493246531,"/Users/9oy/Documents/Projects/IM3/EvaluationP/Script/Revision/5_UrbanScaling/data/model_evaldfs/unet_los_angeles_model/Evaldf_0.0001.csv",2.21499516651502,3.06913108089765
"unet_los_angeles_model","1","U-Net baseline","LALegacy","Los Angeles Model",1e-04,4,1,7,540,510.474518594828,403770.442889393,828714.088447023,605656.848770871,1133921.03430237,-0.312270197857123,820.132858823158,1685056.64388418,2080351.65564922,1511170.72044647,2863914.01885011,-0.0915222484036353,"/Users/9oy/Documents/Projects/IM3/EvaluationP/Script/Revision/5_UrbanScaling/data/model_evaldfs/unet_los_angeles_model/Evaldf_0.0001.csv",2.21499516651502,3.06913108089765
"unet_los_angeles_model","1","U-Net baseline","LALegacy","Los Angeles Model",1e-04,5,2,3,348,400.519307849795,195059.375641587,517473.675852752,379370.460866596,705850.963169015,-0.423721432146539,583.114429750892,488822.873437225,1072931.80534022,782801.751128536,1470592.85093704,-0.341420599838488,"/Users/9oy/Documents/Projects/IM3/EvaluationP/Script/Revision/5_UrbanScaling/data/model_evaldfs/unet_los_angeles_model/Evaldf_0.0001.csv",2.21499516651502,3.06913108089765
"unet_los_angeles_model","1","U-Net baseline","LALegacy","Los Angeles Model",1e-04,6,2,4,1396,654.353411298732,532743.927516538,1341993.83678063,977658.397762168,1842102.9902464,-0.401232013196352,1088.67011100457,3302729.19463101,3605282.68065437,2609371.29047683,4981300.76576843,-0.0380663568426028,"/Users/9oy/Documents/Projects/IM3/EvaluationP/Script/Revision/5_UrbanScaling/data/model_evaldfs/unet_los_angeles_model/Evaldf_0.0001.csv",2.21499516651502,3.06913108089765
"unet_los_angeles_model","1","U-Net baseline","LALegacy","Los Angeles Model",1e-04,7,2,5,1481,818.631262586197,471725.818093227,2072963.73017289,1505839.56924761,2853676.25766361,-0.642902057151826,1117.40056776099,2449083.63757663,3792279.82981508,2743794.69148165,5241422.16335305,-0.189896759372848,"/Users/9oy/Documents/Projects/IM3/EvaluationP/Script/Revision/5_UrbanScaling/data/model_evaldfs/unet_los_angeles_model/Evaldf_0.0001.csv",2.21499516651502,3.06913108089765
"unet_los_angeles_model","1","U-Net baseline","LALegacy","Los Angeles Model",1e-04,8,2,6,1384,668.723011300635,467794.60454832,1399795.15056986,1019482.81634298,1921980.86338288,-0.476009276182241,816.481194901174,1445455.32557506,2062407.48376139,1498221.92901256,2839048.43915773,-0.154369802362713,"/Users/9oy/Documents/Projects/IM3/EvaluationP/Script/Revision/5_UrbanScaling/data/model_evaldfs/unet_los_angeles_model/Evaldf_0.0001.csv",2.21499516651502,3.06913108089765
"unet_los_angeles_model","1","U-Net baseline","LALegacy","Los Angeles Model",1e-04,9,2,7,2309,298.541555676874,262472.041693996,292511.518440367,215257.166345012,397491.938935727,-0.0470599227723019,391.641129620083,866225.085654845,495438.159967142,363320.382495047,675599.229159609,0.242641302575761,"/Users/9oy/Documents/Projects/IM3/EvaluationP/Script/Revision/5_UrbanScaling/data/model_evaldfs/unet_los_angeles_model/Evaldf_0.0001.csv",2.21499516651502,3.06913108089765
"unet_los_angeles_model","1","U-Net baseline","LALegacy","Los Angeles Model",1e-04,10,2,8,427,390.957575287233,161387.043525042,493760.868651142,362098.497631911,673296.898511199,-0.485648002663296,714.296708224943,1037885.38753054,1590919.99554161,1157699.78488831,2186254.55861023,-0.185498942791545,"/Users/9oy/Documents/Projects/IM3/EvaluationP/Script/Revision/5_UrbanScaling/data/model_evaldfs/unet_los_angeles_model/Evaldf_0.0001.csv",2.21499516651502,3.06913108089765
"unet_los_angeles_model","1","U-Net baseline","LALegacy","Los Angeles Model",1e-04,11,3,3,527,298.030867736046,143118.026759146,291540.929829317,214547.635601025,396164.299492922,-0.309005194808601,748.711936674946,967507.682325204,1743094.06972155,1267669.12896712,2396821.74667618,-0.255666403209717,"/Users/9oy/Documents/Projects/IM3/EvaluationP/Script/Revision/5_UrbanScaling/data/model_evaldfs/unet_los_angeles_model/Evaldf_0.0001.csv",2.21499516651502,3.06913108089765
"unet_los_angeles_model","1","U-Net baseline","LALegacy","Los Angeles Model",1e-04,12,3,4,702,636.946928273758,614500.890048838,1273560.77918701,928125.50178159,1747562.21563784,-0.316497159727332,1298.66393956768,7280178.78945513,5077422.95427707,3666535.42661807,7031221.80941227,0.156498702951587,"/Users/9oy/Documents/Projects/IM3/EvaluationP/Script/Revision/5_UrbanScaling/data/model_evaldfs/unet_los_angeles_model/Evaldf_0.0001.csv",2.21499516651502,3.06913108089765
"unet_los_angeles_model","1","U-Net baseline","LALegacy","Los Angeles Model",1e-04,13,3,5,1135,591.416701369839,244100.259124287,1102786.05527304,804437.046313116,1511786.52111867,-0.65492302537367,896.596957145314,1312205.57855719,2473376.0037758,1794608.04622819,3408871.85305538,-0.275288263296267,"/Users/9oy/Documents/Projects/IM3/EvaluationP/Script/Revision/5_UrbanScaling/data/model_evaldfs/unet_los_angeles_model/Evaldf_0.0001.csv",2.21499516651502,3.06913108089765
"unet_los_angeles_model","1","U-Net baseline","LALegacy","Los Angeles Model",1e-04,14,3,6,1243,884.52482570183,545558.296952819,2409135.86892142,1748301.73700897,3319756.2594963,-0.645020128762139,1255.7773463723,2394884.38474863,4756979.18300034,3436617.07075511,6584629.73371849,-0.298046698619346,"/Users/9oy/Documents/Projects/IM3/EvaluationP/Script/Revision/5_UrbanScaling/data/model_evaldfs/unet_los_angeles_model/Evaldf_0.0001.csv",2.21499516651502,3.06913108089765
"unet_los_angeles_model","1","U-Net baseline","LALegacy","Los Angeles Model",1e-04,15,3,7,1433,715.646446437764,563177.783454387,1596761.12040896,1161922.1466594,2194334.69185528,-0.452594435235451,872.297067332883,2967360.04739782,2344903.53803191,1701992.88215146,3230667.21390981,0.102245263132542,"/Users/9oy/Documents/Projects/IM3/EvaluationP/Script/Revision/5_UrbanScaling/data/model_evaldfs/unet_los_angeles_model/Evaldf_0.0001.csv",2.21499516651502,3.06913108089765
"unet_los_angeles_model","1","U-Net baseline","LALegacy","Los Angeles Model",1e-04,16,3,8,487,627.671070530085,469940.434247903,1237802.71964169,902236.320957059,1698175.45266534,-0.420608618711864,774.987524175917,1375231.96846462,1863808.60891756,1354858.58947204,2563944.7228429,-0.132025354055256,"/Users/9oy/Documents/Projects/IM3/EvaluationP/Script/Revision/5_UrbanScaling/data/model_evaldfs/unet_los_angeles_model/Evaldf_0.0001.csv",2.21499516651502,3.06913108089765
"unet_los_angeles_model","1","U-Net baseline","LALegacy","Los Angeles Model",1e-04,17,3,9,431,398.237310578752,166504.154820401,511765.401294417,375213.148847241,698013.453863962,-0.487645846343607,610.900175449458,638713.709103656,1174405.84728948,856324.110665345,1610639.09910945,-0.264511967114479,"/Users/9oy/Documents/Projects/IM3/EvaluationP/Script/Revision/5_UrbanScaling/data/model_evaldfs/unet_los_angeles_model/Evaldf_0.0001.csv",2.21499516651502,3.06913108089765
"unet_los_angeles_model","1","U-Net baseline","LALegacy","Los Angeles Model",1e-04,18,3,10,15,368.205814454903,108753.657063024,439508.567258265,322561.030505344,598856.53388069,-0.606523475205442,258.818089714603,85810.7424537562,221698.646556791,163445.99164498,300712.727124395,-0.412221382206662,"/Users/9oy/Documents/Projects/IM3/EvaluationP/Script/Revision/5_UrbanScaling/data/model_evaldfs/unet_los_angeles_model/Evaldf_0.0001.csv",2.21499516651502,3.06913108089765
"unet_los_angeles_model","1","U-Net baseline","LALegacy","Los Angeles Model",1e-04,19,4,1,473,256.835634799978,130279.877286902,218413.957602866,161040.280470096,296228.103530936,-0.224403047405047,212.961918125678,245472.609263059,151827.239056222,112214.478096018,205423.675363093,0.208653344432248,"/Users/9oy/Documents/Projects/IM3/EvaluationP/Script/Revision/5_UrbanScaling/data/model_evaldfs/unet_los_angeles_model/Evaldf_0.0001.csv",2.21499516651502,3.06913108089765
"unet_los_angeles_model","1","U-Net baseline","LALegacy","Los Angeles Model",1e-04,20,4,2,320,399.080756258599,187785.104078947,513871.651564646,376747.157479394,700905.28631585,-0.437193520701845,327.102391751645,530926.127937993,349278.150543033,256729.838541717,475189.121528382,0.181862679622629,"/Users/9oy/Documents/Projects/IM3/EvaluationP/Script/Revision/5_UrbanScaling/data/model_evaldfs/unet_los_angeles_model/Evaldf_0.0001.csv",2.21499516651502,3.06913108089765
"unet_los_angeles_model","1","U-Net baseline","LALegacy","Los Angeles Model",1e-04,21,4,3,205,317.016024182831,198087.680275893,328673.708031884,241682.181250088,446977.124224332,-0.219907498284063,206.671442565237,238371.35404411,143242.265694176,105910.167704249,193733.492505626,0.221182881725673,"/Users/9oy/Documents/Projects/IM3/EvaluationP/Script/Revision/5_UrbanScaling/data/model_evaldfs/unet_los_angeles_model/Evaldf_0.0001.csv",2.21499516651502,3.06913108089765
"unet_los_angeles_model","1","U-Net baseline","LALegacy","Los Angeles Model",1e-04,22,4,4,152,318.316864943718,131187.42718253,331296.941519699,243598.297194334,450568.270486499,-0.402325211698232,635.537942798549,629591.243380593,1268097.39493246,924170.273477401,1740015.93557404,-0.304093931330306,"/Users/9oy/Documents/Projects/IM3/EvaluationP/Script/Revision/5_UrbanScaling/data/model_evaldfs/unet_los_angeles_model/Evaldf_0.0001.csv",2.21499516651502,3.06913108089765
"unet_los_angeles_model","1","U-Net baseline","LALegacy","Los Angeles Model",1e-04,23,4,5,951,346.305227153121,147549.522184272,390182.33300895,286585.534124651,531227.975122042,-0.422329793722642,653.161070196998,1517233.25313809,1337250.79172562,974225.858165118,1835549.39030137,0.0548394888559319,"/Users/9oy/Documents/Projects/IM3/EvaluationP/Script/Revision/5_UrbanScaling/data/model_evaldfs/unet_los_angeles_model/Evaldf_0.0001.csv",2.21499516651502,3.06913108089765
"unet_los_angeles_model","1","U-Net baseline","LALegacy","Los Angeles Model",1e-04,24,4,6,1767,445.967895275969,359069.679012039,637540.990456688,466749.334535355,870828.267847711,-0.24932937933867,909.228821760083,3567706.25197583,2541471.90571006,1843685.02842345,3503352.98488417,0.147303776199519,"/Users/9oy/Documents/Projects/IM3/EvaluationP/Script/Revision/5_UrbanScaling/data/model_evaldfs/unet_los_angeles_model/Evaldf_0.0001.csv",2.21499516651502,3.06913108089765
"unet_los_angeles_model","1","U-Net baseline","LALegacy","Los Angeles Model",1e-04,25,4,7,1023,914.755421139491,1220965.3814806,2571546.63989196,1865357.22261887,3545086.18561303,-0.323491055090987,1820.67345309369,10780574.6070688,9783620.28431818,7034401.66373083,13607301.7213742,0.0421423206693129,"/Users/9oy/Documents/Projects/IM3/EvaluationP/Script/Revision/5_UrbanScaling/data/model_evaldfs/unet_los_angeles_model/Evaldf_0.0001.csv",2.21499516651502,3.06913108089765
"unet_los_angeles_model","1","U-Net baseline","LALegacy","Los Angeles Model",1e-04,26,4,8,713,775.088689175832,551178.530466039,1864280.94897267,1355199.67529992,2564598.79680335,-0.529219068987195,1421.17684778826,5989638.3714483,6048498.67269786,4362718.5142456,8385674.22449303,-0.0042469873294891,"/Users/9oy/Documents/Projects/IM3/EvaluationP/Script/Revision/5_UrbanScaling/data/model_evaldfs/unet_los_angeles_model/Evaldf_0.0001.csv",2.21499516651502,3.06913108089765
"unet_los_angeles_model","1","U-Net baseline","LALegacy","Los Angeles Model",1e-04,27,4,9,855,567.30722440426,428802.839796585,1017189.4802978,742394.68313733,1393698.61117002,-0.375144207223989,879.806135614649,2591752.48512071,2384248.89851585,1730360.24197177,3285236.60691389,0.0362419329645811,"/Users/9oy/Documents/Projects/IM3/EvaluationP/Script/Revision/5_UrbanScaling/data/model_evaldfs/unet_los_angeles_model/Evaldf_0.0001.csv",2.21499516651502,3.06913108089765
"unet_los_angeles_model","1","U-Net baseline","LALegacy","Los Angeles Model",1e-04,28,4,10,784,543.573131328955,205039.64154737,936204.67709399,683663.235968595,1282033.5382974,-0.659532972508146,758.082984722014,1172112.03772333,1785696.62233466,1298444.44217099,2455794.27463673,-0.182838550931053,"/Users/9oy/Documents/Projects/IM3/EvaluationP/Script/Revision/5_UrbanScaling/data/model_evaldfs/unet_los_angeles_model/Evaldf_0.0001.csv",2.21499516651502,3.06913108089765
"unet_los_angeles_model","1","U-Net baseline","LALegacy","Los Angeles Model",1e-04,29,4,11,184,451.855791335505,124143.783476836,653982.640620371,478705.746304786,893436.725032513,-0.721641243464059,512.875978477372,356728.374502348,836299.123907189,611163.442319268,1144368.55384189,-0.370023986931484,"/Users/9oy/Documents/Projects/IM3/EvaluationP/Script/Revision/5_UrbanScaling/data/model_evaldfs/unet_los_angeles_model/Evaldf_0.0001.csv",2.21499516651502,3.06913108089765
"unet_los_angeles_model","1","U-Net baseline","LALegacy","Los Angeles Model",1e-04,30,5,4,126,445.289241610024,153031.150531345,635658.933519467,465380.568544386,868240.547788512,-0.618444311511184,640.13877311343,1627828.24099768,1285979.37177063,937115.550609631,1764716.14791128,0.102374576551417,"/Users/9oy/Documents/Projects/IM3/EvaluationP/Script/Revision/5_UrbanScaling/data/model_evaldfs/unet_los_angeles_model/Evaldf_0.0001.csv",2.21499516651502,3.06913108089765
"unet_los_angeles_model","1","U-Net baseline","LALegacy","Los Angeles Model",1e-04,31,5,5,844,849.758724405047,544721.378291669,2228716.57216669,1618205.39203002,3069559.39185148,-0.611880422329527,1317.30296865282,3739732.93605641,5219847.22637173,3768693.62502469,7229774.4995077,-0.144817203106626,"/Users/9oy/Documents/Projects/IM3/EvaluationP/Script/Revision/5_UrbanScaling/data/model_evaldfs/unet_los_angeles_model/Evaldf_0.0001.csv",2.21499516651502,3.06913108089765
"unet_los_angeles_model","1","U-Net baseline","LALegacy","Los Angeles Model",1e-04,32,5,6,829,1013.20654402581,879815.49783426,3135986.88617527,2271807.71811881,4328893.53787684,-0.551982630169103,2222.15039587044,14548170.1666346,14404620.708431,10330413.032276,20085653.6041179,0.00430654500264713,"/Users/9oy/Documents/Projects/IM3/EvaluationP/Script/Revision/5_UrbanScaling/data/model_evaldfs/unet_los_angeles_model/Evaldf_0.0001.csv",2.21499516651502,3.06913108089765
"unet_los_angeles_model","1","U-Net baseline","LALegacy","Los Angeles Model",1e-04,33,5,7,705,1087.1319595705,692858.410064727,3595400.6901874,2602266.33210541,4967556.91894971,-0.715102804561856,1887.66308965929,5185850.92273785,10494534.7539303,7542046.02670868,14602835.7970011,-0.30614316212242,"/Users/9oy/Documents/Projects/IM3/EvaluationP/Script/Revision/5_UrbanScaling/data/model_evaldfs/unet_los_angeles_model/Evaldf_0.0001.csv",2.21499516651502,3.06913108089765
"unet_los_angeles_model","1","U-Net baseline","LALegacy","Los Angeles Model",1e-04,34,5,8,1213,722.483067049745,949387.62476579,1626506.67150169,1183422.67361198,2235485.26779954,-0.233812282577051,2444.8747159892,39575884.8140339,17339350.2093309,12419833.7359809,24207495.2107302,0.358397815043498,"/Users/9oy/Documents/Projects/IM3/EvaluationP/Script/Revision/5_UrbanScaling/data/model_evaldfs/unet_los_angeles_model/Evaldf_0.0001.csv",2.21499516651502,3.06913108089765
"unet_los_angeles_model","1","U-Net baseline","LALegacy","Los Angeles Model",1e-04,35,5,9,967,739.070577737995,374971.048204036,1699783.41529886,1236377.19209705,2336878.80801531,-0.65639585071599,1132.46179488706,1900084.45796615,3892139.16971136,2815560.73839382,5380366.01726563,-0.311415455181887,"/Users/9oy/Documents/Projects/IM3/EvaluationP/Script/Revision/5_UrbanScaling/data/model_evaldfs/unet_los_angeles_model/Evaldf_0.0001.csv",2.21499516651502,3.06913108089765
"unet_los_angeles_model","1","U-Net baseline","LALegacy","Los Angeles Model",1e-04,36,5,10,1355,768.689988799207,215538.441774258,1834519.6435651,1333707.34167046,2523388.91560049,-0.929997627611148,1023.95525762421,1215529.80873862,3200893.1335787,2318513.52767522,4419088.66620445,-0.420505561219109,"/Users/9oy/Documents/Projects/IM3/EvaluationP/Script/Revision/5_UrbanScaling/data/model_evaldfs/unet_los_angeles_model/Evaldf_0.0001.csv",2.21499516651502,3.06913108089765
"unet_los_angeles_model","1","U-Net baseline","LALegacy","Los Angeles Model",1e-04,37,5,11,3149,437.640987154969,844925.208115962,614635.227299308,450088.788737884,839337.6420164,0.138200819508377,527.458914235081,2451388.1358492,883078.62220764,645117.288597722,1208815.61660708,0.443412708500555,"/Users/9oy/Documents/Projects/IM3/EvaluationP/Script/Revision/5_UrbanScaling/data/model_evaldfs/unet_los_angeles_model/Evaldf_0.0001.csv",2.21499516651502,3.06913108089765
"unet_los_angeles_model","1","U-Net baseline","LALegacy","Los Angeles Model",1e-04,38,5,12,2408,437.529605540359,246046.627299212,614331.592075346,449867.911879599,838920.258715488,-0.397385433249423,629.473575385321,1272769.37688923,1244712.64764082,907239.557048012,1707718.27921415,0.00968061506597652,"/Users/9oy/Documents/Projects/IM3/EvaluationP/Script/Revision/5_UrbanScaling/data/model_evaldfs/unet_los_angeles_model/Evaldf_0.0001.csv",2.21499516651502,3.06913108089765
"unet_los_angeles_model","1","U-Net baseline","LALegacy","Los Angeles Model",1e-04,39,5,13,627,539.622514156802,173186.533174176,923040.895332752,674113.551974273,1263888.69050537,-0.726706824217929,529.765267232991,245348.627639153,890590.0150762,650568.138290938,1219166.03084353,-0.559894188602199,"/Users/9oy/Documents/Projects/IM3/EvaluationP/Script/Revision/5_UrbanScaling/data/model_evaldfs/unet_los_angeles_model/Evaldf_0.0001.csv",2.21499516651502,3.06913108089765
"unet_los_angeles_model","1","U-Net baseline","LALegacy","Los Angeles Model",1e-04,40,5,14,372,333.332468232439,104010.669675624,362308.214582034,266242.786845786,493035.863651977,-0.542000288264152,389.763262602793,376776.019954145,490836.908872074,359968.365309771,669283.454682939,-0.114853958230867,"/Users/9oy/Documents/Projects/IM3/EvaluationP/Script/Revision/5_UrbanScaling/data/model_evaldfs/unet_los_angeles_model/Evaldf_0.0001.csv",2.21499516651502,3.06913108089765
"unet_los_angeles_model","1","U-Net baseline","LALegacy","Los Angeles Model",1e-04,41,5,15,221,302.177052434135,79033.4450615088,299466.156505936,220340.772439711,407005.829649507,-0.578536835471178,464.215407895675,439048.294986287,689156.084555248,504277.351466182,941815.267924777,-0.195805299948753,"/Users/9oy/Documents/Projects/IM3/EvaluationP/Script/Revision/5_UrbanScaling/data/model_evaldfs/unet_los_angeles_model/Evaldf_0.0001.csv",2.21499516651502,3.06913108089765
"unet_los_angeles_model","1","U-Net baseline","LALegacy","Los Angeles Model",1e-04,42,5,16,74,402.483253790952,53342.3545949734,522410.942272486,382966.006078735,712630.333434655,-0.990940082920289,512.885626498752,173133.206799764,836329.664860772,611185.613808974,1144410.62178657,-0.683997128440116,"/Users/9oy/Documents/Projects/IM3/EvaluationP/Script/Revision/5_UrbanScaling/data/model_evaldfs/unet_los_angeles_model/Evaldf_0.0001.csv",2.21499516651502,3.06913108089765
"unet_los_angeles_model","1","U-Net baseline","LALegacy","Los Angeles Model",1e-04,43,6,5,1020,833.244242032854,1080384.72368588,2145401.56976986,1558105.59308343,2954066.73078064,-0.297930159289786,1038.68675336805,18703882.5606851,3290896.38093141,2383268.5140759,4544179.10783618,0.754617558883984,"/Users/9oy/Documents/Projects/IM3/EvaluationP/Script/Revision/5_UrbanScaling/data/model_evaldfs/unet_los_angeles_model/Evaldf_0.0001.csv",2.21499516651502,3.06913108089765
"unet_los_angeles_model","1","U-Net baseline","LALegacy","Los Angeles Model",1e-04,44,6,6,1894,972.03961903751,1421542.64412462,2893368.42842896,2097164.41575371,3991857.19524081,-0.308643845863132,1669.87340621542,9407703.01028866,8271931.05964477,5954109.68112573,11492036.1095161,0.0558766925558535,"/Users/9oy/Documents/Projects/IM3/EvaluationP/Script/Revision/5_UrbanScaling/data/model_evaldfs/unet_los_angeles_model/Evaldf_0.0001.csv",2.21499516651502,3.06913108089765
"unet_los_angeles_model","1","U-Net baseline","LALegacy","Los Angeles Model",1e-04,45,6,7,794,679.492816765406,455572.11664821,1443890.79577718,1051382.24745336,1982933.07232443,-0.500977212784134,910.179821480569,2772965.39190108,2546634.8501144,1847405.62476457,3510517.11269078,0.0369777713802011,"/Users/9oy/Documents/Projects/IM3/EvaluationP/Script/Revision/5_UrbanScaling/data/model_evaldfs/unet_los_angeles_model/Evaldf_0.0001.csv",2.21499516651502,3.06913108089765
"unet_los_angeles_model","1","U-Net baseline","LALegacy","Los Angeles Model",1e-04,46,6,8,842,931.269188046233,1429782.9721131,2662433.23794525,1930841.02155815,3671224.43918004,-0.270008605832567,1504.48706738476,6679005.85108356,6755785.34507676,4869312.30077867,9373117.35405745,-0.00496401813919723,"/Users/9oy/Documents/Projects/IM3/EvaluationP/Script/Revision/5_UrbanScaling/data/model_evaldfs/unet_los_angeles_model/Evaldf_0.0001.csv",2.21499516651502,3.06913108089765
"unet_los_angeles_model","1","U-Net baseline","LALegacy","Los Angeles Model",1e-04,47,6,9,1391,737.480313368251,1251776.28506753,1692690.44467824,1231252.02333781,2327062.93041269,-0.131050823022301,727.689718266758,2253482.5107051,1649338.894412,1199924.37648653,2267075.19400974,0.13554429130599,"/Users/9oy/Documents/Projects/IM3/EvaluationP/Script/Revision/5_UrbanScaling/data/model_evaldfs/unet_los_angeles_model/Evaldf_0.0001.csv",2.21499516651502,3.06913108089765
"unet_los_angeles_model","1","U-Net baseline","LALegacy","Los Angeles Model",1e-04,48,6,10,2337,377.985461026179,370191.714725754,462453.328965234,339286.217079696,630332.358655147,-0.0966412154924795,432.907072112222,1157303.49963683,601794.369339094,440747.180968937,821687.531096796,0.283999146446125,"/Users/9oy/Documents/Projects/IM3/EvaluationP/Script/Revision/5_UrbanScaling/data/model_evaldfs/unet_los_angeles_model/Evaldf_0.0001.csv",2.21499516651502,3.06913108089765
"unet_los_angeles_model","1","U-Net baseline","LALegacy","Los Angeles Model",1e-04,49,6,11,1784,756.15293122867,913894.833320123,1776881.45115848,1292076.92452452,2443591.11407624,-0.288762231728605,790.747009849885,1867973.02927979,1938089.13062028,1408491.04585597,2666818.14504952,-0.0160031445265159,"/Users/9oy/Documents/Projects/IM3/EvaluationP/Script/Revision/5_UrbanScaling/data/model_evaldfs/unet_los_angeles_model/Evaldf_0.0001.csv",2.21499516651502,3.06913108089765
"unet_los_angeles_model","1","U-Net baseline","LALegacy","Los Angeles Model",1e-04,50,6,12,1799,566.180001907332,184269.68570181,1013269.55256989,739552.623382557,1388292.26440872,-0.740271097771313,697.966707392815,606519.087996735,1521073.15705145,1107201.68880575,2089649.58461906,-0.399305628977548,"/Users/9oy/Documents/Projects/IM3/EvaluationP/Script/Revision/5_UrbanScaling/data/model_evaldfs/unet_los_angeles_model/Evaldf_0.0001.csv",2.21499516651502,3.06913108089765
"unet_los_angeles_model","1","U-Net baseline","LALegacy","Los Angeles Model",1e-04,51,6,13,2220,684.03682309871,786373.09203204,1462694.53321814,1064983.17244476,2008928.73508498,-0.269524993760391,826.698205302608,3231376.39946596,2112803.12238609,1534586.32726044,2908886.22859913,0.184528518743143,"/Users/9oy/Documents/Projects/IM3/EvaluationP/Script/Revision/5_UrbanScaling/data/model_evaldfs/unet_los_angeles_model/Evaldf_0.0001.csv",2.21499516651502,3.06913108089765
"unet_los_angeles_model","1","U-Net baseline","LALegacy","Los Angeles Model",1e-04,52,6,14,2343,549.808804647509,238342.646649481,957166.321644526,698868.061626427,1310930.370975,-0.603785651740279,614.676786264456,1032449.41655927,1188541.08163993,866562.281267088,1630153.92347827,-0.0611454144209842,"/Users/9oy/Documents/Projects/IM3/EvaluationP/Script/Revision/5_UrbanScaling/data/model_evaldfs/unet_los_angeles_model/Evaldf_0.0001.csv",2.21499516651502,3.06913108089765
"unet_los_angeles_model","1","U-Net baseline","LALegacy","Los Angeles Model",1e-04,53,6,15,2667,613.191411243595,378453.623335169,1182971.78345487,862528.527293753,1622464.87642698,-0.494961718296877,625.389577303888,895042.157953957,1229083.3305036,895922.653737882,1686134.20703145,-0.137737836794611,"/Users/9oy/Documents/Projects/IM3/EvaluationP/Script/Revision/5_UrbanScaling/data/model_evaldfs/unet_los_angeles_model/Evaldf_0.0001.csv",2.21499516651502,3.06913108089765
"unet_los_angeles_model","1","U-Net baseline","LALegacy","Los Angeles Model",1e-04,54,6,16,2060,569.978655675231,268946.408671271,1026508.71211335,749151.102386486,1406552.20647463,-0.581696890254836,681.054275436625,803461.307266405,1450339.02710266,1056046.44676685,1991847.32828467,-0.256504566496438,"/Users/9oy/Documents/Projects/IM3/EvaluationP/Script/Revision/5_UrbanScaling/data/model_evaldfs/unet_los_angeles_model/Evaldf_0.0001.csv",2.21499516651502,3.06913108089765
"unet_los_angeles_model","1","U-Net baseline","LALegacy","Los Angeles Model",1e-04,55,7,5,256,988.793134335122,362341.493088246,2990962.72746683,2167426.63571562,4127409.84616633,-0.916692931431683,832.259801957495,1396697.43707579,2140483.72060941,1554557.5948064,2947250.44186252,-0.185409592946458,"/Users/9oy/Documents/Projects/IM3/EvaluationP/Script/Revision/5_UrbanScaling/data/model_evaldfs/unet_los_angeles_model/Evaldf_0.0001.csv",2.21499516651502,3.06913108089765
"unet_los_angeles_model","1","U-Net baseline","LALegacy","Los Angeles Model",1e-04,56,7,6,1440,854.768887288809,954707.947992155,2254296.86961824,1636654.89070603,3105025.01488165,-0.373140569856436,1298.05081345611,6011821.84378054,5072770.40408238,3663197.92461287,7024736.33751409,0.0737608956917206,"/Users/9oy/Documents/Projects/IM3/EvaluationP/Script/Revision/5_UrbanScaling/data/model_evaldfs/unet_los_angeles_model/Evaldf_0.0001.csv",2.21499516651502,3.06913108089765
"unet_los_angeles_model","1","U-Net baseline","LALegacy","Los Angeles Model",1e-04,57,7,7,1468,862.220521952311,959945.512603475,2292604.30799646,1664281.10926962,3158141.06389189,-0.378082521366651,1181.37426202109,6830594.79169797,4225111.45029169,3054772.02534888,5843829.46395065,0.208620353355097,"/Users/9oy/Documents/Projects/IM3/EvaluationP/Script/Revision/5_UrbanScaling/data/model_evaldfs/unet_los_angeles_model/Evaldf_0.0001.csv",2.21499516651502,3.06913108089765
"unet_los_angeles_model","1","U-Net baseline","LALegacy","Los Angeles Model",1e-04,58,7,8,1181,801.307231053782,930748.92796995,1988650.73668896,1444990.01914676,2736857.48699411,-0.32972597075478,1050.11801577532,7428508.19374722,3361570.14880052,2434108.21426945,4642420.4967807,0.34435942824005,"/Users/9oy/Documents/Projects/IM3/EvaluationP/Script/Revision/5_UrbanScaling/data/model_evaldfs/unet_los_angeles_model/Evaldf_0.0001.csv",2.21499516651502,3.06913108089765
"unet_los_angeles_model","1","U-Net baseline","LALegacy","Los Angeles Model",1e-04,59,7,9,1236,668.948287858008,749525.091756582,1400710.72630864,1020145.22403858,1923246.31098002,-0.271562278137721,1201.43129069522,7251579.66513516,4365478.04666436,3155575.10387965,6039279.03743383,0.220400813890621,"/Users/9oy/Documents/Projects/IM3/EvaluationP/Script/Revision/5_UrbanScaling/data/model_evaldfs/unet_los_angeles_model/Evaldf_0.0001.csv",2.21499516651502,3.06913108089765
"unet_los_angeles_model","1","U-Net baseline","LALegacy","Los Angeles Model",1e-04,60,7,10,1155,729.63801028372,724591.684428192,1657922.22419356,1206127.47840846,2278951.56248488,-0.359470807568115,1109.84690137856,4906835.70819768,3742671.2992855,2708137.83234758,5172406.03014391,0.11761983027071,"/Users/9oy/Documents/Projects/IM3/EvaluationP/Script/Revision/5_UrbanScaling/data/model_evaldfs/unet_los_angeles_model/Evaldf_0.0001.csv",2.21499516651502,3.06913108089765
"unet_los_angeles_model","1","U-Net baseline","LALegacy","Los Angeles Model",1e-04,61,7,11,1226,535.381875456236,501382.710268078,909011.341565775,663934.799995464,1244552.3552928,-0.258399948241686,655.994553274368,1453492.31057747,1348535.49462251,982392.460978863,1851142.03588733,0.0325503566144324,"/Users/9oy/Documents/Projects/IM3/EvaluationP/Script/Revision/5_UrbanScaling/data/model_evaldfs/unet_los_angeles_model/Evaldf_0.0001.csv",2.21499516651502,3.06913108089765
"unet_los_angeles_model","1","U-Net baseline","LALegacy","Los Angeles Model",1e-04,62,7,12,2081,582.49936358786,613879.372209187,1070735.88937366,781210.220738328,1467563.16591617,-0.241599319474115,792.044902540006,2553495.8108499,1944269.31642137,1412952.67950271,2675378.46781116,0.118378727320311,"/Users/9oy/Documents/Projects/IM3/EvaluationP/Script/Revision/5_UrbanScaling/data/model_evaldfs/unet_los_angeles_model/Evaldf_0.0001.csv",2.21499516651502,3.06913108089765
"unet_los_angeles_model","1","U-Net baseline","LALegacy","Los Angeles Model",1e-04,63,7,13,2157,261.319241116549,163857.01724685,225876.661762641,166505.635982098,306417.653841579,-0.139406315698643,255.966596164736,439550.930781802,216981.561305101,159991.116490936,294272.575746833,0.30658637417387,"/Users/9oy/Documents/Projects/IM3/EvaluationP/Script/Revision/5_UrbanScaling/data/model_evaldfs/unet_los_angeles_model/Evaldf_0.0001.csv",2.21499516651502,3.06913108089765
"unet_los_angeles_model","1","U-Net baseline","LALegacy","Los Angeles Model",1e-04,64,7,14,2805,634.127832057416,481458.148851151,1262641.05042357,920220.029066623,1732479.59385517,-0.41872136311641,724.231158505416,1545285.25060957,1634155.1981685,1188950.72005517,2246067.19745057,-0.0242846403733731,"/Users/9oy/Documents/Projects/IM3/EvaluationP/Script/Revision/5_UrbanScaling/data/model_evaldfs/unet_los_angeles_model/Evaldf_0.0001.csv",2.21499516651502,3.06913108089765
"unet_los_angeles_model","1","U-Net baseline","LALegacy","Los Angeles Model",1e-04,65,7,15,3917,966.526356700849,1395073.97000597,2861595.39822005,2074286.32268351,3947732.83397078,-0.312010993240403,1155.25252711303,4779601.99271333,4045638.63135385,2925852.75204905,5593990.30728401,0.0724046458491493,"/Users/9oy/Documents/Projects/IM3/EvaluationP/Script/Revision/5_UrbanScaling/data/model_evaldfs/unet_los_angeles_model/Evaldf_0.0001.csv",2.21499516651502,3.06913108089765
"unet_los_angeles_model","1","U-Net baseline","LALegacy","Los Angeles Model",1e-04,66,7,16,3141,1473.53057861226,4492539.0599513,6488544.8131656,4677944.73654964,8999938.25568604,-0.159655446708369,1229.96104597647,7213943.35294946,4568969.7683616,3301673.04796849,6322698.95925853,0.198354443268808,"/Users/9oy/Documents/Projects/IM3/EvaluationP/Script/Revision/5_UrbanScaling/data/model_evaldfs/unet_los_angeles_model/Evaldf_0.0001.csv",2.21499516651502,3.06913108089765
"unet_los_angeles_model","1","U-Net baseline","LALegacy","Los Angeles Model",1e-04,67,8,5,180,543.618349372413,378654.217118865,936355.870483088,683772.914240076,1282241.95186577,-0.393198139662799,1244.22591636228,1770535.18860355,4672400.49397937,3375915.04981642,6466787.83499777,-0.421435498583696,"/Users/9oy/Documents/Projects/IM3/EvaluationP/Script/Revision/5_UrbanScaling/data/model_evaldfs/unet_los_angeles_model/Evaldf_0.0001.csv",2.21499516651502,3.06913108089765
"unet_los_angeles_model","1","U-Net baseline","LALegacy","Los Angeles Model",1e-04,68,8,6,1595,763.915681469595,893688.71494897,1812464.94179854,1317778.89899853,2492853.0633973,-0.307083340922567,1195.48231173973,5477007.77771436,4323612.85040426,3125512.24516207,5980980.59257855,0.102696558697917,"/Users/9oy/Documents/Projects/IM3/EvaluationP/Script/Revision/5_UrbanScaling/data/model_evaldfs/unet_los_angeles_model/Evaldf_0.0001.csv",2.21499516651502,3.06913108089765
"unet_los_angeles_model","1","U-Net baseline","LALegacy","Los Angeles Model",1e-04,69,8,7,2014,872.706793607955,1709182.76048541,2347042.19725576,1703534.90086436,3233633.23692643,-0.13773239411339,928.312433080921,7649795.89366982,2646047.70595034,1919036.35277941,3648481.41205059,0.461052177900682,"/Users/9oy/Documents/Projects/IM3/EvaluationP/Script/Revision/5_UrbanScaling/data/model_evaldfs/unet_los_angeles_model/Evaldf_0.0001.csv",2.21499516651502,3.06913108089765
"unet_los_angeles_model","1","U-Net baseline","LALegacy","Los Angeles Model",1e-04,70,8,8,1604,692.097033575478,841197.71197934,1496338.95280605,1089315.62889428,2055446.74316063,-0.250131898915727,946.876299027523,10406212.2773141,2749736.04161591,1993728.76030616,3792415.72329049,0.57800167473335,"/Users/9oy/Documents/Projects/IM3/EvaluationP/Script/Revision/5_UrbanScaling/data/model_evaldfs/unet_los_angeles_model/Evaldf_0.0001.csv",2.21499516651502,3.06913108089765
"unet_los_angeles_model","1","U-Net baseline","LALegacy","Los Angeles Model",1e-04,71,8,9,1141,651.364324036332,458808.676106098,1330118.84913137,969064.322740614,1825695.27253986,-0.462258826048574,844.450768536356,3342836.78021573,2201770.28594474,1598769.17359882,3032202.81709387,0.181343165538517,"/Users/9oy/Documents/Projects/IM3/EvaluationP/Script/Revision/5_UrbanScaling/data/model_evaldfs/unet_los_angeles_model/Evaldf_0.0001.csv",2.21499516651502,3.06913108089765
"unet_los_angeles_model","1","U-Net baseline","LALegacy","Los Angeles Model",1e-04,72,8,10,1749,1650.8978871972,3885724.54280434,8090430.15498879,5824320.91971176,11238230.3439405,-0.31849960253388,1909.30696942455,8171242.01270831,10729390.8508537,7709699.48477834,14931817.8040103,-0.118286992626641,"/Users/9oy/Documents/Projects/IM3/EvaluationP/Script/Revision/5_UrbanScaling/data/model_evaldfs/unet_los_angeles_model/Evaldf_0.0001.csv",2.21499516651502,3.06913108089765
"unet_los_angeles_model","1","U-Net baseline","LALegacy","Los Angeles Model",1e-04,73,8,11,1656,754.8190409634,559839.399524781,1770801.50978211,1287685.04075427,2435174.6644582,-0.500106424264216,978.77751534797,1770610.36496054,2932429.99363894,2125288.32441319,4046107.80044048,-0.21910465072734,"/Users/9oy/Documents/Projects/IM3/EvaluationP/Script/Revision/5_UrbanScaling/data/model_evaldfs/unet_los_angeles_model/Evaldf_0.0001.csv",2.21499516651502,3.06913108089765
"unet_los_angeles_model","1","U-Net baseline","LALegacy","Los Angeles Model",1e-04,74,8,12,1418,710.291678423118,720717.391411487,1573648.93716048,1145214.4893193,2162364.34355474,-0.339142850749484,936.440919742935,1880688.50229895,2691211.47580185,1951572.63583312,3711170.71150967,-0.155630956548689,"/Users/9oy/Documents/Projects/IM3/EvaluationP/Script/Revision/5_UrbanScaling/data/model_evaldfs/unet_los_angeles_model/Evaldf_0.0001.csv",2.21499516651502,3.06913108089765
"unet_los_angeles_model","1","U-Net baseline","LALegacy","Los Angeles Model",1e-04,75,8,13,180,325.09218220743,184411.165549256,345123.235689402,253695.941586402,469499.224417657,-0.272186986731694,592.693337638552,538871.484006976,1107411.96381441,807789.080407869,1518170.13542704,-0.312824008842993,"/Users/9oy/Documents/Projects/IM3/EvaluationP/Script/Revision/5_UrbanScaling/data/model_evaldfs/unet_los_angeles_model/Evaldf_0.0001.csv",2.21499516651502,3.06913108089765
"unet_los_angeles_model","1","U-Net baseline","LALegacy","Los Angeles Model",1e-04,76,8,14,4417,680.223504423256,673917.178143109,1446906.52397039,1053563.63131708,1987102.08560533,-0.331833948164997,1216.17159755223,4068648.38380041,4470053.69319648,3230661.23518302,6184919.60792899,-0.0408625804419245,"/Users/9oy/Documents/Projects/IM3/EvaluationP/Script/Revision/5_UrbanScaling/data/model_evaldfs/unet_los_angeles_model/Evaldf_0.0001.csv",2.21499516651502,3.06913108089765
"unet_los_angeles_model","1","U-Net baseline","LALegacy","Los Angeles Model",1e-04,77,8,15,2931,510.193452541811,284224.644508595,827828.52904446,605013.927562057,1132701.3185653,-0.464278657232154,788.600225938371,809308.014211478,1927887.71544455,1401126.17812614,2652688.31700281,-0.376967894971413,"/Users/9oy/Documents/Projects/IM3/EvaluationP/Script/Revision/5_UrbanScaling/data/model_evaldfs/unet_los_angeles_model/Evaldf_0.0001.csv",2.21499516651502,3.06913108089765
"unet_los_angeles_model","1","U-Net baseline","LALegacy","Los Angeles Model",1e-04,78,8,16,35,397.007417664461,120709.297277456,508701.634326283,372981.694097711,693807.114025384,-0.624722411272363,305.374695354039,236294.989904333,305648.663041884,224859.319892721,415464.679266407,-0.111767986946383,"/Users/9oy/Documents/Projects/IM3/EvaluationP/Script/Revision/5_UrbanScaling/data/model_evaldfs/unet_los_angeles_model/Evaldf_0.0001.csv",2.21499516651502,3.06913108089765
"unet_los_angeles_model","1","U-Net baseline","LALegacy","Los Angeles Model",1e-04,79,9,5,861,377.844035553874,145281.205606506,462117.4868354,339041.451055166,629871.571674929,-0.50254296766781,522.963589678479,1610113.25376242,868526.80653533,634556.48632796,1188765.42896229,0.26807319773064,"/Users/9oy/Documents/Projects/IM3/EvaluationP/Script/Revision/5_UrbanScaling/data/model_evaldfs/unet_los_angeles_model/Evaldf_0.0001.csv",2.21499516651502,3.06913108089765
"unet_los_angeles_model","1","U-Net baseline","LALegacy","Los Angeles Model",1e-04,80,9,6,1697,585.187786026714,1551960.22631497,1080350.19412557,788178.205377681,1480828.23653805,0.157316032646621,787.79014517315,3831196.41517572,1924045.0343419,1398351.90426909,2647366.0048475,0.299119184718498,"/Users/9oy/Documents/Projects/IM3/EvaluationP/Script/Revision/5_UrbanScaling/data/model_evaldfs/unet_los_angeles_model/Evaldf_0.0001.csv",2.21499516651502,3.06913108089765
"unet_los_angeles_model","1","U-Net baseline","LALegacy","Los Angeles Model",1e-04,81,9,7,2248,509.545359185214,890306.165689695,825788.320533321,603532.707144692,1129891.29214791,0.0326706448565395,597.335393158405,4586798.08781329,1124311.64063128,820034.169707593,1541492.67427448,0.610622915600731,"/Users/9oy/Documents/Projects/IM3/EvaluationP/Script/Revision/5_UrbanScaling/data/model_evaldfs/unet_los_angeles_model/Evaldf_0.0001.csv",2.21499516651502,3.06913108089765
"unet_los_angeles_model","1","U-Net baseline","LALegacy","Los Angeles Model",1e-04,82,9,8,1464,789.476546743163,951477.277707651,1932048.79711773,1404130.284175,2658451.70958426,-0.307619669718765,1163.00822556604,7105420.11457003,4098530.89560854,2963850.28846924,5667612.6886738,0.238961547847324,"/Users/9oy/Documents/Projects/IM3/EvaluationP/Script/Revision/5_UrbanScaling/data/model_evaldfs/unet_los_angeles_model/Evaldf_0.0001.csv",2.21499516651502,3.06913108089765
"unet_los_angeles_model","1","U-Net baseline","LALegacy","Los Angeles Model",1e-04,83,9,9,1423,720.147472646812,953205.793675719,1616314.76347253,1176056.10627426,2221385.01784202,-0.229339266443997,767.090833342516,1898132.83409414,1827118.00996751,1328361.84368034,2513140.70652499,0.0165600032268059,"/Users/9oy/Documents/Projects/IM3/EvaluationP/Script/Revision/5_UrbanScaling/data/model_evaldfs/unet_los_angeles_model/Evaldf_0.0001.csv",2.21499516651502,3.06913108089765
"unet_los_angeles_model","1","U-Net baseline","LALegacy","Los Angeles Model",1e-04,84,9,10,1692,798.539587998476,583937.165135572,1975338.404689,1435380.83048979,2718415.71947694,-0.529275390263862,957.598877366374,2446849.68883005,2810507.01471514,2037496.72390109,3876791.35239997,-0.0601773823320428,"/Users/9oy/Documents/Projects/IM3/EvaluationP/Script/Revision/5_UrbanScaling/data/model_evaldfs/unet_los_angeles_model/Evaldf_0.0001.csv",2.21499516651502,3.06913108089765
"unet_los_angeles_model","1","U-Net baseline","LALegacy","Los Angeles Model",1e-04,85,9,11,1663,958.053468664438,1198698.20677598,2813097.6745471,2039362.4071847,3880388.54627451,-0.370474956082878,1255.1810252176,7194605.82769646,4752594.95675978,3433470.69359092,6578520.9307832,0.180076202326128,"/Users/9oy/Documents/Projects/IM3/EvaluationP/Script/Revision/5_UrbanScaling/data/model_evaldfs/unet_los_angeles_model/Evaldf_0.0001.csv",2.21499516651502,3.06913108089765
"unet_los_angeles_model","1","U-Net baseline","LALegacy","Los Angeles Model",1e-04,86,9,12,2144,672.063173654299,403977.222437304,1413400.09100006,1029325.52786659,1940785.26487095,-0.543908236088689,803.426761161533,1377410.66346724,1998874.96506018,1452369.84486769,2751021.81449406,-0.161722187864502,"/Users/9oy/Documents/Projects/IM3/EvaluationP/Script/Revision/5_UrbanScaling/data/model_evaldfs/unet_los_angeles_model/Evaldf_0.0001.csv",2.21499516651502,3.06913108089765
"unet_los_angeles_model","1","U-Net baseline","LALegacy","Los Angeles Model",1e-04,87,9,13,1169,440.470992033699,135491.902763924,622374.451436484,455718.378676526,849976.599420432,-0.662138414716143,678.42266324901,581185.791516377,1439479.51476671,1048191.35609349,1976834.9179634,-0.393890500429934,"/Users/9oy/Documents/Projects/IM3/EvaluationP/Script/Revision/5_UrbanScaling/data/model_evaldfs/unet_los_angeles_model/Evaldf_0.0001.csv",2.21499516651502,3.06913108089765
"unet_los_angeles_model","1","U-Net baseline","LALegacy","Los Angeles Model",1e-04,88,9,14,89,279.426797929949,111565.388279642,257250.678907988,189469.945372695,349279.204511546,-0.36282704833388,483.14763940328,389491.767438766,744764.648601189,544688.129624864,1018333.88986844,-0.281520771443482,"/Users/9oy/Documents/Projects/IM3/EvaluationP/Script/Revision/5_UrbanScaling/data/model_evaldfs/unet_los_angeles_model/Evaldf_0.0001.csv",2.21499516651502,3.06913108089765
"unet_los_angeles_model","1","U-Net baseline","LALegacy","Los Angeles Model",1e-04,89,10,5,11,198.58788000308,19230.8312411496,132566.249345607,98066.8072124329,179202.433168781,-0.838434912338454,0,0,0,0,0,NA,"/Users/9oy/Documents/Projects/IM3/EvaluationP/Script/Revision/5_UrbanScaling/data/model_evaldfs/unet_los_angeles_model/Evaldf_0.0001.csv",2.21499516651502,3.06913108089765
"unet_los_angeles_model","1","U-Net baseline","LALegacy","Los Angeles Model",1e-04,90,10,6,540,331.302139429513,240029.857456785,358036.411622841,263124.295820774,487184.475488637,-0.173661928592767,392.633466133176,678205.569726434,497878.042451059,365097.756239843,678948.421123842,0.134238378748734,"/Users/9oy/Documents/Projects/IM3/EvaluationP/Script/Revision/5_UrbanScaling/data/model_evaldfs/unet_los_angeles_model/Evaldf_0.0001.csv",2.21499516651502,3.06913108089765
"unet_los_angeles_model","1","U-Net baseline","LALegacy","Los Angeles Model",1e-04,91,10,7,2166,468.060736855718,586153.391883769,700281.399827857,512363.798197013,957120.781504355,-0.0772613087529802,65.9979350819489,244861.16653676,15619.7714371839,11719.5134518941,20818.0365807281,1.19524523958022,"/Users/9oy/Documents/Projects/IM3/EvaluationP/Script/Revision/5_UrbanScaling/data/model_evaldfs/unet_los_angeles_model/Evaldf_0.0001.csv",2.21499516651502,3.06913108089765
"unet_los_angeles_model","1","U-Net baseline","LALegacy","Los Angeles Model",1e-04,92,10,8,310,366.892032081929,404210.267079836,436469.352659269,320345.220667193,594688.116195489,-0.0333464139345574,422.343926117569,857660.806415707,573615.783010418,420242.85052389,782964.103038202,0.174694471624493,"/Users/9oy/Documents/Projects/IM3/EvaluationP/Script/Revision/5_UrbanScaling/data/model_evaldfs/unet_los_angeles_model/Evaldf_0.0001.csv",2.21499516651502,3.06913108089765
"unet_los_angeles_model","1","U-Net baseline","LALegacy","Los Angeles Model",1e-04,93,10,9,1581,551.184402415092,1140765.34862826,961820.783344874,702243.940662324,1317347.38558461,0.074102163556127,557.114142758181,1693581.74777007,982009.888885921,716885.845389827,1345184.07368659,0.236690303341977,"/Users/9oy/Documents/Projects/IM3/EvaluationP/Script/Revision/5_UrbanScaling/data/model_evaldfs/unet_los_angeles_model/Evaldf_0.0001.csv",2.21499516651502,3.06913108089765
"unet_los_angeles_model","1","U-Net baseline","LALegacy","Los Angeles Model",1e-04,94,10,10,1043,774.626831198807,370877.52141189,1862125.00334855,1353642.82089304,2561613.35514508,-0.70077831966804,989.426300230363,1500713.71006978,2994681.88988178,2170103.91310894,4132576.12569253,-0.3000528460982,"/Users/9oy/Documents/Projects/IM3/EvaluationP/Script/Revision/5_UrbanScaling/data/model_evaldfs/unet_los_angeles_model/Evaldf_0.0001.csv",2.21499516651502,3.06913108089765
"unet_los_angeles_model","1","U-Net baseline","LALegacy","Los Angeles Model",1e-04,95,10,11,2489,808.092784879678,1257091.98234485,2021472.59077158,1468679.87747718,2782329.55861021,-0.206300800597968,1029.82299084122,5302846.27341038,3236597.50207388,2344203.31175646,4468709.40668613,0.214420342728336,"/Users/9oy/Documents/Projects/IM3/EvaluationP/Script/Revision/5_UrbanScaling/data/model_evaldfs/unet_los_angeles_model/Evaldf_0.0001.csv",2.21499516651502,3.06913108089765
"unet_los_angeles_model","1","U-Net baseline","LALegacy","Los Angeles Model",1e-04,96,10,12,1490,538.060970373069,275439.978943478,917862.629596363,670356.725527687,1256751.47981305,-0.522750711597827,550.153533001823,879606.67503288,958331.713744386,699713.330180622,1312537.05475524,-0.0372273439322629,"/Users/9oy/Documents/Projects/IM3/EvaluationP/Script/Revision/5_UrbanScaling/data/model_evaldfs/unet_los_angeles_model/Evaldf_0.0001.csv",2.21499516651502,3.06913108089765
"unet_los_angeles_model","1","U-Net baseline","LALegacy","Los Angeles Model",1e-04,97,10,13,323,353.478518846696,220576.743339645,406025.060089108,298143.346587052,552943.244608778,-0.264993118916614,288.264149193542,303228.778749071,273279.985250615,201195.338396449,371191.255889926,0.0451625912416359,"/Users/9oy/Documents/Projects/IM3/EvaluationP/Script/Revision/5_UrbanScaling/data/model_evaldfs/unet_los_angeles_model/Evaldf_0.0001.csv",2.21499516651502,3.06913108089765
"unet_los_angeles_model","1","U-Net baseline","LALegacy","Los Angeles Model",1e-04,98,11,9,1483,445.94856296794,303573.668646302,637487.340352415,466710.316725014,870754.501338874,-0.322207465633258,723.861362016473,1292791.54934371,1632535.75502897,1187780.26621617,2243826.62959899,-0.101334197199452,"/Users/9oy/Documents/Projects/IM3/EvaluationP/Script/Revision/5_UrbanScaling/data/model_evaldfs/unet_los_angeles_model/Evaldf_0.0001.csv",2.21499516651502,3.06913108089765
"unet_los_angeles_model","1","U-Net baseline","LALegacy","Los Angeles Model",1e-04,99,11,10,1600,799.881992718337,553064.665502773,1981789.94176146,1440037.77165551,2727353.02543609,-0.55428170698015,848.991217894146,1925273.24509007,2224810.43194923,1615388.00988572,3064143.98758619,-0.0628006366135237,"/Users/9oy/Documents/Projects/IM3/EvaluationP/Script/Revision/5_UrbanScaling/data/model_evaldfs/unet_los_angeles_model/Evaldf_0.0001.csv",2.21499516651502,3.06913108089765
"unet_los_angeles_model","1","U-Net baseline","LALegacy","Los Angeles Model",1e-04,100,11,11,2218,736.629928111393,820346.664841131,1688903.41874258,1228515.57332858,2321822.22168499,-0.313607398024116,934.015168190648,5985965.28678542,2677694.63671249,1941835.3958356,3692408.00886394,0.349373145273413,"/Users/9oy/Documents/Projects/IM3/EvaluationP/Script/Revision/5_UrbanScaling/data/model_evaldfs/unet_los_angeles_model/Evaldf_0.0001.csv",2.21499516651502,3.06913108089765
"unet_los_angeles_model","1","U-Net baseline","LALegacy","Los Angeles Model",1e-04,101,11,12,4341,545.481161386525,370893.449005086,942594.753894214,688298.605050636,1290842.17743479,-0.405075855755361,956.38611475605,1304734.19120053,2803601.29250715,2032523.46016503,3867202.69723703,-0.332194208094181,"/Users/9oy/Documents/Projects/IM3/EvaluationP/Script/Revision/5_UrbanScaling/data/model_evaldfs/unet_los_angeles_model/Evaldf_0.0001.csv",2.21499516651502,3.06913108089765
"unet_los_angeles_model","1","U-Net baseline","LALegacy","Los Angeles Model",1e-04,102,11,13,855,414.990235457022,224496.45885138,554385.902260282,406246.295382301,756545.307904209,-0.392602682920207,1039.40080721279,1207289.01423203,3295289.69524865,2386429.08640227,4550285.71244187,-0.436082351498042,"/Users/9oy/Documents/Projects/IM3/EvaluationP/Script/Revision/5_UrbanScaling/data/model_evaldfs/unet_los_angeles_model/Evaldf_0.0001.csv",2.21499516651502,3.06913108089765
"unet_los_angeles_model","1","U-Net baseline","LALegacy","Los Angeles Model",1e-04,103,12,9,156,847.96749367089,155426.602241068,2219605.47120529,1611633.77645276,3056928.01912365,-1.15475043359502,2165.45513946649,14098777.8418376,13699737.5852217,9828161.73001036,19096430.7527466,0.0124692188547669,"/Users/9oy/Documents/Projects/IM3/EvaluationP/Script/Revision/5_UrbanScaling/data/model_evaldfs/unet_los_angeles_model/Evaldf_0.0001.csv",2.21499516651502,3.06913108089765
"unet_los_angeles_model","1","U-Net baseline","LALegacy","Los Angeles Model",1e-04,104,12,10,1485,616.533606927113,365244.796711998,1195520.92263806,871617.492401542,1639790.72118818,-0.514973143364386,994.441513579448,2088964.40383936,3024219.99222827,2191366.44145338,4173608.93567729,-0.160682340439566,"/Users/9oy/Documents/Projects/IM3/EvaluationP/Script/Revision/5_UrbanScaling/data/model_evaldfs/unet_los_angeles_model/Evaldf_0.0001.csv",2.21499516651502,3.06913108089765
"unet_los_angeles_model","1","U-Net baseline","LALegacy","Los Angeles Model",1e-04,105,12,11,2575,675.740540233896,671177.618268043,1428452.29220886,1040214.55306137,1961591.42852944,-0.328028274627853,1067.68940591525,3583007.32768692,3471624.46064977,2513262.57324267,4795430.65817906,0.0137149566589502,"/Users/9oy/Documents/Projects/IM3/EvaluationP/Script/Revision/5_UrbanScaling/data/model_evaldfs/unet_los_angeles_model/Evaldf_0.0001.csv",2.21499516651502,3.06913108089765
"unet_los_angeles_model","1","U-Net baseline","LALegacy","Los Angeles Model",1e-04,106,12,12,5417,579.595486609257,315713.896673671,1060397.90058394,773717.282728623,1453300.49187648,-0.52617516072036,982.226450640545,2295147.61792145,2952522.75017013,2139753.92633128,4074015.4664507,-0.109382629219541,"/Users/9oy/Documents/Projects/IM3/EvaluationP/Script/Revision/5_UrbanScaling/data/model_evaldfs/unet_los_angeles_model/Evaldf_0.0001.csv",2.21499516651502,3.06913108089765
"unet_los_angeles_model","1","U-Net baseline","LALegacy","Los Angeles Model",1e-04,107,12,13,1890,442.4750216828,283124.461524707,627883.272694969,459725.268442401,857550.000385806,-0.345901519893659,1137.45602827051,1321323.88637679,3925529.84829224,2839554.92875699,5426830.95641995,-0.472888997857899,"/Users/9oy/Documents/Projects/IM3/EvaluationP/Script/Revision/5_UrbanScaling/data/model_evaldfs/unet_los_angeles_model/Evaldf_0.0001.csv",2.21499516651502,3.06913108089765
"unet_los_angeles_model","1","U-Net baseline","LALegacy","Los Angeles Model",2e-04,1,1,4,376,405.196028547894,246609.577620265,529268.108881008,387959.338631984,722046.624953664,-0.331665786949223,673.284322352117,776669.807421671,1418389.92386548,1032935.34472159,1947682.38535336,-0.261559214866573,"/Users/9oy/Documents/Projects/IM3/EvaluationP/Script/Revision/5_UrbanScaling/data/model_evaldfs/unet_los_angeles_model/Evaldf_0.0002.csv",2.15197405342484,3.06913108089765
"unet_los_angeles_model","1","U-Net baseline","LALegacy","Los Angeles Model",2e-04,2,1,5,2873,395.439046066436,187305.86270427,504807.630287099,370145.418575214,688461.15825771,-0.430574539673217,919.540035845735,1253510.86855836,2597722.15738253,1884218.23128624,3581411.2690915,-0.31646459485402,"/Users/9oy/Documents/Projects/IM3/EvaluationP/Script/Revision/5_UrbanScaling/data/model_evaldfs/unet_los_angeles_model/Evaldf_0.0002.csv",2.15197405342484,3.06913108089765
"unet_los_angeles_model","1","U-Net baseline","LALegacy","Los Angeles Model",2e-04,3,1,6,1631,317.982999056323,236235.688743591,330622.713819109,243105.823602766,449645.250258287,-0.145987178104438,382.277176224914,608163.144087705,472701.090539566,346754.354811977,644393.698006926,0.109433493246531,"/Users/9oy/Documents/Projects/IM3/EvaluationP/Script/Revision/5_UrbanScaling/data/model_evaldfs/unet_los_angeles_model/Evaldf_0.0002.csv",2.15197405342484,3.06913108089765
"unet_los_angeles_model","1","U-Net baseline","LALegacy","Los Angeles Model",2e-04,4,1,7,540,466.494052717625,431477.345404501,695738.237158324,509061.699253042,950870.386348912,-0.207487874312902,820.132858823158,1685056.64388418,2080351.65564922,1511170.72044647,2863914.01885011,-0.0915222484036353,"/Users/9oy/Documents/Projects/IM3/EvaluationP/Script/Revision/5_UrbanScaling/data/model_evaldfs/unet_los_angeles_model/Evaldf_0.0002.csv",2.15197405342484,3.06913108089765
"unet_los_angeles_model","1","U-Net baseline","LALegacy","Los Angeles Model",2e-04,5,2,3,348,305.82419939303,160495.594062962,306522.67025616,225498.047830064,416660.579925608,-0.280999485614748,583.114429750892,488822.873437225,1072931.80534022,782801.751128536,1470592.85093704,-0.341420599838488,"/Users/9oy/Documents/Projects/IM3/EvaluationP/Script/Revision/5_UrbanScaling/data/model_evaldfs/unet_los_angeles_model/Evaldf_0.0002.csv",2.15197405342484,3.06913108089765
"unet_los_angeles_model","1","U-Net baseline","LALegacy","Los Angeles Model",2e-04,6,2,4,1396,630.873504532352,488285.803003744,1250092.16337456,911134.548093804,1715147.80138662,-0.408267935384995,1088.67011100457,3302729.19463101,3605282.68065437,2609371.29047683,4981300.76576843,-0.0380663568426028,"/Users/9oy/Documents/Projects/IM3/EvaluationP/Script/Revision/5_UrbanScaling/data/model_evaldfs/unet_los_angeles_model/Evaldf_0.0002.csv",2.15197405342484,3.06913108089765
"unet_los_angeles_model","1","U-Net baseline","LALegacy","Los Angeles Model",2e-04,7,2,5,1481,856.264703287853,669756.013893654,2261961.46645765,1642182.62358147,3115652.06102392,-0.528568580320403,1117.40056776099,2449083.63757663,3792279.82981508,2743794.69148165,5241422.16335305,-0.189896759372848,"/Users/9oy/Documents/Projects/IM3/EvaluationP/Script/Revision/5_UrbanScaling/data/model_evaldfs/unet_los_angeles_model/Evaldf_0.0002.csv",2.15197405342484,3.06913108089765
"unet_los_angeles_model","1","U-Net baseline","LALegacy","Los Angeles Model",2e-04,8,2,6,1384,720.5567749856,898923.274904451,1618098.60425216,1177345.46336051,2223852.87459258,-0.25528235795229,816.481194901174,1445455.32557506,2062407.48376139,1498221.92901256,2839048.43915773,-0.154369802362713,"/Users/9oy/Documents/Projects/IM3/EvaluationP/Script/Revision/5_UrbanScaling/data/model_evaldfs/unet_los_angeles_model/Evaldf_0.0002.csv",2.15197405342484,3.06913108089765
"unet_los_angeles_model","1","U-Net baseline","LALegacy","Los Angeles Model",2e-04,9,2,7,2309,316.242693504854,305748.077259659,327119.027097474,240546.531642393,444848.891225251,-0.029342071295123,391.641129620083,866225.085654845,495438.159967142,363320.382495047,675599.229159609,0.242641302575761,"/Users/9oy/Documents/Projects/IM3/EvaluationP/Script/Revision/5_UrbanScaling/data/model_evaldfs/unet_los_angeles_model/Evaldf_0.0002.csv",2.15197405342484,3.06913108089765
"unet_los_angeles_model","1","U-Net baseline","LALegacy","Los Angeles Model",2e-04,10,2,8,427,394.280648509443,267819.698236432,501940.839584804,368057.241911364,684525.605676772,-0.272810016402441,714.296708224943,1037885.38753054,1590919.99554161,1157699.78488831,2186254.55861023,-0.185498942791545,"/Users/9oy/Documents/Projects/IM3/EvaluationP/Script/Revision/5_UrbanScaling/data/model_evaldfs/unet_los_angeles_model/Evaldf_0.0002.csv",2.15197405342484,3.06913108089765
"unet_los_angeles_model","1","U-Net baseline","LALegacy","Los Angeles Model",2e-04,11,3,3,527,264.152694083751,114527.098374186,230655.445337776,170004.776310087,312943.763220677,-0.304055454237207,748.711936674946,967507.682325204,1743094.06972155,1267669.12896712,2396821.74667618,-0.255666403209717,"/Users/9oy/Documents/Projects/IM3/EvaluationP/Script/Revision/5_UrbanScaling/data/model_evaldfs/unet_los_angeles_model/Evaldf_0.0002.csv",2.15197405342484,3.06913108089765
"unet_los_angeles_model","1","U-Net baseline","LALegacy","Los Angeles Model",2e-04,12,3,4,702,615.36331427831,704781.519041688,1191119.45071433,868429.710530161,1633713.73487888,-0.227900809259604,1298.66393956768,7280178.78945513,5077422.95427707,3666535.42661807,7031221.80941227,0.156498702951587,"/Users/9oy/Documents/Projects/IM3/EvaluationP/Script/Revision/5_UrbanScaling/data/model_evaldfs/unet_los_angeles_model/Evaldf_0.0002.csv",2.15197405342484,3.06913108089765
"unet_los_angeles_model","1","U-Net baseline","LALegacy","Los Angeles Model",2e-04,13,3,5,1135,575.28960924555,334939.024007008,1045158.2383739,762670.746079697,1432276.96729655,-0.494216297721564,896.596957145314,1312205.57855719,2473376.0037758,1794608.04622819,3408871.85305538,-0.275288263296267,"/Users/9oy/Documents/Projects/IM3/EvaluationP/Script/Revision/5_UrbanScaling/data/model_evaldfs/unet_los_angeles_model/Evaldf_0.0002.csv",2.15197405342484,3.06913108089765
"unet_los_angeles_model","1","U-Net baseline","LALegacy","Los Angeles Model",2e-04,14,3,6,1243,939.755104384741,844946.325499257,2709732.20554732,1964914.04580105,3736880.31874541,-0.506097251378476,1255.7773463723,2394884.38474863,4756979.18300034,3436617.07075511,6584629.73371849,-0.298046698619346,"/Users/9oy/Documents/Projects/IM3/EvaluationP/Script/Revision/5_UrbanScaling/data/model_evaldfs/unet_los_angeles_model/Evaldf_0.0002.csv",2.15197405342484,3.06913108089765
"unet_los_angeles_model","1","U-Net baseline","LALegacy","Los Angeles Model",2e-04,15,3,7,1433,687.7565616591,662098.10067826,1478175.13184771,1076179.5700111,2030331.90863347,-0.348803549581165,872.297067332883,2967360.04739782,2344903.53803191,1701992.88215146,3230667.21390981,0.102245263132542,"/Users/9oy/Documents/Projects/IM3/EvaluationP/Script/Revision/5_UrbanScaling/data/model_evaldfs/unet_los_angeles_model/Evaldf_0.0002.csv",2.15197405342484,3.06913108089765
"unet_los_angeles_model","1","U-Net baseline","LALegacy","Los Angeles Model",2e-04,16,3,8,487,556.379907641551,422989.053973744,979498.993819803,715064.95840264,1341721.85005013,-0.364674865271883,774.987524175917,1375231.96846462,1863808.60891756,1354858.58947204,2563944.7228429,-0.132025354055256,"/Users/9oy/Documents/Projects/IM3/EvaluationP/Script/Revision/5_UrbanScaling/data/model_evaldfs/unet_los_angeles_model/Evaldf_0.0002.csv",2.15197405342484,3.06913108089765
"unet_los_angeles_model","1","U-Net baseline","LALegacy","Los Angeles Model",2e-04,17,3,9,431,375.91850831449,181007.185417725,457556.721645737,335717.390366474,623614.264648775,-0.402749124309499,610.900175449458,638713.709103656,1174405.84728948,856324.110665345,1610639.09910945,-0.264511967114479,"/Users/9oy/Documents/Projects/IM3/EvaluationP/Script/Revision/5_UrbanScaling/data/model_evaldfs/unet_los_angeles_model/Evaldf_0.0002.csv",2.15197405342484,3.06913108089765
"unet_los_angeles_model","1","U-Net baseline","LALegacy","Los Angeles Model",2e-04,18,3,10,15,296.592969274934,88622.8991037696,288816.53315708,212555.932421554,392437.83447757,-0.513076097658823,258.818089714603,85810.7424537562,221698.646556791,163445.99164498,300712.727124395,-0.412221382206662,"/Users/9oy/Documents/Projects/IM3/EvaluationP/Script/Revision/5_UrbanScaling/data/model_evaldfs/unet_los_angeles_model/Evaldf_0.0002.csv",2.15197405342484,3.06913108089765
"unet_los_angeles_model","1","U-Net baseline","LALegacy","Los Angeles Model",2e-04,19,4,1,473,264.870558453773,126347.469471362,231873.866312815,170896.856321339,314607.834434109,-0.263685255443542,212.961918125678,245472.609263059,151827.239056222,112214.478096018,205423.675363093,0.208653344432248,"/Users/9oy/Documents/Projects/IM3/EvaluationP/Script/Revision/5_UrbanScaling/data/model_evaldfs/unet_los_angeles_model/Evaldf_0.0002.csv",2.15197405342484,3.06913108089765
"unet_los_angeles_model","1","U-Net baseline","LALegacy","Los Angeles Model",2e-04,20,4,2,320,343.120076605985,173831.471110286,383245.75400357,281524.091635283,521721.985172218,-0.343348946430829,327.102391751645,530926.127937993,349278.150543033,256729.838541717,475189.121528382,0.181862679622629,"/Users/9oy/Documents/Projects/IM3/EvaluationP/Script/Revision/5_UrbanScaling/data/model_evaldfs/unet_los_angeles_model/Evaldf_0.0002.csv",2.15197405342484,3.06913108089765
"unet_los_angeles_model","1","U-Net baseline","LALegacy","Los Angeles Model",2e-04,21,4,3,205,422.518907619129,414976.655845342,574077.231110066,420578.679027895,783598.132080165,-0.14094665580651,206.671442565237,238371.35404411,143242.265694176,105910.167704249,193733.492505626,0.221182881725673,"/Users/9oy/Documents/Projects/IM3/EvaluationP/Script/Revision/5_UrbanScaling/data/model_evaldfs/unet_los_angeles_model/Evaldf_0.0002.csv",2.15197405342484,3.06913108089765
"unet_los_angeles_model","1","U-Net baseline","LALegacy","Los Angeles Model",2e-04,22,4,4,152,241.713259932449,108024.60989024,194141.319488344,143255.288060755,263102.692004575,-0.254595270379456,635.537942798549,629591.243380593,1268097.39493246,924170.273477401,1740015.93557404,-0.304093931330306,"/Users/9oy/Documents/Projects/IM3/EvaluationP/Script/Revision/5_UrbanScaling/data/model_evaldfs/unet_los_angeles_model/Evaldf_0.0002.csv",2.15197405342484,3.06913108089765
"unet_los_angeles_model","1","U-Net baseline","LALegacy","Los Angeles Model",2e-04,23,4,5,951,345.957042104899,183951.062627769,389421.123301844,286030.12834581,530184.74714778,-0.325717204224713,653.161070196998,1517233.25313809,1337250.79172562,974225.858165118,1835549.39030137,0.0548394888559319,"/Users/9oy/Documents/Projects/IM3/EvaluationP/Script/Revision/5_UrbanScaling/data/model_evaldfs/unet_los_angeles_model/Evaldf_0.0002.csv",2.15197405342484,3.06913108089765
"unet_los_angeles_model","1","U-Net baseline","LALegacy","Los Angeles Model",2e-04,24,4,6,1767,459.305936532493,521708.16861611,675077.58284904,494043.138026951,922449.291949164,-0.111926049991244,909.228821760083,3567706.25197583,2541471.90571006,1843685.02842345,3503352.98488417,0.147303776199519,"/Users/9oy/Documents/Projects/IM3/EvaluationP/Script/Revision/5_UrbanScaling/data/model_evaldfs/unet_los_angeles_model/Evaldf_0.0002.csv",2.15197405342484,3.06913108089765
"unet_los_angeles_model","1","U-Net baseline","LALegacy","Los Angeles Model",2e-04,25,4,7,1023,899.259042514746,1346613.86914487,2487652.19943151,1804897.68878557,3428678.25904323,-0.266546578144512,1820.67345309369,10780574.6070688,9783620.28431818,7034401.66373083,13607301.7213742,0.0421423206693129,"/Users/9oy/Documents/Projects/IM3/EvaluationP/Script/Revision/5_UrbanScaling/data/model_evaldfs/unet_los_angeles_model/Evaldf_0.0002.csv",2.15197405342484,3.06913108089765
"unet_los_angeles_model","1","U-Net baseline","LALegacy","Los Angeles Model",2e-04,26,4,8,713,787.778466344187,955579.725467677,1923989.66209271,1398311.92728211,2647289.31193105,-0.303935807422849,1421.17684778826,5989638.3714483,6048498.67269786,4362718.5142456,8385674.22449303,-0.0042469873294891,"/Users/9oy/Documents/Projects/IM3/EvaluationP/Script/Revision/5_UrbanScaling/data/model_evaldfs/unet_los_angeles_model/Evaldf_0.0002.csv",2.15197405342484,3.06913108089765
"unet_los_angeles_model","1","U-Net baseline","LALegacy","Los Angeles Model",2e-04,27,4,9,855,557.896806372728,623031.829360852,984689.828926968,718829.288854906,1348879.45472675,-0.198789217621312,879.806135614649,2591752.48512071,2384248.89851585,1730360.24197177,3285236.60691389,0.0362419329645811,"/Users/9oy/Documents/Projects/IM3/EvaluationP/Script/Revision/5_UrbanScaling/data/model_evaldfs/unet_los_angeles_model/Evaldf_0.0002.csv",2.15197405342484,3.06913108089765
"unet_los_angeles_model","1","U-Net baseline","LALegacy","Los Angeles Model",2e-04,28,4,10,784,527.128608739311,268710.53718591,882005.399822349,644338.450142923,1207336.80435062,-0.516186546838133,758.082984722014,1172112.03772333,1785696.62233466,1298444.44217099,2455794.27463673,-0.182838550931053,"/Users/9oy/Documents/Projects/IM3/EvaluationP/Script/Revision/5_UrbanScaling/data/model_evaldfs/unet_los_angeles_model/Evaldf_0.0002.csv",2.15197405342484,3.06913108089765
"unet_los_angeles_model","1","U-Net baseline","LALegacy","Los Angeles Model",2e-04,29,4,11,184,445.077054856115,111736.130012665,635071.046301603,464953.009551577,867432.247055651,-0.754628687681388,512.875978477372,356728.374502348,836299.123907189,611163.442319268,1144368.55384189,-0.370023986931484,"/Users/9oy/Documents/Projects/IM3/EvaluationP/Script/Revision/5_UrbanScaling/data/model_evaldfs/unet_los_angeles_model/Evaldf_0.0002.csv",2.15197405342484,3.06913108089765
"unet_los_angeles_model","1","U-Net baseline","LALegacy","Los Angeles Model",2e-04,30,5,4,126,626.095616346443,1022746.58731825,1231778.47035808,897874.222934113,1689856.06366942,-0.0807645699766919,640.13877311343,1627828.24099768,1285979.37177063,937115.550609631,1764716.14791128,0.102374576551417,"/Users/9oy/Documents/Projects/IM3/EvaluationP/Script/Revision/5_UrbanScaling/data/model_evaldfs/unet_los_angeles_model/Evaldf_0.0002.csv",2.15197405342484,3.06913108089765
"unet_los_angeles_model","1","U-Net baseline","LALegacy","Los Angeles Model",2e-04,31,5,5,844,740.171162023826,475713.993735429,1704700.71245819,1239930.20108445,2343683.95617259,-0.554302215726215,1317.30296865282,3739732.93605641,5219847.22637173,3768693.62502469,7229774.4995077,-0.144817203106626,"/Users/9oy/Documents/Projects/IM3/EvaluationP/Script/Revision/5_UrbanScaling/data/model_evaldfs/unet_los_angeles_model/Evaldf_0.0002.csv",2.15197405342484,3.06913108089765
"unet_los_angeles_model","1","U-Net baseline","LALegacy","Los Angeles Model",2e-04,32,5,6,829,1056.8923033114,1049073.63667023,3403795.69878276,2464480.0926053,4701123.45147985,-0.511157511850626,2222.15039587044,14548170.1666346,14404620.708431,10330413.032276,20085653.6041179,0.00430654500264713,"/Users/9oy/Documents/Projects/IM3/EvaluationP/Script/Revision/5_UrbanScaling/data/model_evaldfs/unet_los_angeles_model/Evaldf_0.0002.csv",2.15197405342484,3.06913108089765
"unet_los_angeles_model","1","U-Net baseline","LALegacy","Los Angeles Model",2e-04,33,5,7,705,1169.57427172263,1118788.24026075,4143570.32649196,2996203.82932764,5730309.42772593,-0.568626821484993,1887.66308965929,5185850.92273785,10494534.7539303,7542046.02670868,14602835.7970011,-0.30614316212242,"/Users/9oy/Documents/Projects/IM3/EvaluationP/Script/Revision/5_UrbanScaling/data/model_evaldfs/unet_los_angeles_model/Evaldf_0.0002.csv",2.15197405342484,3.06913108089765
"unet_los_angeles_model","1","U-Net baseline","LALegacy","Los Angeles Model",2e-04,34,5,8,1213,716.959860207856,1377929.3581532,1602455.01152713,1166037.97949741,2202211.3422714,-0.0655588923554806,2444.8747159892,39575884.8140339,17339350.2093309,12419833.7359809,24207495.2107302,0.358397815043498,"/Users/9oy/Documents/Projects/IM3/EvaluationP/Script/Revision/5_UrbanScaling/data/model_evaldfs/unet_los_angeles_model/Evaldf_0.0002.csv",2.15197405342484,3.06913108089765
"unet_los_angeles_model","1","U-Net baseline","LALegacy","Los Angeles Model",2e-04,35,5,9,967,774.905085904858,611956.844210694,1863423.7469984,1354580.67286377,2563411.78524019,-0.483590829368653,1132.46179488706,1900084.45796615,3892139.16971136,2815560.73839382,5380366.01726563,-0.311415455181887,"/Users/9oy/Documents/Projects/IM3/EvaluationP/Script/Revision/5_UrbanScaling/data/model_evaldfs/unet_los_angeles_model/Evaldf_0.0002.csv",2.15197405342484,3.06913108089765
"unet_los_angeles_model","1","U-Net baseline","LALegacy","Los Angeles Model",2e-04,36,5,10,1355,764.281061305513,312095.772546279,1814148.2270778,1318994.65363092,2495183.57087325,-0.764384882682108,1023.95525762421,1215529.80873862,3200893.1335787,2318513.52767522,4419088.66620445,-0.420505561219109,"/Users/9oy/Documents/Projects/IM3/EvaluationP/Script/Revision/5_UrbanScaling/data/model_evaldfs/unet_los_angeles_model/Evaldf_0.0002.csv",2.15197405342484,3.06913108089765
"unet_los_angeles_model","1","U-Net baseline","LALegacy","Los Angeles Model",2e-04,37,5,11,3149,372.692790908031,564413.078555844,449965.512104504,330184.138252875,613200.146908347,0.0984178403805703,527.458914235081,2451388.1358492,883078.62220764,645117.288597722,1208815.61660708,0.443412708500555,"/Users/9oy/Documents/Projects/IM3/EvaluationP/Script/Revision/5_UrbanScaling/data/model_evaldfs/unet_los_angeles_model/Evaldf_0.0002.csv",2.15197405342484,3.06913108089765
"unet_los_angeles_model","1","U-Net baseline","LALegacy","Los Angeles Model",2e-04,38,5,12,2408,440.357493111637,488924.945034602,622063.161761526,455491.952397653,849548.658727832,-0.104592287815589,629.473575385321,1272769.37688923,1244712.64764082,907239.557048012,1707718.27921415,0.00968061506597652,"/Users/9oy/Documents/Projects/IM3/EvaluationP/Script/Revision/5_UrbanScaling/data/model_evaldfs/unet_los_angeles_model/Evaldf_0.0002.csv",2.15197405342484,3.06913108089765
"unet_los_angeles_model","1","U-Net baseline","LALegacy","Los Angeles Model",2e-04,39,5,13,627,476.409339444685,125206.971712304,724732.853604453,530133.39364949,990765.183603824,-0.762549437493861,529.765267232991,245348.627639153,890590.0150762,650568.138290938,1219166.03084353,-0.559894188602199,"/Users/9oy/Documents/Projects/IM3/EvaluationP/Script/Revision/5_UrbanScaling/data/model_evaldfs/unet_los_angeles_model/Evaldf_0.0002.csv",2.15197405342484,3.06913108089765
"unet_los_angeles_model","1","U-Net baseline","LALegacy","Los Angeles Model",2e-04,40,5,14,372,254.916161080069,89300.8565292455,215256.278591952,158727.365895159,291917.308725838,-0.382100203361031,389.763262602793,376776.019954145,490836.908872074,359968.365309771,669283.454682939,-0.114853958230867,"/Users/9oy/Documents/Projects/IM3/EvaluationP/Script/Revision/5_UrbanScaling/data/model_evaldfs/unet_los_angeles_model/Evaldf_0.0002.csv",2.15197405342484,3.06913108089765
"unet_los_angeles_model","1","U-Net baseline","LALegacy","Los Angeles Model",2e-04,41,5,15,221,273.773326244665,76837.9488107655,247242.894506801,182146.844955497,335603.116809609,-0.507548056443061,464.215407895675,439048.294986287,689156.084555248,504277.351466182,941815.267924777,-0.195805299948753,"/Users/9oy/Documents/Projects/IM3/EvaluationP/Script/Revision/5_UrbanScaling/data/model_evaldfs/unet_los_angeles_model/Evaldf_0.0002.csv",2.15197405342484,3.06913108089765
"unet_los_angeles_model","1","U-Net baseline","LALegacy","Los Angeles Model",2e-04,42,5,16,74,546.933713876817,80050.8025940863,947473.545037815,691837.54571187,1297567.79479614,-1.0732014020802,512.885626498752,173133.206799764,836329.664860772,611185.613808974,1144410.62178657,-0.683997128440116,"/Users/9oy/Documents/Projects/IM3/EvaluationP/Script/Revision/5_UrbanScaling/data/model_evaldfs/unet_los_angeles_model/Evaldf_0.0002.csv",2.15197405342484,3.06913108089765
"unet_los_angeles_model","1","U-Net baseline","LALegacy","Los Angeles Model",2e-04,43,6,5,1020,508.953088323901,497271.468838831,823925.976956373,602180.598061048,1127326.28332654,-0.219294653507805,1038.68675336805,18703882.5606851,3290896.38093141,2383268.5140759,4544179.10783618,0.754617558883984,"/Users/9oy/Documents/Projects/IM3/EvaluationP/Script/Revision/5_UrbanScaling/data/model_evaldfs/unet_los_angeles_model/Evaldf_0.0002.csv",2.15197405342484,3.06913108089765
"unet_los_angeles_model","1","U-Net baseline","LALegacy","Los Angeles Model",2e-04,44,6,6,1894,842.05503642056,1419246.44153867,2189660.21111722,1590033.72703494,3015415.18184698,-0.188318912767404,1669.87340621542,9407703.01028866,8271931.05964477,5954109.68112573,11492036.1095161,0.0558766925558535,"/Users/9oy/Documents/Projects/IM3/EvaluationP/Script/Revision/5_UrbanScaling/data/model_evaldfs/unet_los_angeles_model/Evaldf_0.0002.csv",2.15197405342484,3.06913108089765
"unet_los_angeles_model","1","U-Net baseline","LALegacy","Los Angeles Model",2e-04,45,6,7,794,615.950345443369,544942.627012595,1193326.29160134,870028.032705396,1636760.63838877,-0.340408428168885,910.179821480569,2772965.39190108,2546634.8501144,1847405.62476457,3510517.11269078,0.0369777713802011,"/Users/9oy/Documents/Projects/IM3/EvaluationP/Script/Revision/5_UrbanScaling/data/model_evaldfs/unet_los_angeles_model/Evaldf_0.0002.csv",2.15197405342484,3.06913108089765
"unet_los_angeles_model","1","U-Net baseline","LALegacy","Los Angeles Model",2e-04,46,6,8,842,992.597926357177,1872903.01016359,3013345.47670541,2183538.75674077,4158502.30912984,-0.206533638249412,1504.48706738476,6679005.85108356,6755785.34507676,4869312.30077867,9373117.35405745,-0.00496401813919723,"/Users/9oy/Documents/Projects/IM3/EvaluationP/Script/Revision/5_UrbanScaling/data/model_evaldfs/unet_los_angeles_model/Evaldf_0.0002.csv",2.15197405342484,3.06913108089765
"unet_los_angeles_model","1","U-Net baseline","LALegacy","Los Angeles Model",2e-04,47,6,9,1391,686.224943985456,1249636.38830494,1471791.36121422,1071562.57985927,2021505.65133518,-0.0710625864866071,727.689718266758,2253482.5107051,1649338.894412,1199924.37648653,2267075.19400974,0.13554429130599,"/Users/9oy/Documents/Projects/IM3/EvaluationP/Script/Revision/5_UrbanScaling/data/model_evaldfs/unet_los_angeles_model/Evaldf_0.0002.csv",2.15197405342484,3.06913108089765
"unet_los_angeles_model","1","U-Net baseline","LALegacy","Los Angeles Model",2e-04,48,6,10,2337,388.192205876443,536951.510536009,487003.416137973,357175.502343861,664021.820571907,0.0424030608295336,432.907072112222,1157303.49963683,601794.369339094,440747.180968937,821687.531096796,0.283999146446125,"/Users/9oy/Documents/Projects/IM3/EvaluationP/Script/Revision/5_UrbanScaling/data/model_evaldfs/unet_los_angeles_model/Evaldf_0.0002.csv",2.15197405342484,3.06913108089765
"unet_los_angeles_model","1","U-Net baseline","LALegacy","Los Angeles Model",2e-04,49,6,11,1784,700.056909343144,808346.883887366,1529928.52270853,1113604.80516981,2101895.81953195,-0.277073372844038,790.747009849885,1867973.02927979,1938089.13062028,1408491.04585597,2666818.14504952,-0.0160031445265159,"/Users/9oy/Documents/Projects/IM3/EvaluationP/Script/Revision/5_UrbanScaling/data/model_evaldfs/unet_los_angeles_model/Evaldf_0.0002.csv",2.15197405342484,3.06913108089765
"unet_los_angeles_model","1","U-Net baseline","LALegacy","Los Angeles Model",2e-04,50,6,12,1799,559.65846894923,213894.987246871,990734.941912303,723212.965772822,1357215.33155464,-0.665756873507562,697.966707392815,606519.087996735,1521073.15705145,1107201.68880575,2089649.58461906,-0.399305628977548,"/Users/9oy/Documents/Projects/IM3/EvaluationP/Script/Revision/5_UrbanScaling/data/model_evaldfs/unet_los_angeles_model/Evaldf_0.0002.csv",2.15197405342484,3.06913108089765
"unet_los_angeles_model","1","U-Net baseline","LALegacy","Los Angeles Model",2e-04,51,6,13,2220,602.606405291359,905285.773875964,1143651.49946577,834045.861401848,1568185.65112469,-0.101508008026989,826.698205302608,3231376.39946596,2112803.12238609,1534586.32726044,2908886.22859913,0.184528518743143,"/Users/9oy/Documents/Projects/IM3/EvaluationP/Script/Revision/5_UrbanScaling/data/model_evaldfs/unet_los_angeles_model/Evaldf_0.0002.csv",2.15197405342484,3.06913108089765
"unet_los_angeles_model","1","U-Net baseline","LALegacy","Los Angeles Model",2e-04,52,6,14,2343,517.737983253375,258136.415500048,851758.390499238,622385.56006179,1165663.86230719,-0.518467145290003,614.676786264456,1032449.41655927,1188541.08163993,866562.281267088,1630153.92347827,-0.0611454144209842,"/Users/9oy/Documents/Projects/IM3/EvaluationP/Script/Revision/5_UrbanScaling/data/model_evaldfs/unet_los_angeles_model/Evaldf_0.0002.csv",2.15197405342484,3.06913108089765
"unet_los_angeles_model","1","U-Net baseline","LALegacy","Los Angeles Model",2e-04,53,6,15,2667,576.229466437067,391648.630297145,1048475.52031872,765075.382810626,1436853.07540436,-0.427661683029849,625.389577303888,895042.157953957,1229083.3305036,895922.653737882,1686134.20703145,-0.137737836794611,"/Users/9oy/Documents/Projects/IM3/EvaluationP/Script/Revision/5_UrbanScaling/data/model_evaldfs/unet_los_angeles_model/Evaldf_0.0002.csv",2.15197405342484,3.06913108089765
"unet_los_angeles_model","1","U-Net baseline","LALegacy","Los Angeles Model",2e-04,54,6,16,2060,591.849772917831,390925.133183706,1104354.24349097,805573.40006077,1513950.55376023,-0.451014811499196,681.054275436625,803461.307266405,1450339.02710266,1056046.44676685,1991847.32828467,-0.256504566496438,"/Users/9oy/Documents/Projects/IM3/EvaluationP/Script/Revision/5_UrbanScaling/data/model_evaldfs/unet_los_angeles_model/Evaldf_0.0002.csv",2.15197405342484,3.06913108089765
"unet_los_angeles_model","1","U-Net baseline","LALegacy","Los Angeles Model",2e-04,55,7,5,256,801.354991451584,357655.479725103,1988880.84419159,1445156.11299679,2737176.265469,-0.745143881533065,832.259801957495,1396697.43707579,2140483.72060941,1554557.5948064,2947250.44186252,-0.185409592946458,"/Users/9oy/Documents/Projects/IM3/EvaluationP/Script/Revision/5_UrbanScaling/data/model_evaldfs/unet_los_angeles_model/Evaldf_0.0002.csv",2.15197405342484,3.06913108089765
"unet_los_angeles_model","1","U-Net baseline","LALegacy","Los Angeles Model",2e-04,56,7,6,1440,818.719679908126,1113369.66821056,2073398.39451815,1506153.22793808,2854278.58377715,-0.270043372368737,1298.05081345611,6011821.84378054,5072770.40408238,3663197.92461287,7024736.33751409,0.0737608956917206,"/Users/9oy/Documents/Projects/IM3/EvaluationP/Script/Revision/5_UrbanScaling/data/model_evaldfs/unet_los_angeles_model/Evaldf_0.0002.csv",2.15197405342484,3.06913108089765
"unet_los_angeles_model","1","U-Net baseline","LALegacy","Los Angeles Model",2e-04,57,7,7,1468,902.375081179327,1351849.92151514,2504413.45452437,1816977.95238062,3451933.32862677,-0.267777548131549,1181.37426202109,6830594.79169797,4225111.45029169,3054772.02534888,5843829.46395065,0.208620353355097,"/Users/9oy/Documents/Projects/IM3/EvaluationP/Script/Revision/5_UrbanScaling/data/model_evaldfs/unet_los_angeles_model/Evaldf_0.0002.csv",2.15197405342484,3.06913108089765
"unet_los_angeles_model","1","U-Net baseline","LALegacy","Los Angeles Model",2e-04,58,7,8,1181,811.862331656334,1159816.57614978,2039818.50298009,1481920.31097722,2807748.49651406,-0.245202215493385,1050.11801577532,7428508.19374722,3361570.14880052,2434108.21426945,4642420.4967807,0.34435942824005,"/Users/9oy/Documents/Projects/IM3/EvaluationP/Script/Revision/5_UrbanScaling/data/model_evaldfs/unet_los_angeles_model/Evaldf_0.0002.csv",2.15197405342484,3.06913108089765
"unet_los_angeles_model","1","U-Net baseline","LALegacy","Los Angeles Model",2e-04,59,7,9,1236,672.757253732984,1044222.60239942,1416235.18095554,1031376.53985621,1944704.00505311,-0.132342289208672,1201.43129069522,7251579.66513516,4365478.04666436,3155575.10387965,6039279.03743383,0.220400813890621,"/Users/9oy/Documents/Projects/IM3/EvaluationP/Script/Revision/5_UrbanScaling/data/model_evaldfs/unet_los_angeles_model/Evaldf_0.0002.csv",2.15197405342484,3.06913108089765
"unet_los_angeles_model","1","U-Net baseline","LALegacy","Los Angeles Model",2e-04,60,7,10,1155,718.97060992109,956251.498530157,1611191.02037504,1172352.62106136,2214296.66936472,-0.226574904030011,1109.84690137856,4906835.70819768,3742671.2992855,2708137.83234758,5172406.03014391,0.11761983027071,"/Users/9oy/Documents/Projects/IM3/EvaluationP/Script/Revision/5_UrbanScaling/data/model_evaldfs/unet_los_angeles_model/Evaldf_0.0002.csv",2.15197405342484,3.06913108089765
"unet_los_angeles_model","1","U-Net baseline","LALegacy","Los Angeles Model",2e-04,61,7,11,1226,566.896748908289,861736.22948535,1015761.19794895,741359.145977637,1391728.7145599,-0.0714172666467669,655.994553274368,1453492.31057747,1348535.49462251,982392.460978863,1851142.03588733,0.0325503566144324,"/Users/9oy/Documents/Projects/IM3/EvaluationP/Script/Revision/5_UrbanScaling/data/model_evaldfs/unet_los_angeles_model/Evaldf_0.0002.csv",2.15197405342484,3.06913108089765
"unet_los_angeles_model","1","U-Net baseline","LALegacy","Los Angeles Model",2e-04,62,7,12,2081,526.146694917417,695283.342255957,878818.720884553,642025.837373296,1202945.89285837,-0.101737475238438,792.044902540006,2553495.8108499,1944269.31642137,1412952.67950271,2675378.46781116,0.118378727320311,"/Users/9oy/Documents/Projects/IM3/EvaluationP/Script/Revision/5_UrbanScaling/data/model_evaldfs/unet_los_angeles_model/Evaldf_0.0002.csv",2.15197405342484,3.06913108089765
"unet_los_angeles_model","1","U-Net baseline","LALegacy","Los Angeles Model",2e-04,63,7,13,2157,293.885486681832,201417.868867222,283720.316984331,208829.947143257,385467.790280428,-0.148792439852595,255.966596164736,439550.930781802,216981.561305101,159991.116490936,294272.575746833,0.30658637417387,"/Users/9oy/Documents/Projects/IM3/EvaluationP/Script/Revision/5_UrbanScaling/data/model_evaldfs/unet_los_angeles_model/Evaldf_0.0002.csv",2.15197405342484,3.06913108089765
"unet_los_angeles_model","1","U-Net baseline","LALegacy","Los Angeles Model",2e-04,64,7,14,2805,574.648416526906,500509.116406432,1042898.03547187,761032.337605804,1429159.12852373,-0.318829857126565,724.231158505416,1545285.25060957,1634155.1981685,1188950.72005517,2246067.19745057,-0.0242846403733731,"/Users/9oy/Documents/Projects/IM3/EvaluationP/Script/Revision/5_UrbanScaling/data/model_evaldfs/unet_los_angeles_model/Evaldf_0.0002.csv",2.15197405342484,3.06913108089765
"unet_los_angeles_model","1","U-Net baseline","LALegacy","Los Angeles Model",2e-04,65,7,15,3917,795.849967308639,1147673.37078372,1962442.90260182,1426072.11194888,2700552.17664218,-0.232978724858948,1155.25252711303,4779601.99271333,4045638.63135385,2925852.75204905,5593990.30728401,0.0724046458491493,"/Users/9oy/Documents/Projects/IM3/EvaluationP/Script/Revision/5_UrbanScaling/data/model_evaldfs/unet_los_angeles_model/Evaldf_0.0002.csv",2.15197405342484,3.06913108089765
"unet_los_angeles_model","1","U-Net baseline","LALegacy","Los Angeles Model",2e-04,66,7,16,3141,1628.12025765303,5792098.70570671,7875141.54794594,5670346.02349361,10937225.7254195,-0.133422414293359,1229.96104597647,7213943.35294946,4568969.7683616,3301673.04796849,6322698.95925853,0.198354443268808,"/Users/9oy/Documents/Projects/IM3/EvaluationP/Script/Revision/5_UrbanScaling/data/model_evaldfs/unet_los_angeles_model/Evaldf_0.0002.csv",2.15197405342484,3.06913108089765
"unet_los_angeles_model","1","U-Net baseline","LALegacy","Los Angeles Model",2e-04,67,8,5,180,517.302672099993,456016.956722376,850368.676283178,621376.800786537,1163749.41048374,-0.27062626242556,1244.22591636228,1770535.18860355,4672400.49397937,3375915.04981642,6466787.83499777,-0.421435498583696,"/Users/9oy/Documents/Projects/IM3/EvaluationP/Script/Revision/5_UrbanScaling/data/model_evaldfs/unet_los_angeles_model/Evaldf_0.0002.csv",2.15197405342484,3.06913108089765
"unet_los_angeles_model","1","U-Net baseline","LALegacy","Los Angeles Model",2e-04,68,8,6,1595,796.58867645974,1123050.22910703,1965980.59600965,1428625.86364551,2705452.70265771,-0.243180046301683,1195.48231173973,5477007.77771436,4323612.85040426,3125512.24516207,5980980.59257855,0.102696558697917,"/Users/9oy/Documents/Projects/IM3/EvaluationP/Script/Revision/5_UrbanScaling/data/model_evaldfs/unet_los_angeles_model/Evaldf_0.0002.csv",2.15197405342484,3.06913108089765
"unet_los_angeles_model","1","U-Net baseline","LALegacy","Los Angeles Model",2e-04,69,8,7,2014,907.476170171253,2264932.1456612,2531970.13122432,1836837.59023072,3490168.52633492,-0.0484033824920524,928.312433080921,7649795.89366982,2646047.70595034,1919036.35277941,3648481.41205059,0.461052177900682,"/Users/9oy/Documents/Projects/IM3/EvaluationP/Script/Revision/5_UrbanScaling/data/model_evaldfs/unet_los_angeles_model/Evaldf_0.0002.csv",2.15197405342484,3.06913108089765
"unet_los_angeles_model","1","U-Net baseline","LALegacy","Los Angeles Model",2e-04,70,8,8,1604,656.944906011323,815829.919638676,1352330.69048451,985138.896453981,1856386.24462915,-0.219483275715748,946.876299027523,10406212.2773141,2749736.04161591,1993728.76030616,3792415.72329049,0.57800167473335,"/Users/9oy/Documents/Projects/IM3/EvaluationP/Script/Revision/5_UrbanScaling/data/model_evaldfs/unet_los_angeles_model/Evaldf_0.0002.csv",2.15197405342484,3.06913108089765
"unet_los_angeles_model","1","U-Net baseline","LALegacy","Los Angeles Model",2e-04,71,8,9,1141,711.593757261959,1159873.81147502,1579253.91805007,1149266.44431469,2170117.25176027,-0.134041220321938,844.450768536356,3342836.78021573,2201770.28594474,1598769.17359882,3032202.81709387,0.181343165538517,"/Users/9oy/Documents/Projects/IM3/EvaluationP/Script/Revision/5_UrbanScaling/data/model_evaldfs/unet_los_angeles_model/Evaldf_0.0002.csv",2.15197405342484,3.06913108089765
"unet_los_angeles_model","1","U-Net baseline","LALegacy","Los Angeles Model",2e-04,72,8,10,1749,1578.18456907253,3518782.27230789,7413020.74417137,5339741.08016647,10291299.8455352,-0.323602820107786,1909.30696942455,8171242.01270831,10729390.8508537,7709699.48477834,14931817.8040103,-0.118286992626641,"/Users/9oy/Documents/Projects/IM3/EvaluationP/Script/Revision/5_UrbanScaling/data/model_evaldfs/unet_los_angeles_model/Evaldf_0.0002.csv",2.15197405342484,3.06913108089765
"unet_los_angeles_model","1","U-Net baseline","LALegacy","Los Angeles Model",2e-04,73,8,11,1656,775.146735221161,931206.115656746,1864551.99254545,1355395.40081258,2564974.12549945,-0.301528678528595,978.77751534797,1770610.36496054,2932429.99363894,2125288.32441319,4046107.80044048,-0.21910465072734,"/Users/9oy/Documents/Projects/IM3/EvaluationP/Script/Revision/5_UrbanScaling/data/model_evaldfs/unet_los_angeles_model/Evaldf_0.0002.csv",2.15197405342484,3.06913108089765
"unet_los_angeles_model","1","U-Net baseline","LALegacy","Los Angeles Model",2e-04,74,8,12,1418,687.203903200504,783820.549637699,1475870.11079834,1074512.50476928,2027144.93715048,-0.274831492228785,936.440919742935,1880688.50229895,2691211.47580185,1951572.63583312,3711170.71150967,-0.155630956548689,"/Users/9oy/Documents/Projects/IM3/EvaluationP/Script/Revision/5_UrbanScaling/data/model_evaldfs/unet_los_angeles_model/Evaldf_0.0002.csv",2.15197405342484,3.06913108089765
"unet_los_angeles_model","1","U-Net baseline","LALegacy","Los Angeles Model",2e-04,75,8,13,180,270.865303984661,198242.022531852,242170.131302486,178434.154709736,328672.347457612,-0.0869248573714419,592.693337638552,538871.484006976,1107411.96381441,807789.080407869,1518170.13542704,-0.312824008842993,"/Users/9oy/Documents/Projects/IM3/EvaluationP/Script/Revision/5_UrbanScaling/data/model_evaldfs/unet_los_angeles_model/Evaldf_0.0002.csv",2.15197405342484,3.06913108089765
"unet_los_angeles_model","1","U-Net baseline","LALegacy","Los Angeles Model",2e-04,76,8,14,4417,832.471621878755,1153867.55742495,2141541.42191075,1555320.68140041,2948716.43938414,-0.26857051624548,1216.17159755223,4068648.38380041,4470053.69319648,3230661.23518302,6184919.60792899,-0.0408625804419245,"/Users/9oy/Documents/Projects/IM3/EvaluationP/Script/Revision/5_UrbanScaling/data/model_evaldfs/unet_los_angeles_model/Evaldf_0.0002.csv",2.15197405342484,3.06913108089765
"unet_los_angeles_model","1","U-Net baseline","LALegacy","Los Angeles Model",2e-04,77,8,15,2931,531.249141531937,354325.162590566,895439.044006334,654086.808315444,1225848.11578143,-0.402634032005954,788.600225938371,809308.014211478,1927887.71544455,1401126.17812614,2652688.31700281,-0.376967894971413,"/Users/9oy/Documents/Projects/IM3/EvaluationP/Script/Revision/5_UrbanScaling/data/model_evaldfs/unet_los_angeles_model/Evaldf_0.0002.csv",2.15197405342484,3.06913108089765
"unet_los_angeles_model","1","U-Net baseline","LALegacy","Los Angeles Model",2e-04,78,8,16,35,266.087817479319,114160.094245886,233947.015621758,172414.663665358,317439.392652563,-0.311603190782034,305.374695354039,236294.989904333,305648.663041884,224859.319892721,415464.679266407,-0.111767986946383,"/Users/9oy/Documents/Projects/IM3/EvaluationP/Script/Revision/5_UrbanScaling/data/model_evaldfs/unet_los_angeles_model/Evaldf_0.0002.csv",2.15197405342484,3.06913108089765
"unet_los_angeles_model","1","U-Net baseline","LALegacy","Los Angeles Model",2e-04,79,9,5,861,366.221620940194,140114.884507555,434922.409921069,319217.347047564,592566.489262144,-0.491927512648492,522.963589678479,1610113.25376242,868526.80653533,634556.48632796,1188765.42896229,0.26807319773064,"/Users/9oy/Documents/Projects/IM3/EvaluationP/Script/Revision/5_UrbanScaling/data/model_evaldfs/unet_los_angeles_model/Evaldf_0.0002.csv",2.15197405342484,3.06913108089765
"unet_los_angeles_model","1","U-Net baseline","LALegacy","Los Angeles Model",2e-04,80,9,6,1697,512.247842017651,1156505.38382639,834311.912459929,609720.79613524,1141631.33631767,0.141819214297398,787.79014517315,3831196.41517572,1924045.0343419,1398351.90426909,2647366.0048475,0.299119184718498,"/Users/9oy/Documents/Projects/IM3/EvaluationP/Script/Revision/5_UrbanScaling/data/model_evaldfs/unet_los_angeles_model/Evaldf_0.0002.csv",2.15197405342484,3.06913108089765
"unet_los_angeles_model","1","U-Net baseline","LALegacy","Los Angeles Model",2e-04,81,9,7,2248,384.818034816547,638917.26720345,478819.467204955,351212.658193245,652789.917521392,0.125272826354072,597.335393158405,4586798.08781329,1124311.64063128,820034.169707593,1541492.67427448,0.610622915600731,"/Users/9oy/Documents/Projects/IM3/EvaluationP/Script/Revision/5_UrbanScaling/data/model_evaldfs/unet_los_angeles_model/Evaldf_0.0002.csv",2.15197405342484,3.06913108089765
"unet_los_angeles_model","1","U-Net baseline","LALegacy","Los Angeles Model",2e-04,82,9,8,1464,769.934859415721,1109591.1934299,1840291.52560709,1337875.72560728,2531380.7810393,-0.219723625050942,1163.00822556604,7105420.11457003,4098530.89560854,2963850.28846924,5667612.6886738,0.238961547847324,"/Users/9oy/Documents/Projects/IM3/EvaluationP/Script/Revision/5_UrbanScaling/data/model_evaldfs/unet_los_angeles_model/Evaldf_0.0002.csv",2.15197405342484,3.06913108089765
"unet_los_angeles_model","1","U-Net baseline","LALegacy","Los Angeles Model",2e-04,83,9,9,1423,633.318264056658,713769.79095941,1259513.62763129,917955.809478254,1728160.07242286,-0.246644707555443,767.090833342516,1898132.83409414,1827118.00996751,1328361.84368034,2513140.70652499,0.0165600032268059,"/Users/9oy/Documents/Projects/IM3/EvaluationP/Script/Revision/5_UrbanScaling/data/model_evaldfs/unet_los_angeles_model/Evaldf_0.0002.csv",2.15197405342484,3.06913108089765
"unet_los_angeles_model","1","U-Net baseline","LALegacy","Los Angeles Model",2e-04,84,9,10,1692,744.068794942661,689144.512929443,1722170.31478339,1252552.37171046,2367861.54424105,-0.397765796398241,957.598877366374,2446849.68883005,2810507.01471514,2037496.72390109,3876791.35239997,-0.0601773823320428,"/Users/9oy/Documents/Projects/IM3/EvaluationP/Script/Revision/5_UrbanScaling/data/model_evaldfs/unet_los_angeles_model/Evaldf_0.0002.csv",2.15197405342484,3.06913108089765
"unet_los_angeles_model","1","U-Net baseline","LALegacy","Los Angeles Model",2e-04,85,9,11,1663,934.255194696163,1664187.48324756,2679030.64777177,1942797.84391064,3694262.49581043,-0.206775430657044,1255.1810252176,7194605.82769646,4752594.95675978,3433470.69359092,6578520.9307832,0.180076202326128,"/Users/9oy/Documents/Projects/IM3/EvaluationP/Script/Revision/5_UrbanScaling/data/model_evaldfs/unet_los_angeles_model/Evaldf_0.0002.csv",2.15197405342484,3.06913108089765
"unet_los_angeles_model","1","U-Net baseline","LALegacy","Los Angeles Model",2e-04,86,9,12,2144,676.853681541293,680138.267790646,1433023.8460187,1043521.54422814,1967910.82524049,-0.32365620627778,803.426761161533,1377410.66346724,1998874.96506018,1452369.84486769,2751021.81449406,-0.161722187864502,"/Users/9oy/Documents/Projects/IM3/EvaluationP/Script/Revision/5_UrbanScaling/data/model_evaldfs/unet_los_angeles_model/Evaldf_0.0002.csv",2.15197405342484,3.06913108089765
"unet_los_angeles_model","1","U-Net baseline","LALegacy","Los Angeles Model",2e-04,87,9,13,1169,424.17131758008,157459.825792634,578443.714031422,423756.390060972,789597.84005693,-0.565091339321567,678.42266324901,581185.791516377,1439479.51476671,1048191.35609349,1976834.9179634,-0.393890500429934,"/Users/9oy/Documents/Projects/IM3/EvaluationP/Script/Revision/5_UrbanScaling/data/model_evaldfs/unet_los_angeles_model/Evaldf_0.0002.csv",2.15197405342484,3.06913108089765
"unet_los_angeles_model","1","U-Net baseline","LALegacy","Los Angeles Model",2e-04,88,9,14,89,240.269894429218,60276.9423020736,191897.114003551,141610.202134614,260041.309226341,-0.502917229770886,483.14763940328,389491.767438766,744764.648601189,544688.129624864,1018333.88986844,-0.281520771443482,"/Users/9oy/Documents/Projects/IM3/EvaluationP/Script/Revision/5_UrbanScaling/data/model_evaldfs/unet_los_angeles_model/Evaldf_0.0002.csv",2.15197405342484,3.06913108089765
"unet_los_angeles_model","1","U-Net baseline","LALegacy","Los Angeles Model",2e-04,89,10,5,11,147.025637812129,32377.7241222605,73956.8373860691,54921.7762867065,99589.1641886566,-0.358732012869038,0,0,0,0,0,NA,"/Users/9oy/Documents/Projects/IM3/EvaluationP/Script/Revision/5_UrbanScaling/data/model_evaldfs/unet_los_angeles_model/Evaldf_0.0002.csv",2.15197405342484,3.06913108089765
"unet_los_angeles_model","1","U-Net baseline","LALegacy","Los Angeles Model",2e-04,90,10,6,540,332.031826262773,265472.599421096,359568.841482373,264243.024642209,489283.499309159,-0.131762348494422,392.633466133176,678205.569726434,497878.042451059,365097.756239843,678948.421123842,0.134238378748734,"/Users/9oy/Documents/Projects/IM3/EvaluationP/Script/Revision/5_UrbanScaling/data/model_evaldfs/unet_los_angeles_model/Evaldf_0.0002.csv",2.15197405342484,3.06913108089765
"unet_los_angeles_model","1","U-Net baseline","LALegacy","Los Angeles Model",2e-04,91,10,7,2166,423.021519351348,799992.853119139,575403.681692982,421544.021235144,785420.692092208,0.14311347078526,65.9979350819489,244861.16653676,15619.7714371839,11719.5134518941,20818.0365807281,1.19524523958022,"/Users/9oy/Documents/Projects/IM3/EvaluationP/Script/Revision/5_UrbanScaling/data/model_evaldfs/unet_los_angeles_model/Evaldf_0.0002.csv",2.15197405342484,3.06913108089765
"unet_los_angeles_model","1","U-Net baseline","LALegacy","Los Angeles Model",2e-04,92,10,8,310,324.492443185739,245399.105201565,343888.301173529,252794.152438559,467808.145652255,-0.146544426868754,422.343926117569,857660.806415707,573615.783010418,420242.85052389,782964.103038202,0.174694471624493,"/Users/9oy/Documents/Projects/IM3/EvaluationP/Script/Revision/5_UrbanScaling/data/model_evaldfs/unet_los_angeles_model/Evaldf_0.0002.csv",2.15197405342484,3.06913108089765
"unet_los_angeles_model","1","U-Net baseline","LALegacy","Los Angeles Model",2e-04,93,10,9,1581,521.762348425328,1473692.35002408,864658.120889812,631748.638806024,1183435.3413625,0.231562404355246,557.114142758181,1693581.74777007,982009.888885921,716885.845389827,1345184.07368659,0.236690303341977,"/Users/9oy/Documents/Projects/IM3/EvaluationP/Script/Revision/5_UrbanScaling/data/model_evaldfs/unet_los_angeles_model/Evaldf_0.0002.csv",2.15197405342484,3.06913108089765
"unet_los_angeles_model","1","U-Net baseline","LALegacy","Los Angeles Model",2e-04,94,10,10,1043,835.077035861351,876457.694807918,2154572.01531428,1564721.49720743,2966777.52396218,-0.39063005646189,989.426300230363,1500713.71006978,2994681.88988178,2170103.91310894,4132576.12569253,-0.3000528460982,"/Users/9oy/Documents/Projects/IM3/EvaluationP/Script/Revision/5_UrbanScaling/data/model_evaldfs/unet_los_angeles_model/Evaldf_0.0002.csv",2.15197405342484,3.06913108089765
"unet_los_angeles_model","1","U-Net baseline","LALegacy","Los Angeles Model",2e-04,95,10,11,2489,738.950962659874,1201971.27932683,1699249.40242467,1235991.33527459,2336139.78450675,-0.15036303538629,1029.82299084122,5302846.27341038,3236597.50207388,2344203.31175646,4468709.40668613,0.214420342728336,"/Users/9oy/Documents/Projects/IM3/EvaluationP/Script/Revision/5_UrbanScaling/data/model_evaldfs/unet_los_angeles_model/Evaldf_0.0002.csv",2.15197405342484,3.06913108089765
"unet_los_angeles_model","1","U-Net baseline","LALegacy","Los Angeles Model",2e-04,96,10,12,1490,471.498591375205,259496.259634205,710300.934857244,519645.779489261,970906.409660359,-0.43731128393468,550.153533001823,879606.67503288,958331.713744386,699713.330180622,1312537.05475524,-0.0372273439322629,"/Users/9oy/Documents/Projects/IM3/EvaluationP/Script/Revision/5_UrbanScaling/data/model_evaldfs/unet_los_angeles_model/Evaldf_0.0002.csv",2.15197405342484,3.06913108089765
"unet_los_angeles_model","1","U-Net baseline","LALegacy","Los Angeles Model",2e-04,97,10,13,323,336.397428829428,160846.427900553,368803.402298197,270983.922449036,501933.650961548,-0.360383498395001,288.264149193542,303228.778749071,273279.985250615,201195.338396449,371191.255889926,0.0451625912416359,"/Users/9oy/Documents/Projects/IM3/EvaluationP/Script/Revision/5_UrbanScaling/data/model_evaldfs/unet_los_angeles_model/Evaldf_0.0002.csv",2.15197405342484,3.06913108089765
"unet_los_angeles_model","1","U-Net baseline","LALegacy","Los Angeles Model",2e-04,98,11,9,1483,416.946115210751,276475.963049711,559469.484478385,409946.711458383,763528.759503874,-0.306119023977978,723.861362016473,1292791.54934371,1632535.75502897,1187780.26621617,2243826.62959899,-0.101334197199452,"/Users/9oy/Documents/Projects/IM3/EvaluationP/Script/Revision/5_UrbanScaling/data/model_evaldfs/unet_los_angeles_model/Evaldf_0.0002.csv",2.15197405342484,3.06913108089765
"unet_los_angeles_model","1","U-Net baseline","LALegacy","Los Angeles Model",2e-04,99,11,10,1600,820.362764826758,771083.548257873,2081483.92917983,1511987.76164855,2865483.0795125,-0.431271624943244,848.991217894146,1925273.24509007,2224810.43194923,1615388.00988572,3064143.98758619,-0.0628006366135237,"/Users/9oy/Documents/Projects/IM3/EvaluationP/Script/Revision/5_UrbanScaling/data/model_evaldfs/unet_los_angeles_model/Evaldf_0.0002.csv",2.15197405342484,3.06913108089765
"unet_los_angeles_model","1","U-Net baseline","LALegacy","Los Angeles Model",2e-04,100,11,11,2218,676.892927325856,907146.092816807,1433185.1535691,1043638.23033342,1968133.80797163,-0.198625066287584,934.015168190648,5985965.28678542,2677694.63671249,1941835.3958356,3692408.00886394,0.349373145273413,"/Users/9oy/Documents/Projects/IM3/EvaluationP/Script/Revision/5_UrbanScaling/data/model_evaldfs/unet_los_angeles_model/Evaldf_0.0002.csv",2.15197405342484,3.06913108089765
"unet_los_angeles_model","1","U-Net baseline","LALegacy","Los Angeles Model",2e-04,101,11,12,4341,529.240265545415,523189.897376374,888877.46359986,649325.404878794,1216806.14890343,-0.230182546019688,956.38611475605,1304734.19120053,2803601.29250715,2032523.46016503,3867202.69723703,-0.332194208094181,"/Users/9oy/Documents/Projects/IM3/EvaluationP/Script/Revision/5_UrbanScaling/data/model_evaldfs/unet_los_angeles_model/Evaldf_0.0002.csv",2.15197405342484,3.06913108089765
"unet_los_angeles_model","1","U-Net baseline","LALegacy","Los Angeles Model",2e-04,102,11,13,855,326.393385586649,182366.210654291,347809.949155389,255657.79304904,473178.459724361,-0.280397626810387,1039.40080721279,1207289.01423203,3295289.69524865,2386429.08640227,4550285.71244187,-0.436082351498042,"/Users/9oy/Documents/Projects/IM3/EvaluationP/Script/Revision/5_UrbanScaling/data/model_evaldfs/unet_los_angeles_model/Evaldf_0.0002.csv",2.15197405342484,3.06913108089765
"unet_los_angeles_model","1","U-Net baseline","LALegacy","Los Angeles Model",2e-04,103,12,9,156,475.597890846468,211714.825521687,722338.426566155,528393.470042382,987470.194232751,-0.53298944788889,2165.45513946649,14098777.8418376,13699737.5852217,9828161.73001036,19096430.7527466,0.0124692188547669,"/Users/9oy/Documents/Projects/IM3/EvaluationP/Script/Revision/5_UrbanScaling/data/model_evaldfs/unet_los_angeles_model/Evaldf_0.0002.csv",2.15197405342484,3.06913108089765
"unet_los_angeles_model","1","U-Net baseline","LALegacy","Los Angeles Model",2e-04,104,12,10,1485,601.015792430925,454845.818089264,1137798.53657695,829805.567373112,1560107.04282796,-0.398201164741645,994.441513579448,2088964.40383936,3024219.99222827,2191366.44145338,4173608.93567729,-0.160682340439566,"/Users/9oy/Documents/Projects/IM3/EvaluationP/Script/Revision/5_UrbanScaling/data/model_evaldfs/unet_los_angeles_model/Evaldf_0.0002.csv",2.15197405342484,3.06913108089765
"unet_los_angeles_model","1","U-Net baseline","LALegacy","Los Angeles Model",2e-04,105,12,11,2575,679.558995328473,850779.108094787,1444163.80538132,1051579.72628667,1983310.48482472,-0.229799639472634,1067.68940591525,3583007.32768692,3471624.46064977,2513262.57324267,4795430.65817906,0.0137149566589502,"/Users/9oy/Documents/Projects/IM3/EvaluationP/Script/Revision/5_UrbanScaling/data/model_evaldfs/unet_los_angeles_model/Evaldf_0.0002.csv",2.15197405342484,3.06913108089765
"unet_los_angeles_model","1","U-Net baseline","LALegacy","Los Angeles Model",2e-04,106,12,12,5417,525.825668349033,278635.460568786,877778.082349049,641270.620960381,1201512.02420355,-0.498348346408149,982.226450640545,2295147.61792145,2952522.75017013,2139753.92633128,4074015.4664507,-0.109382629219541,"/Users/9oy/Documents/Projects/IM3/EvaluationP/Script/Revision/5_UrbanScaling/data/model_evaldfs/unet_los_angeles_model/Evaldf_0.0002.csv",2.15197405342484,3.06913108089765
"unet_los_angeles_model","1","U-Net baseline","LALegacy","Los Angeles Model",2e-04,107,12,13,1890,444.04968935917,341079.896781423,632228.345177704,462885.531059824,863523.816635522,-0.268017840113403,1137.45602827051,1321323.88637679,3925529.84829224,2839554.92875699,5426830.95641995,-0.472888997857899,"/Users/9oy/Documents/Projects/IM3/EvaluationP/Script/Revision/5_UrbanScaling/data/model_evaldfs/unet_los_angeles_model/Evaldf_0.0002.csv",2.15197405342484,3.06913108089765
"unet_los_angeles_model","1","U-Net baseline","LALegacy","Los Angeles Model",5e-04,1,1,4,376,513.026573089076,528537.878019163,836775.895022791,611509.558140298,1145025.27257399,-0.199533044233596,673.284322352117,776669.807421671,1418389.92386548,1032935.34472159,1947682.38535336,-0.261559214866573,"/Users/9oy/Documents/Projects/IM3/EvaluationP/Script/Revision/5_UrbanScaling/data/model_evaldfs/unet_los_angeles_model/Evaldf_0.0005.csv",2.31338111169673,3.06913108089765
"unet_los_angeles_model","1","U-Net baseline","LALegacy","Los Angeles Model",5e-04,2,1,5,2873,457.623217063623,286837.865882092,670284.609494161,490558.617452131,915856.824732228,-0.368622764983365,919.540035845735,1253510.86855836,2597722.15738253,1884218.23128624,3581411.2690915,-0.31646459485402,"/Users/9oy/Documents/Projects/IM3/EvaluationP/Script/Revision/5_UrbanScaling/data/model_evaldfs/unet_los_angeles_model/Evaldf_0.0005.csv",2.31338111169673,3.06913108089765
"unet_los_angeles_model","1","U-Net baseline","LALegacy","Los Angeles Model",5e-04,3,1,6,1631,317.844091512769,295862.680213276,330342.392244292,242901.067419018,449261.492644794,-0.0478741223000681,382.277176224914,608163.144087705,472701.090539566,346754.354811977,644393.698006926,0.109433493246531,"/Users/9oy/Documents/Projects/IM3/EvaluationP/Script/Revision/5_UrbanScaling/data/model_evaldfs/unet_los_angeles_model/Evaldf_0.0005.csv",2.31338111169673,3.06913108089765
"unet_los_angeles_model","1","U-Net baseline","LALegacy","Los Angeles Model",5e-04,4,1,7,540,580.502810738904,589574.12481158,1063622.80896164,776054.736664692,1457749.59715534,-0.256249227046133,820.132858823158,1685056.64388418,2080351.65564922,1511170.72044647,2863914.01885011,-0.0915222484036353,"/Users/9oy/Documents/Projects/IM3/EvaluationP/Script/Revision/5_UrbanScaling/data/model_evaldfs/unet_los_angeles_model/Evaldf_0.0005.csv",2.31338111169673,3.06913108089765
"unet_los_angeles_model","1","U-Net baseline","LALegacy","Los Angeles Model",5e-04,5,2,3,348,329.638747783583,149172.002345918,354554.953934043,260582.588722346,482416.020101466,-0.375996238496509,583.114429750892,488822.873437225,1072931.80534022,782801.751128536,1470592.85093704,-0.341420599838488,"/Users/9oy/Documents/Projects/IM3/EvaluationP/Script/Revision/5_UrbanScaling/data/model_evaldfs/unet_los_angeles_model/Evaldf_0.0005.csv",2.31338111169673,3.06913108089765
"unet_los_angeles_model","1","U-Net baseline","LALegacy","Los Angeles Model",5e-04,6,2,4,1396,683.955655145146,669639.97727198,1462357.61406065,1064739.4857868,2008462.93384236,-0.339212217706417,1088.67011100457,3302729.19463101,3605282.68065437,2609371.29047683,4981300.76576843,-0.0380663568426028,"/Users/9oy/Documents/Projects/IM3/EvaluationP/Script/Revision/5_UrbanScaling/data/model_evaldfs/unet_los_angeles_model/Evaldf_0.0005.csv",2.31338111169673,3.06913108089765
"unet_los_angeles_model","1","U-Net baseline","LALegacy","Los Angeles Model",5e-04,7,2,5,1481,903.724128762804,964378.287612803,2511686.94492427,1822219.97556552,3462025.10887587,-0.415718084307205,1117.40056776099,2449083.63757663,3792279.82981508,2743794.69148165,5241422.16335305,-0.189896759372848,"/Users/9oy/Documents/Projects/IM3/EvaluationP/Script/Revision/5_UrbanScaling/data/model_evaldfs/unet_los_angeles_model/Evaldf_0.0005.csv",2.31338111169673,3.06913108089765
"unet_los_angeles_model","1","U-Net baseline","LALegacy","Los Angeles Model",5e-04,8,2,6,1384,806.136723552098,1025089.81617754,2011984.36020045,1461831.81238284,2769183.86328773,-0.292862681474098,816.481194901174,1445455.32557506,2062407.48376139,1498221.92901256,2839048.43915773,-0.154369802362713,"/Users/9oy/Documents/Projects/IM3/EvaluationP/Script/Revision/5_UrbanScaling/data/model_evaldfs/unet_los_angeles_model/Evaldf_0.0005.csv",2.31338111169673,3.06913108089765
"unet_los_angeles_model","1","U-Net baseline","LALegacy","Los Angeles Model",5e-04,9,2,7,2309,334.387981078444,423772.010593527,364538.713471699,267870.99325674,496091.316211437,0.0653886123903357,391.641129620083,866225.085654845,495438.159967142,363320.382495047,675599.229159609,0.242641302575761,"/Users/9oy/Documents/Projects/IM3/EvaluationP/Script/Revision/5_UrbanScaling/data/model_evaldfs/unet_los_angeles_model/Evaldf_0.0005.csv",2.31338111169673,3.06913108089765
"unet_los_angeles_model","1","U-Net baseline","LALegacy","Los Angeles Model",5e-04,10,2,8,427,412.52986231231,249001.416375459,548023.035664476,401614.352272903,747805.067023177,-0.34259699658677,714.296708224943,1037885.38753054,1590919.99554161,1157699.78488831,2186254.55861023,-0.185498942791545,"/Users/9oy/Documents/Projects/IM3/EvaluationP/Script/Revision/5_UrbanScaling/data/model_evaldfs/unet_los_angeles_model/Evaldf_0.0005.csv",2.31338111169673,3.06913108089765
"unet_los_angeles_model","1","U-Net baseline","LALegacy","Los Angeles Model",5e-04,11,3,3,527,286.915518353395,148593.551306532,270803.452525344,199384.065750195,367805.268809827,-0.260654234719983,748.711936674946,967507.682325204,1743094.06972155,1267669.12896712,2396821.74667618,-0.255666403209717,"/Users/9oy/Documents/Projects/IM3/EvaluationP/Script/Revision/5_UrbanScaling/data/model_evaldfs/unet_los_angeles_model/Evaldf_0.0005.csv",2.31338111169673,3.06913108089765
"unet_los_angeles_model","1","U-Net baseline","LALegacy","Los Angeles Model",5e-04,12,3,4,702,710.439776894003,1486816.92070174,1574285.9607629,1145675.0114771,2163245.47662068,-0.0248261275617439,1298.66393956768,7280178.78945513,5077422.95427707,3666535.42661807,7031221.80941227,0.156498702951587,"/Users/9oy/Documents/Projects/IM3/EvaluationP/Script/Revision/5_UrbanScaling/data/model_evaldfs/unet_los_angeles_model/Evaldf_0.0005.csv",2.31338111169673,3.06913108089765
"unet_los_angeles_model","1","U-Net baseline","LALegacy","Los Angeles Model",5e-04,13,3,5,1135,691.572064997031,598358.41462238,1494136.36900727,1087722.77875788,2052401.15660681,-0.397428834282637,896.596957145314,1312205.57855719,2473376.0037758,1794608.04622819,3408871.85305538,-0.275288263296267,"/Users/9oy/Documents/Projects/IM3/EvaluationP/Script/Revision/5_UrbanScaling/data/model_evaldfs/unet_los_angeles_model/Evaldf_0.0005.csv",2.31338111169673,3.06913108089765
"unet_los_angeles_model","1","U-Net baseline","LALegacy","Los Angeles Model",5e-04,14,3,6,1243,1049.20810385757,1284901.73875871,3355917.94930735,2430042.52475114,4634563.04479141,-0.416941417166706,1255.7773463723,2394884.38474863,4756979.18300034,3436617.07075511,6584629.73371849,-0.298046698619346,"/Users/9oy/Documents/Projects/IM3/EvaluationP/Script/Revision/5_UrbanScaling/data/model_evaldfs/unet_los_angeles_model/Evaldf_0.0005.csv",2.31338111169673,3.06913108089765
"unet_los_angeles_model","1","U-Net baseline","LALegacy","Los Angeles Model",5e-04,15,3,7,1433,754.175011587125,910713.864941511,1767869.60754379,1285567.12715124,2431116.1068677,-0.288068281237708,872.297067332883,2967360.04739782,2344903.53803191,1701992.88215146,3230667.21390981,0.102245263132542,"/Users/9oy/Documents/Projects/IM3/EvaluationP/Script/Revision/5_UrbanScaling/data/model_evaldfs/unet_los_angeles_model/Evaldf_0.0005.csv",2.31338111169673,3.06913108089765
"unet_los_angeles_model","1","U-Net baseline","LALegacy","Los Angeles Model",5e-04,16,3,8,487,674.492983510955,702683.016406332,1423337.1262014,1036514.2382241,1954520.7389474,-0.306548320678475,774.987524175917,1375231.96846462,1863808.60891756,1354858.58947204,2563944.7228429,-0.132025354055256,"/Users/9oy/Documents/Projects/IM3/EvaluationP/Script/Revision/5_UrbanScaling/data/model_evaldfs/unet_los_angeles_model/Evaldf_0.0005.csv",2.31338111169673,3.06913108089765
"unet_los_angeles_model","1","U-Net baseline","LALegacy","Los Angeles Model",5e-04,17,3,9,431,401.363839111606,165135.975517943,519594.001202634,380914.607303534,708762.333891357,-0.497822432108281,610.900175449458,638713.709103656,1174405.84728948,856324.110665345,1610639.09910945,-0.264511967114479,"/Users/9oy/Documents/Projects/IM3/EvaluationP/Script/Revision/5_UrbanScaling/data/model_evaldfs/unet_los_angeles_model/Evaldf_0.0005.csv",2.31338111169673,3.06913108089765
"unet_los_angeles_model","1","U-Net baseline","LALegacy","Los Angeles Model",5e-04,18,3,10,15,317.34703220315,94588.2414882724,329340.248984224,242169.059305548,447889.585531813,-0.541807658021827,258.818089714603,85810.7424537562,221698.646556791,163445.99164498,300712.727124395,-0.412221382206662,"/Users/9oy/Documents/Projects/IM3/EvaluationP/Script/Revision/5_UrbanScaling/data/model_evaldfs/unet_los_angeles_model/Evaldf_0.0005.csv",2.31338111169673,3.06913108089765
"unet_los_angeles_model","1","U-Net baseline","LALegacy","Los Angeles Model",5e-04,19,4,1,473,301.535903490987,144232.809162466,298233.896129041,219440.089096378,405319.999488533,-0.31549294001043,212.961918125678,245472.609263059,151827.239056222,112214.478096018,205423.675363093,0.208653344432248,"/Users/9oy/Documents/Projects/IM3/EvaluationP/Script/Revision/5_UrbanScaling/data/model_evaldfs/unet_los_angeles_model/Evaldf_0.0005.csv",2.31338111169673,3.06913108089765
"unet_los_angeles_model","1","U-Net baseline","LALegacy","Los Angeles Model",5e-04,20,4,2,320,340.774465639725,134822.481988377,378176.095879534,277824.510237285,514775.170025633,-0.447931756134339,327.102391751645,530926.127937993,349278.150543033,256729.838541717,475189.121528382,0.181862679622629,"/Users/9oy/Documents/Projects/IM3/EvaluationP/Script/Revision/5_UrbanScaling/data/model_evaldfs/unet_los_angeles_model/Evaldf_0.0005.csv",2.31338111169673,3.06913108089765
"unet_los_angeles_model","1","U-Net baseline","LALegacy","Los Angeles Model",5e-04,21,4,3,205,319.512181213459,171794.153269201,333716.291096307,245365.399063017,453880.471200724,-0.288369028964688,206.671442565237,238371.35404411,143242.265694176,105910.167704249,193733.492505626,0.221182881725673,"/Users/9oy/Documents/Projects/IM3/EvaluationP/Script/Revision/5_UrbanScaling/data/model_evaldfs/unet_los_angeles_model/Evaldf_0.0005.csv",2.31338111169673,3.06913108089765
"unet_los_angeles_model","1","U-Net baseline","LALegacy","Los Angeles Model",5e-04,22,4,4,152,349.100644676253,152949.924430299,396319.854068303,291063.427844578,539639.857511034,-0.413496562583233,635.537942798549,629591.243380593,1268097.39493246,924170.273477401,1740015.93557404,-0.304093931330306,"/Users/9oy/Documents/Projects/IM3/EvaluationP/Script/Revision/5_UrbanScaling/data/model_evaldfs/unet_los_angeles_model/Evaldf_0.0005.csv",2.31338111169673,3.06913108089765
"unet_los_angeles_model","1","U-Net baseline","LALegacy","Los Angeles Model",5e-04,23,4,5,951,342.675079130837,168101.503551006,382281.448156948,280820.414823839,520400.575921975,-0.356811624613476,653.161070196998,1517233.25313809,1337250.79172562,974225.858165118,1835549.39030137,0.0548394888559319,"/Users/9oy/Documents/Projects/IM3/EvaluationP/Script/Revision/5_UrbanScaling/data/model_evaldfs/unet_los_angeles_model/Evaldf_0.0005.csv",2.31338111169673,3.06913108089765
"unet_los_angeles_model","1","U-Net baseline","LALegacy","Los Angeles Model",5e-04,24,4,6,1767,514.153274843491,632515.776644945,840347.127528916,614102.081619115,1149944.47321235,-0.123387357450644,909.228821760083,3567706.25197583,2541471.90571006,1843685.02842345,3503352.98488417,0.147303776199519,"/Users/9oy/Documents/Projects/IM3/EvaluationP/Script/Revision/5_UrbanScaling/data/model_evaldfs/unet_los_angeles_model/Evaldf_0.0005.csv",2.31338111169673,3.06913108089765
"unet_los_angeles_model","1","U-Net baseline","LALegacy","Los Angeles Model",5e-04,25,4,7,1023,1142.09202635216,2358561.15767584,3956649.18562887,2861915.74110645,5470137.55621093,-0.224680403446783,1820.67345309369,10780574.6070688,9783620.28431818,7034401.66373083,13607301.7213742,0.0421423206693129,"/Users/9oy/Documents/Projects/IM3/EvaluationP/Script/Revision/5_UrbanScaling/data/model_evaldfs/unet_los_angeles_model/Evaldf_0.0005.csv",2.31338111169673,3.06913108089765
"unet_los_angeles_model","1","U-Net baseline","LALegacy","Los Angeles Model",5e-04,26,4,8,713,981.45261616705,1464066.66005919,2948008.76796855,2136504.18175935,4067745.69889344,-0.303967919939875,1421.17684778826,5989638.3714483,6048498.67269786,4362718.5142456,8385674.22449303,-0.0042469873294891,"/Users/9oy/Documents/Projects/IM3/EvaluationP/Script/Revision/5_UrbanScaling/data/model_evaldfs/unet_los_angeles_model/Evaldf_0.0005.csv",2.31338111169673,3.06913108089765
"unet_los_angeles_model","1","U-Net baseline","LALegacy","Los Angeles Model",5e-04,27,4,9,855,620.575770049186,880158.013510065,1210784.04312416,882671.262534728,1660865.21824019,-0.138506041354827,879.806135614649,2591752.48512071,2384248.89851585,1730360.24197177,3285236.60691389,0.0362419329645811,"/Users/9oy/Documents/Projects/IM3/EvaluationP/Script/Revision/5_UrbanScaling/data/model_evaldfs/unet_los_angeles_model/Evaldf_0.0005.csv",2.31338111169673,3.06913108089765
"unet_los_angeles_model","1","U-Net baseline","LALegacy","Los Angeles Model",5e-04,28,4,10,784,586.767830255421,408532.975736348,1086020.17069504,792287.338496334,1488651.59626925,-0.424610774073614,758.082984722014,1172112.03772333,1785696.62233466,1298444.44217099,2455794.27463673,-0.182838550931053,"/Users/9oy/Documents/Projects/IM3/EvaluationP/Script/Revision/5_UrbanScaling/data/model_evaldfs/unet_los_angeles_model/Evaldf_0.0005.csv",2.31338111169673,3.06913108089765
"unet_los_angeles_model","1","U-Net baseline","LALegacy","Los Angeles Model",5e-04,29,4,11,184,461.859158251916,120032.861137962,682381.670692996,499352.939564144,932496.251857852,-0.754727194634847,512.875978477372,356728.374502348,836299.123907189,611163.442319268,1144368.55384189,-0.370023986931484,"/Users/9oy/Documents/Projects/IM3/EvaluationP/Script/Revision/5_UrbanScaling/data/model_evaldfs/unet_los_angeles_model/Evaldf_0.0005.csv",2.31338111169673,3.06913108089765
"unet_los_angeles_model","1","U-Net baseline","LALegacy","Los Angeles Model",5e-04,30,5,4,126,489.226479610285,217862.385969986,763063.111709742,557981.192555763,1043521.39502259,-0.544378203632721,640.13877311343,1627828.24099768,1285979.37177063,937115.550609631,1764716.14791128,0.102374576551417,"/Users/9oy/Documents/Projects/IM3/EvaluationP/Script/Revision/5_UrbanScaling/data/model_evaldfs/unet_los_angeles_model/Evaldf_0.0005.csv",2.31338111169673,3.06913108089765
"unet_los_angeles_model","1","U-Net baseline","LALegacy","Los Angeles Model",5e-04,31,5,5,844,846.757454587772,666211.699290761,2213460.84588226,1607201.70687752,3048409.47796929,-0.521459589073705,1317.30296865282,3739732.93605641,5219847.22637173,3768693.62502469,7229774.4995077,-0.144817203106626,"/Users/9oy/Documents/Projects/IM3/EvaluationP/Script/Revision/5_UrbanScaling/data/model_evaldfs/unet_los_angeles_model/Evaldf_0.0005.csv",2.31338111169673,3.06913108089765
"unet_los_angeles_model","1","U-Net baseline","LALegacy","Los Angeles Model",5e-04,32,5,6,829,1217.10490214304,1680430.93993774,4476715.45837846,3235444.03790991,6194198.09474781,-0.425538822220373,2222.15039587044,14548170.1666346,14404620.708431,10330413.032276,20085653.6041179,0.00430654500264713,"/Users/9oy/Documents/Projects/IM3/EvaluationP/Script/Revision/5_UrbanScaling/data/model_evaldfs/unet_los_angeles_model/Evaldf_0.0005.csv",2.31338111169673,3.06913108089765
"unet_los_angeles_model","1","U-Net baseline","LALegacy","Los Angeles Model",5e-04,33,5,7,705,1254.54918315273,1575578.41544904,4747951.71522794,3430138.41096237,6572051.26711235,-0.479066271119457,1887.66308965929,5185850.92273785,10494534.7539303,7542046.02670868,14602835.7970011,-0.30614316212242,"/Users/9oy/Documents/Projects/IM3/EvaluationP/Script/Revision/5_UrbanScaling/data/model_evaldfs/unet_los_angeles_model/Evaldf_0.0005.csv",2.31338111169673,3.06913108089765
"unet_los_angeles_model","1","U-Net baseline","LALegacy","Los Angeles Model",5e-04,34,5,8,1213,905.597326975815,2673919.69264071,2521803.39210875,1829510.75804209,3476061.73972816,0.0254371351429729,2444.8747159892,39575884.8140339,17339350.2093309,12419833.7359809,24207495.2107302,0.358397815043498,"/Users/9oy/Documents/Projects/IM3/EvaluationP/Script/Revision/5_UrbanScaling/data/model_evaldfs/unet_los_angeles_model/Evaldf_0.0005.csv",2.31338111169673,3.06913108089765
"unet_los_angeles_model","1","U-Net baseline","LALegacy","Los Angeles Model",5e-04,35,5,9,967,901.757694324178,1020389.24867292,2501088.17888969,1814581.38416317,3447319.65905544,-0.389363129557958,1132.46179488706,1900084.45796615,3892139.16971136,2815560.73839382,5380366.01726563,-0.311415455181887,"/Users/9oy/Documents/Projects/IM3/EvaluationP/Script/Revision/5_UrbanScaling/data/model_evaldfs/unet_los_angeles_model/Evaldf_0.0005.csv",2.31338111169673,3.06913108089765
"unet_los_angeles_model","1","U-Net baseline","LALegacy","Los Angeles Model",5e-04,36,5,10,1355,860.53541254067,591665.680319005,2283914.0956898,1658014.24877293,3146090.93398986,-0.586603386194293,1023.95525762421,1215529.80873862,3200893.1335787,2318513.52767522,4419088.66620445,-0.420505561219109,"/Users/9oy/Documents/Projects/IM3/EvaluationP/Script/Revision/5_UrbanScaling/data/model_evaldfs/unet_los_angeles_model/Evaldf_0.0005.csv",2.31338111169673,3.06913108089765
"unet_los_angeles_model","1","U-Net baseline","LALegacy","Los Angeles Model",5e-04,37,5,11,3149,393.351865115978,639895.936175025,499648.014423204,366387.086231467,681378.104465545,0.107445186192956,527.458914235081,2451388.1358492,883078.62220764,645117.288597722,1208815.61660708,0.443412708500555,"/Users/9oy/Documents/Projects/IM3/EvaluationP/Script/Revision/5_UrbanScaling/data/model_evaldfs/unet_los_angeles_model/Evaldf_0.0005.csv",2.31338111169673,3.06913108089765
"unet_los_angeles_model","1","U-Net baseline","LALegacy","Los Angeles Model",5e-04,38,5,12,2408,436.944489458301,395542.199024098,612737.713595675,448708.446693644,836729.302577167,-0.190081788012875,629.473575385321,1272769.37688923,1244712.64764082,907239.557048012,1707718.27921415,0.00968061506597652,"/Users/9oy/Documents/Projects/IM3/EvaluationP/Script/Revision/5_UrbanScaling/data/model_evaldfs/unet_los_angeles_model/Evaldf_0.0005.csv",2.31338111169673,3.06913108089765
"unet_los_angeles_model","1","U-Net baseline","LALegacy","Los Angeles Model",5e-04,39,5,13,627,472.60543254552,127073.497442288,713541.479722513,522000.791457467,975365.270736528,-0.749364241501854,529.765267232991,245348.627639153,890590.0150762,650568.138290938,1219166.03084353,-0.559894188602199,"/Users/9oy/Documents/Projects/IM3/EvaluationP/Script/Revision/5_UrbanScaling/data/model_evaldfs/unet_los_angeles_model/Evaldf_0.0005.csv",2.31338111169673,3.06913108089765
"unet_los_angeles_model","1","U-Net baseline","LALegacy","Los Angeles Model",5e-04,40,5,14,372,348.269311083423,105749.302557827,394489.754695008,289728.248098581,537131.493323969,-0.571758216837573,389.763262602793,376776.019954145,490836.908872074,359968.365309771,669283.454682939,-0.114853958230867,"/Users/9oy/Documents/Projects/IM3/EvaluationP/Script/Revision/5_UrbanScaling/data/model_evaldfs/unet_los_angeles_model/Evaldf_0.0005.csv",2.31338111169673,3.06913108089765
"unet_los_angeles_model","1","U-Net baseline","LALegacy","Los Angeles Model",5e-04,41,5,15,221,286.0193600195,73236.8885617101,269163.855281504,198184.84604705,365563.676714228,-0.565286854947936,464.215407895675,439048.294986287,689156.084555248,504277.351466182,941815.267924777,-0.195805299948753,"/Users/9oy/Documents/Projects/IM3/EvaluationP/Script/Revision/5_UrbanScaling/data/model_evaldfs/unet_los_angeles_model/Evaldf_0.0005.csv",2.31338111169673,3.06913108089765
"unet_los_angeles_model","1","U-Net baseline","LALegacy","Los Angeles Model",5e-04,42,5,16,74,464.145701059532,56994.9879229759,688955.205836975,504131.334667274,941538.926484593,-1.08235432010378,512.885626498752,173133.206799764,836329.664860772,611185.613808974,1144410.62178657,-0.683997128440116,"/Users/9oy/Documents/Projects/IM3/EvaluationP/Script/Revision/5_UrbanScaling/data/model_evaldfs/unet_los_angeles_model/Evaldf_0.0005.csv",2.31338111169673,3.06913108089765
"unet_los_angeles_model","1","U-Net baseline","LALegacy","Los Angeles Model",5e-04,43,6,5,1020,577.091070579716,812929.065336147,1051521.08150159,767283.009822507,1441054.43583073,-0.11176533256979,1038.68675336805,18703882.5606851,3290896.38093141,2383268.5140759,4544179.10783618,0.754617558883984,"/Users/9oy/Documents/Projects/IM3/EvaluationP/Script/Revision/5_UrbanScaling/data/model_evaldfs/unet_los_angeles_model/Evaldf_0.0005.csv",2.31338111169673,3.06913108089765
"unet_los_angeles_model","1","U-Net baseline","LALegacy","Los Angeles Model",5e-04,44,6,6,1894,992.575430650715,1827699.39954983,3013212.9016633,2183443.32553232,4158318.14115744,-0.217125049122328,1669.87340621542,9407703.01028866,8271931.05964477,5954109.68112573,11492036.1095161,0.0558766925558535,"/Users/9oy/Documents/Projects/IM3/EvaluationP/Script/Revision/5_UrbanScaling/data/model_evaldfs/unet_los_angeles_model/Evaldf_0.0005.csv",2.31338111169673,3.06913108089765
"unet_los_angeles_model","1","U-Net baseline","LALegacy","Los Angeles Model",5e-04,45,6,7,794,728.318197194922,748307.268569026,1652105.33968773,1201923.68703735,2270902.95570479,-0.343957771167843,910.179821480569,2772965.39190108,2546634.8501144,1847405.62476457,3510517.11269078,0.0369777713802011,"/Users/9oy/Documents/Projects/IM3/EvaluationP/Script/Revision/5_UrbanScaling/data/model_evaldfs/unet_los_angeles_model/Evaldf_0.0005.csv",2.31338111169673,3.06913108089765
"unet_los_angeles_model","1","U-Net baseline","LALegacy","Los Angeles Model",5e-04,46,6,8,842,955.377030363209,1830398.43355576,2797861.63516419,2028389.89458157,3859233.2521645,-0.184280597736364,1504.48706738476,6679005.85108356,6755785.34507676,4869312.30077867,9373117.35405745,-0.00496401813919723,"/Users/9oy/Documents/Projects/IM3/EvaluationP/Script/Revision/5_UrbanScaling/data/model_evaldfs/unet_los_angeles_model/Evaldf_0.0005.csv",2.31338111169673,3.06913108089765
"unet_los_angeles_model","1","U-Net baseline","LALegacy","Los Angeles Model",5e-04,47,6,9,1391,662.804750785555,1118817.06619965,1375845.98112938,1002154.86517109,1888881.87801863,-0.0898107372038184,727.689718266758,2253482.5107051,1649338.894412,1199924.37648653,2267075.19400974,0.13554429130599,"/Users/9oy/Documents/Projects/IM3/EvaluationP/Script/Revision/5_UrbanScaling/data/model_evaldfs/unet_los_angeles_model/Evaldf_0.0005.csv",2.31338111169673,3.06913108089765
"unet_los_angeles_model","1","U-Net baseline","LALegacy","Los Angeles Model",5e-04,48,6,10,2337,457.21310947849,908244.591056513,669118.989498655,489711.179795867,914253.62658523,0.13269946488497,432.907072112222,1157303.49963683,601794.369339094,440747.180968937,821687.531096796,0.283999146446125,"/Users/9oy/Documents/Projects/IM3/EvaluationP/Script/Revision/5_UrbanScaling/data/model_evaldfs/unet_los_angeles_model/Evaldf_0.0005.csv",2.31338111169673,3.06913108089765
"unet_los_angeles_model","1","U-Net baseline","LALegacy","Los Angeles Model",5e-04,49,6,11,1784,781.818782729433,1198762.54228388,1895834.13030722,1377983.54584469,2608294.60589424,-0.199067173422859,790.747009849885,1867973.02927979,1938089.13062028,1408491.04585597,2666818.14504952,-0.0160031445265159,"/Users/9oy/Documents/Projects/IM3/EvaluationP/Script/Revision/5_UrbanScaling/data/model_evaldfs/unet_los_angeles_model/Evaldf_0.0005.csv",2.31338111169673,3.06913108089765
"unet_los_angeles_model","1","U-Net baseline","LALegacy","Los Angeles Model",5e-04,50,6,12,1799,551.064064689397,273142.578438641,961413.172606748,701948.305098795,1316785.41246949,-0.546520663442162,697.966707392815,606519.087996735,1521073.15705145,1107201.68880575,2089649.58461906,-0.399305628977548,"/Users/9oy/Documents/Projects/IM3/EvaluationP/Script/Revision/5_UrbanScaling/data/model_evaldfs/unet_los_angeles_model/Evaldf_0.0005.csv",2.31338111169673,3.06913108089765
"unet_los_angeles_model","1","U-Net baseline","LALegacy","Los Angeles Model",5e-04,51,6,13,2220,593.85131378895,915227.092576025,1111616.02603193,810835.355090692,1523971.7676011,-0.0844259316850554,826.698205302608,3231376.39946596,2112803.12238609,1534586.32726044,2908886.22859913,0.184528518743143,"/Users/9oy/Documents/Projects/IM3/EvaluationP/Script/Revision/5_UrbanScaling/data/model_evaldfs/unet_los_angeles_model/Evaldf_0.0005.csv",2.31338111169673,3.06913108089765
"unet_los_angeles_model","1","U-Net baseline","LALegacy","Los Angeles Model",5e-04,52,6,14,2343,605.599751386422,414447.200324911,1154705.56759246,842053.807259015,1583443.88011167,-0.44500204960309,614.676786264456,1032449.41655927,1188541.08163993,866562.281267088,1630153.92347827,-0.0611454144209842,"/Users/9oy/Documents/Projects/IM3/EvaluationP/Script/Revision/5_UrbanScaling/data/model_evaldfs/unet_los_angeles_model/Evaldf_0.0005.csv",2.31338111169673,3.06913108089765
"unet_los_angeles_model","1","U-Net baseline","LALegacy","Los Angeles Model",5e-04,53,6,15,2667,611.918880290503,459397.816682377,1178210.61575173,859079.989742305,1615891.73493203,-0.409034004586693,625.389577303888,895042.157953957,1229083.3305036,895922.653737882,1686134.20703145,-0.137737836794611,"/Users/9oy/Documents/Projects/IM3/EvaluationP/Script/Revision/5_UrbanScaling/data/model_evaldfs/unet_los_angeles_model/Evaldf_0.0005.csv",2.31338111169673,3.06913108089765
"unet_los_angeles_model","1","U-Net baseline","LALegacy","Los Angeles Model",5e-04,54,6,16,2060,582.125600255531,523523.696504298,1069402.54101732,780243.841515024,1465723.57753404,-0.310204867557403,681.054275436625,803461.307266405,1450339.02710266,1056046.44676685,1991847.32828467,-0.256504566496438,"/Users/9oy/Documents/Projects/IM3/EvaluationP/Script/Revision/5_UrbanScaling/data/model_evaldfs/unet_los_angeles_model/Evaldf_0.0005.csv",2.31338111169673,3.06913108089765
"unet_los_angeles_model","1","U-Net baseline","LALegacy","Los Angeles Model",5e-04,55,7,5,256,850.540442410597,294693.492897856,2232698.45541236,1621077.37172473,3075079.86956666,-0.879459525596333,832.259801957495,1396697.43707579,2140483.72060941,1554557.5948064,2947250.44186252,-0.185409592946458,"/Users/9oy/Documents/Projects/IM3/EvaluationP/Script/Revision/5_UrbanScaling/data/model_evaldfs/unet_los_angeles_model/Evaldf_0.0005.csv",2.31338111169673,3.06913108089765
"unet_los_angeles_model","1","U-Net baseline","LALegacy","Los Angeles Model",5e-04,56,7,6,1440,980.457253125114,1503865.01865613,2942207.47494075,2132327.61703694,4059687.99373631,-0.291464437167767,1298.05081345611,6011821.84378054,5072770.40408238,3663197.92461287,7024736.33751409,0.0737608956917206,"/Users/9oy/Documents/Projects/IM3/EvaluationP/Script/Revision/5_UrbanScaling/data/model_evaldfs/unet_los_angeles_model/Evaldf_0.0005.csv",2.31338111169673,3.06913108089765
"unet_los_angeles_model","1","U-Net baseline","LALegacy","Los Angeles Model",5e-04,57,7,7,1468,920.5067484359,1602647.23994666,2603026.42546467,1888040.11653974,3588772.56489945,-0.210640637068879,1181.37426202109,6830594.79169797,4225111.45029169,3054772.02534888,5843829.46395065,0.208620353355097,"/Users/9oy/Documents/Projects/IM3/EvaluationP/Script/Revision/5_UrbanScaling/data/model_evaldfs/unet_los_angeles_model/Evaldf_0.0005.csv",2.31338111169673,3.06913108089765
"unet_los_angeles_model","1","U-Net baseline","LALegacy","Los Angeles Model",5e-04,58,7,8,1181,851.559031759623,1397445.51624034,2237892.07517599,1624823.27957938,3082280.39509133,-0.204504253797482,1050.11801577532,7428508.19374722,3361570.14880052,2434108.21426945,4642420.4967807,0.34435942824005,"/Users/9oy/Documents/Projects/IM3/EvaluationP/Script/Revision/5_UrbanScaling/data/model_evaldfs/unet_los_angeles_model/Evaldf_0.0005.csv",2.31338111169673,3.06913108089765
"unet_los_angeles_model","1","U-Net baseline","LALegacy","Los Angeles Model",5e-04,59,7,9,1236,736.521415431981,1572885.28488621,1688420.47444908,1228166.6018701,2321153.90061745,-0.0307835605252068,1201.43129069522,7251579.66513516,4365478.04666436,3155575.10387965,6039279.03743383,0.220400813890621,"/Users/9oy/Documents/Projects/IM3/EvaluationP/Script/Revision/5_UrbanScaling/data/model_evaldfs/unet_los_angeles_model/Evaldf_0.0005.csv",2.31338111169673,3.06913108089765
"unet_los_angeles_model","1","U-Net baseline","LALegacy","Los Angeles Model",5e-04,60,7,10,1155,807.362545836852,1209261.52713674,2017927.90179259,1466121.54755091,2777418.43685143,-0.222385409404467,1109.84690137856,4906835.70819768,3742671.2992855,2708137.83234758,5172406.03014391,0.11761983027071,"/Users/9oy/Documents/Projects/IM3/EvaluationP/Script/Revision/5_UrbanScaling/data/model_evaldfs/unet_los_angeles_model/Evaldf_0.0005.csv",2.31338111169673,3.06913108089765
"unet_los_angeles_model","1","U-Net baseline","LALegacy","Los Angeles Model",5e-04,61,7,11,1226,625.650742970116,1036759.51334292,1230079.93611557,896644.305971999,1687510.46446878,-0.0742553056049836,655.994553274368,1453492.31057747,1348535.49462251,982392.460978863,1851142.03588733,0.0325503566144324,"/Users/9oy/Documents/Projects/IM3/EvaluationP/Script/Revision/5_UrbanScaling/data/model_evaldfs/unet_los_angeles_model/Evaldf_0.0005.csv",2.31338111169673,3.06913108089765
"unet_los_angeles_model","1","U-Net baseline","LALegacy","Los Angeles Model",5e-04,62,7,12,2081,625.15265392404,990524.078253887,1228179.57204714,895268.22972326,1684886.17278441,-0.0933968325188358,792.044902540006,2553495.8108499,1944269.31642137,1412952.67950271,2675378.46781116,0.118378727320311,"/Users/9oy/Documents/Projects/IM3/EvaluationP/Script/Revision/5_UrbanScaling/data/model_evaldfs/unet_los_angeles_model/Evaldf_0.0005.csv",2.31338111169673,3.06913108089765
"unet_los_angeles_model","1","U-Net baseline","LALegacy","Los Angeles Model",5e-04,63,7,13,2157,288.326057364882,208813.662582858,273393.931561792,201278.67319062,371347.051478362,-0.117029959492133,255.966596164736,439550.930781802,216981.561305101,159991.116490936,294272.575746833,0.30658637417387,"/Users/9oy/Documents/Projects/IM3/EvaluationP/Script/Revision/5_UrbanScaling/data/model_evaldfs/unet_los_angeles_model/Evaldf_0.0005.csv",2.31338111169673,3.06913108089765
"unet_los_angeles_model","1","U-Net baseline","LALegacy","Los Angeles Model",5e-04,64,7,14,2805,708.192824522265,927985.254433599,1564634.46911164,1138697.54606333,2149895.75624864,-0.226871818192112,724.231158505416,1545285.25060957,1634155.1981685,1188950.72005517,2246067.19745057,-0.0242846403733731,"/Users/9oy/Documents/Projects/IM3/EvaluationP/Script/Revision/5_UrbanScaling/data/model_evaldfs/unet_los_angeles_model/Evaldf_0.0005.csv",2.31338111169673,3.06913108089765
"unet_los_angeles_model","1","U-Net baseline","LALegacy","Los Angeles Model",5e-04,65,7,15,3917,983.050540396975,2037247.34517083,2957333.56682052,2143217.33430185,4080697.59677096,-0.161856552182171,1155.25252711303,4779601.99271333,4045638.63135385,2925852.75204905,5593990.30728401,0.0724046458491493,"/Users/9oy/Documents/Projects/IM3/EvaluationP/Script/Revision/5_UrbanScaling/data/model_evaldfs/unet_los_angeles_model/Evaldf_0.0005.csv",2.31338111169673,3.06913108089765
"unet_los_angeles_model","1","U-Net baseline","LALegacy","Los Angeles Model",5e-04,66,7,16,3141,1549.91601101936,5901207.07694274,7157424.62765718,5156827.4932055,9934155.71261425,-0.0838159287502762,1229.96104597647,7213943.35294946,4568969.7683616,3301673.04796849,6322698.95925853,0.198354443268808,"/Users/9oy/Documents/Projects/IM3/EvaluationP/Script/Revision/5_UrbanScaling/data/model_evaldfs/unet_los_angeles_model/Evaldf_0.0005.csv",2.31338111169673,3.06913108089765
"unet_los_angeles_model","1","U-Net baseline","LALegacy","Los Angeles Model",5e-04,67,8,5,180,559.180640699782,618612.60104467,989093.509978338,722022.681785684,1354951.8542295,-0.203818589941919,1244.22591636228,1770535.18860355,4672400.49397937,3375915.04981642,6466787.83499777,-0.421435498583696,"/Users/9oy/Documents/Projects/IM3/EvaluationP/Script/Revision/5_UrbanScaling/data/model_evaldfs/unet_los_angeles_model/Evaldf_0.0005.csv",2.31338111169673,3.06913108089765
"unet_los_angeles_model","1","U-Net baseline","LALegacy","Los Angeles Model",5e-04,68,8,6,1595,906.088198649631,1709974.52641381,2524457.66791898,1831423.62553888,3479744.62502622,-0.169178451771801,1195.48231173973,5477007.77771436,4323612.85040426,3125512.24516207,5980980.59257855,0.102696558697917,"/Users/9oy/Documents/Projects/IM3/EvaluationP/Script/Revision/5_UrbanScaling/data/model_evaldfs/unet_los_angeles_model/Evaldf_0.0005.csv",2.31338111169673,3.06913108089765
"unet_los_angeles_model","1","U-Net baseline","LALegacy","Los Angeles Model",5e-04,69,8,7,2014,826.405167118525,2055129.39768828,2111349.48863717,1533537.49777486,2906871.64131079,-0.0117209557194376,928.312433080921,7649795.89366982,2646047.70595034,1919036.35277941,3648481.41205059,0.461052177900682,"/Users/9oy/Documents/Projects/IM3/EvaluationP/Script/Revision/5_UrbanScaling/data/model_evaldfs/unet_los_angeles_model/Evaldf_0.0005.csv",2.31338111169673,3.06913108089765
"unet_los_angeles_model","1","U-Net baseline","LALegacy","Los Angeles Model",5e-04,70,8,8,1604,690.007510656634,1205701.82660851,1487581.37994515,1082982.29264785,2043337.52913822,-0.0912408147996816,946.876299027523,10406212.2773141,2749736.04161591,1993728.76030616,3792415.72329049,0.57800167473335,"/Users/9oy/Documents/Projects/IM3/EvaluationP/Script/Revision/5_UrbanScaling/data/model_evaldfs/unet_los_angeles_model/Evaldf_0.0005.csv",2.31338111169673,3.06913108089765
"unet_los_angeles_model","1","U-Net baseline","LALegacy","Los Angeles Model",5e-04,71,8,9,1141,677.204931305393,784902.680514203,1434467.86176277,1044566.10831642,1969906.9594999,-0.261875010389429,844.450768536356,3342836.78021573,2201770.28594474,1598769.17359882,3032202.81709387,0.181343165538517,"/Users/9oy/Documents/Projects/IM3/EvaluationP/Script/Revision/5_UrbanScaling/data/model_evaldfs/unet_los_angeles_model/Evaldf_0.0005.csv",2.31338111169673,3.06913108089765
"unet_los_angeles_model","1","U-Net baseline","LALegacy","Los Angeles Model",5e-04,72,8,10,1749,1635.56074220664,4372418.21995213,7945157.55353261,5720424.64823318,11035112.3268363,-0.259380818398396,1909.30696942455,8171242.01270831,10729390.8508537,7709699.48477834,14931817.8040103,-0.118286992626641,"/Users/9oy/Documents/Projects/IM3/EvaluationP/Script/Revision/5_UrbanScaling/data/model_evaldfs/unet_los_angeles_model/Evaldf_0.0005.csv",2.31338111169673,3.06913108089765
"unet_los_angeles_model","1","U-Net baseline","LALegacy","Los Angeles Model",5e-04,73,8,11,1656,886.21174778548,1316396.76966589,2418063.31280607,1754737.40325675,3332139.71155268,-0.264080860024417,978.77751534797,1770610.36496054,2932429.99363894,2125288.32441319,4046107.80044048,-0.21910465072734,"/Users/9oy/Documents/Projects/IM3/EvaluationP/Script/Revision/5_UrbanScaling/data/model_evaldfs/unet_los_angeles_model/Evaldf_0.0005.csv",2.31338111169673,3.06913108089765
"unet_los_angeles_model","1","U-Net baseline","LALegacy","Los Angeles Model",5e-04,74,8,12,1418,778.330204882674,1160951.95115856,1879446.32603808,1366150.58229085,2585599.66832855,-0.209215681706428,936.440919742935,1880688.50229895,2691211.47580185,1951572.63583312,3711170.71150967,-0.155630956548689,"/Users/9oy/Documents/Projects/IM3/EvaluationP/Script/Revision/5_UrbanScaling/data/model_evaldfs/unet_los_angeles_model/Evaldf_0.0005.csv",2.31338111169673,3.06913108089765
"unet_los_angeles_model","1","U-Net baseline","LALegacy","Los Angeles Model",5e-04,75,8,13,180,299.349300493636,164556.085630625,294049.872199241,216381.719342175,399596.267204339,-0.252107046931829,592.693337638552,538871.484006976,1107411.96381441,807789.080407869,1518170.13542704,-0.312824008842993,"/Users/9oy/Documents/Projects/IM3/EvaluationP/Script/Revision/5_UrbanScaling/data/model_evaldfs/unet_los_angeles_model/Evaldf_0.0005.csv",2.31338111169673,3.06913108089765
"unet_los_angeles_model","1","U-Net baseline","LALegacy","Los Angeles Model",5e-04,76,8,14,4417,786.74132817206,1059683.85364962,1919075.41187192,1394763.96597816,2640482.92491452,-0.257915724018264,1216.17159755223,4068648.38380041,4470053.69319648,3230661.23518302,6184919.60792899,-0.0408625804419245,"/Users/9oy/Documents/Projects/IM3/EvaluationP/Script/Revision/5_UrbanScaling/data/model_evaldfs/unet_los_angeles_model/Evaldf_0.0005.csv",2.31338111169673,3.06913108089765
"unet_los_angeles_model","1","U-Net baseline","LALegacy","Los Angeles Model",5e-04,77,8,15,2931,558.338248748934,332301.570301095,986202.94590962,719926.558129504,1350965.92775767,-0.472433901932909,788.600225938371,809308.014211478,1927887.71544455,1401126.17812614,2652688.31700281,-0.376967894971413,"/Users/9oy/Documents/Projects/IM3/EvaluationP/Script/Revision/5_UrbanScaling/data/model_evaldfs/unet_los_angeles_model/Evaldf_0.0005.csv",2.31338111169673,3.06913108089765
"unet_los_angeles_model","1","U-Net baseline","LALegacy","Los Angeles Model",5e-04,78,8,16,35,325.37404813647,96468.0981185458,345704.372848679,254120.299353621,470295.028420349,-0.554321156575967,305.374695354039,236294.989904333,305648.663041884,224859.319892721,415464.679266407,-0.111767986946383,"/Users/9oy/Documents/Projects/IM3/EvaluationP/Script/Revision/5_UrbanScaling/data/model_evaldfs/unet_los_angeles_model/Evaldf_0.0005.csv",2.31338111169673,3.06913108089765
"unet_los_angeles_model","1","U-Net baseline","LALegacy","Los Angeles Model",5e-04,79,9,5,861,339.604532919456,124414.349527975,375659.712700966,275988.058807216,511327.266681304,-0.479924148734588,522.963589678479,1610113.25376242,868526.80653533,634556.48632796,1188765.42896229,0.26807319773064,"/Users/9oy/Documents/Projects/IM3/EvaluationP/Script/Revision/5_UrbanScaling/data/model_evaldfs/unet_los_angeles_model/Evaldf_0.0005.csv",2.31338111169673,3.06913108089765
"unet_los_angeles_model","1","U-Net baseline","LALegacy","Los Angeles Model",5e-04,80,9,6,1697,615.37601840602,1828957.35637697,1191167.18868938,868464.285347895,1633779.6445386,0.186230857621826,787.79014517315,3831196.41517572,1924045.0343419,1398351.90426909,2647366.0048475,0.299119184718498,"/Users/9oy/Documents/Projects/IM3/EvaluationP/Script/Revision/5_UrbanScaling/data/model_evaldfs/unet_los_angeles_model/Evaldf_0.0005.csv",2.31338111169673,3.06913108089765
"unet_los_angeles_model","1","U-Net baseline","LALegacy","Los Angeles Model",5e-04,81,9,7,2248,410.749907647459,1113373.26953979,543442.031657634,398279.322351656,741512.865966514,0.31148756512686,597.335393158405,4586798.08781329,1124311.64063128,820034.169707593,1541492.67427448,0.610622915600731,"/Users/9oy/Documents/Projects/IM3/EvaluationP/Script/Revision/5_UrbanScaling/data/model_evaldfs/unet_los_angeles_model/Evaldf_0.0005.csv",2.31338111169673,3.06913108089765
"unet_los_angeles_model","1","U-Net baseline","LALegacy","Los Angeles Model",5e-04,82,9,8,1464,861.88891599427,2121197.27075217,2290892.93110908,1663046.97923343,3155767.98932324,-0.0334237324909671,1163.00822556604,7105420.11457003,4098530.89560854,2963850.28846924,5667612.6886738,0.238961547847324,"/Users/9oy/Documents/Projects/IM3/EvaluationP/Script/Revision/5_UrbanScaling/data/model_evaldfs/unet_los_angeles_model/Evaldf_0.0005.csv",2.31338111169673,3.06913108089765
"unet_los_angeles_model","1","U-Net baseline","LALegacy","Los Angeles Model",5e-04,83,9,9,1423,574.133713759275,820473.83448445,1041085.42607472,759718.370191015,1426658.75528675,-0.103421631288457,767.090833342516,1898132.83409414,1827118.00996751,1328361.84368034,2513140.70652499,0.0165600032268059,"/Users/9oy/Documents/Projects/IM3/EvaluationP/Script/Revision/5_UrbanScaling/data/model_evaldfs/unet_los_angeles_model/Evaldf_0.0005.csv",2.31338111169673,3.06913108089765
"unet_los_angeles_model","1","U-Net baseline","LALegacy","Los Angeles Model",5e-04,84,9,10,1692,932.206851139668,1374560.07105348,2667639.75471969,1934591.8643484,3678451.24964267,-0.287963456762975,957.598877366374,2446849.68883005,2810507.01471514,2037496.72390109,3876791.35239997,-0.0601773823320428,"/Users/9oy/Documents/Projects/IM3/EvaluationP/Script/Revision/5_UrbanScaling/data/model_evaldfs/unet_los_angeles_model/Evaldf_0.0005.csv",2.31338111169673,3.06913108089765
"unet_los_angeles_model","1","U-Net baseline","LALegacy","Los Angeles Model",5e-04,85,9,11,1663,1073.40511488641,2408565.60538472,3507793.90613206,2539273.07100466,4845724.64001635,-0.163275589001432,1255.1810252176,7194605.82769646,4752594.95675978,3433470.69359092,6578520.9307832,0.180076202326128,"/Users/9oy/Documents/Projects/IM3/EvaluationP/Script/Revision/5_UrbanScaling/data/model_evaldfs/unet_los_angeles_model/Evaldf_0.0005.csv",2.31338111169673,3.06913108089765
"unet_los_angeles_model","1","U-Net baseline","LALegacy","Los Angeles Model",5e-04,86,9,12,2144,709.670520039164,756893.545520343,1570978.47827782,1143283.9265613,2158670.58206192,-0.317135433668433,803.426761161533,1377410.66346724,1998874.96506018,1452369.84486769,2751021.81449406,-0.161722187864502,"/Users/9oy/Documents/Projects/IM3/EvaluationP/Script/Revision/5_UrbanScaling/data/model_evaldfs/unet_los_angeles_model/Evaldf_0.0005.csv",2.31338111169673,3.06913108089765
"unet_los_angeles_model","1","U-Net baseline","LALegacy","Los Angeles Model",5e-04,87,9,13,1169,407.661926136486,183761.022218193,535538.848601185,392525.265053517,730658.33946251,-0.464537582460501,678.42266324901,581185.791516377,1439479.51476671,1048191.35609349,1976834.9179634,-0.393890500429934,"/Users/9oy/Documents/Projects/IM3/EvaluationP/Script/Revision/5_UrbanScaling/data/model_evaldfs/unet_los_angeles_model/Evaldf_0.0005.csv",2.31338111169673,3.06913108089765
"unet_los_angeles_model","1","U-Net baseline","LALegacy","Los Angeles Model",5e-04,88,9,14,89,253.179111692682,72448.9760375539,212417.924396493,156648.156592638,288042.806161147,-0.467158909173145,483.14763940328,389491.767438766,744764.648601189,544688.129624864,1018333.88986844,-0.281520771443482,"/Users/9oy/Documents/Projects/IM3/EvaluationP/Script/Revision/5_UrbanScaling/data/model_evaldfs/unet_los_angeles_model/Evaldf_0.0005.csv",2.31338111169673,3.06913108089765
"unet_los_angeles_model","1","U-Net baseline","LALegacy","Los Angeles Model",5e-04,89,10,5,11,38.9369685742227,4869.72615331585,5607.7921567459,4236.14408589584,7423.57489160109,-0.0612873693103372,0,0,0,0,0,NA,"/Users/9oy/Documents/Projects/IM3/EvaluationP/Script/Revision/5_UrbanScaling/data/model_evaldfs/unet_los_angeles_model/Evaldf_0.0005.csv",2.31338111169673,3.06913108089765
"unet_los_angeles_model","1","U-Net baseline","LALegacy","Los Angeles Model",5e-04,90,10,6,540,288.16294851965,213758.293895925,273093.7679447,201059.147614142,370936.647127156,-0.106388815060833,392.633466133176,678205.569726434,497878.042451059,365097.756239843,678948.421123842,0.134238378748734,"/Users/9oy/Documents/Projects/IM3/EvaluationP/Script/Revision/5_UrbanScaling/data/model_evaldfs/unet_los_angeles_model/Evaldf_0.0005.csv",2.31338111169673,3.06913108089765
"unet_los_angeles_model","1","U-Net baseline","LALegacy","Los Angeles Model",5e-04,91,10,7,2166,294.259339746949,528486.867883915,284421.391826903,209342.548539763,386426.594560099,0.269071942874268,65.9979350819489,244861.16653676,15619.7714371839,11719.5134518941,20818.0365807281,1.19524523958022,"/Users/9oy/Documents/Projects/IM3/EvaluationP/Script/Revision/5_UrbanScaling/data/model_evaldfs/unet_los_angeles_model/Evaldf_0.0005.csv",2.31338111169673,3.06913108089765
"unet_los_angeles_model","1","U-Net baseline","LALegacy","Los Angeles Model",5e-04,92,10,8,310,359.475292674996,363431.457918811,419503.866082585,307974.243252608,571422.765097566,-0.0623134512906454,422.343926117569,857660.806415707,573615.783010418,420242.85052389,782964.103038202,0.174694471624493,"/Users/9oy/Documents/Projects/IM3/EvaluationP/Script/Revision/5_UrbanScaling/data/model_evaldfs/unet_los_angeles_model/Evaldf_0.0005.csv",2.31338111169673,3.06913108089765
"unet_los_angeles_model","1","U-Net baseline","LALegacy","Los Angeles Model",5e-04,93,10,9,1581,512.568222529316,1125685.19577736,835325.201684397,610456.41159992,1143027.0520713,0.129561370361952,557.114142758181,1693581.74777007,982009.888885921,716885.845389827,1345184.07368659,0.236690303341977,"/Users/9oy/Documents/Projects/IM3/EvaluationP/Script/Revision/5_UrbanScaling/data/model_evaldfs/unet_los_angeles_model/Evaldf_0.0005.csv",2.31338111169673,3.06913108089765
"unet_los_angeles_model","1","U-Net baseline","LALegacy","Los Angeles Model",5e-04,94,10,10,1043,894.365844177321,915825.104174037,2461441.71079476,1786006.0407489,3392315.11955005,-0.429377011703236,989.426300230363,1500713.71006978,2994681.88988178,2170103.91310894,4132576.12569253,-0.3000528460982,"/Users/9oy/Documents/Projects/IM3/EvaluationP/Script/Revision/5_UrbanScaling/data/model_evaldfs/unet_los_angeles_model/Evaldf_0.0005.csv",2.31338111169673,3.06913108089765
"unet_los_angeles_model","1","U-Net baseline","LALegacy","Los Angeles Model",5e-04,95,10,11,2489,813.933617273265,1313817.99314672,2049933.40015871,1489219.9988383,2821763.7074202,-0.193204546215099,1029.82299084122,5302846.27341038,3236597.50207388,2344203.31175646,4468709.40668613,0.214420342728336,"/Users/9oy/Documents/Projects/IM3/EvaluationP/Script/Revision/5_UrbanScaling/data/model_evaldfs/unet_los_angeles_model/Evaldf_0.0005.csv",2.31338111169673,3.06913108089765
"unet_los_angeles_model","1","U-Net baseline","LALegacy","Los Angeles Model",5e-04,96,10,12,1490,516.198062168779,430759.095047072,846847.190117067,618820.591942009,1158898.35074586,-0.293570594944611,550.153533001823,879606.67503288,958331.713744386,699713.330180622,1312537.05475524,-0.0372273439322629,"/Users/9oy/Documents/Projects/IM3/EvaluationP/Script/Revision/5_UrbanScaling/data/model_evaldfs/unet_los_angeles_model/Evaldf_0.0005.csv",2.31338111169673,3.06913108089765
"unet_los_angeles_model","1","U-Net baseline","LALegacy","Los Angeles Model",5e-04,97,10,13,323,488.623570163375,691297.116513048,761238.620292355,556655.871883454,1041009.83443131,-0.0418560680594384,288.264149193542,303228.778749071,273279.985250615,201195.338396449,371191.255889926,0.0451625912416359,"/Users/9oy/Documents/Projects/IM3/EvaluationP/Script/Revision/5_UrbanScaling/data/model_evaldfs/unet_los_angeles_model/Evaldf_0.0005.csv",2.31338111169673,3.06913108089765
"unet_los_angeles_model","1","U-Net baseline","LALegacy","Los Angeles Model",5e-04,98,11,9,1483,430.637073727365,417701.900186609,595683.584838744,436301.179112599,813288.962381562,-0.154149181538971,723.861362016473,1292791.54934371,1632535.75502897,1187780.26621617,2243826.62959899,-0.101334197199452,"/Users/9oy/Documents/Projects/IM3/EvaluationP/Script/Revision/5_UrbanScaling/data/model_evaldfs/unet_los_angeles_model/Evaldf_0.0005.csv",2.31338111169673,3.06913108089765
"unet_los_angeles_model","1","U-Net baseline","LALegacy","Los Angeles Model",5e-04,99,11,10,1600,880.828853239647,930357.514059979,2389632.20471212,1734241.27541763,3292703.3595266,-0.409681192984341,848.991217894146,1925273.24509007,2224810.43194923,1615388.00988572,3064143.98758619,-0.0628006366135237,"/Users/9oy/Documents/Projects/IM3/EvaluationP/Script/Revision/5_UrbanScaling/data/model_evaldfs/unet_los_angeles_model/Evaldf_0.0005.csv",2.31338111169673,3.06913108089765
"unet_los_angeles_model","1","U-Net baseline","LALegacy","Los Angeles Model",5e-04,100,11,11,2218,794.263582812301,1466996.51402486,1954856.11631231,1420595.34226725,2690042.9149547,-0.124685715594772,934.015168190648,5985965.28678542,2677694.63671249,1941835.3958356,3692408.00886394,0.349373145273413,"/Users/9oy/Documents/Projects/IM3/EvaluationP/Script/Revision/5_UrbanScaling/data/model_evaldfs/unet_los_angeles_model/Evaldf_0.0005.csv",2.31338111169673,3.06913108089765
"unet_los_angeles_model","1","U-Net baseline","LALegacy","Los Angeles Model",5e-04,101,11,12,4341,509.134867731325,441247.678925953,824497.349450544,602595.431258418,1128113.23151145,-0.271506829932976,956.38611475605,1304734.19120053,2803601.29250715,2032523.46016503,3867202.69723703,-0.332194208094181,"/Users/9oy/Documents/Projects/IM3/EvaluationP/Script/Revision/5_UrbanScaling/data/model_evaldfs/unet_los_angeles_model/Evaldf_0.0005.csv",2.31338111169673,3.06913108089765
"unet_los_angeles_model","1","U-Net baseline","LALegacy","Los Angeles Model",5e-04,102,11,13,855,350.802376657023,217751.985366596,400078.857125631,293805.743928552,544792.248710684,-0.264183477522522,1039.40080721279,1207289.01423203,3295289.69524865,2386429.08640227,4550285.71244187,-0.436082351498042,"/Users/9oy/Documents/Projects/IM3/EvaluationP/Script/Revision/5_UrbanScaling/data/model_evaldfs/unet_los_angeles_model/Evaldf_0.0005.csv",2.31338111169673,3.06913108089765
"unet_los_angeles_model","1","U-Net baseline","LALegacy","Los Angeles Model",5e-04,103,12,9,156,646.904342986055,497817.198760455,1312495.48956298,956309.142798308,1801346.79574686,-0.421027922924793,2165.45513946649,14098777.8418376,13699737.5852217,9828161.73001036,19096430.7527466,0.0124692188547669,"/Users/9oy/Documents/Projects/IM3/EvaluationP/Script/Revision/5_UrbanScaling/data/model_evaldfs/unet_los_angeles_model/Evaldf_0.0005.csv",2.31338111169673,3.06913108089765
"unet_los_angeles_model","1","U-Net baseline","LALegacy","Los Angeles Model",5e-04,104,12,10,1485,668.979748141724,564819.009662614,1400838.61123649,1020237.74697026,1923423.06541633,-0.394478798682458,994.441513579448,2088964.40383936,3024219.99222827,2191366.44145338,4173608.93567729,-0.160682340439566,"/Users/9oy/Documents/Projects/IM3/EvaluationP/Script/Revision/5_UrbanScaling/data/model_evaldfs/unet_los_angeles_model/Evaldf_0.0005.csv",2.31338111169673,3.06913108089765
"unet_los_angeles_model","1","U-Net baseline","LALegacy","Los Angeles Model",5e-04,105,12,11,2575,763.257159738499,1278541.30266984,1809433.0809128,1315589.11530762,2488655.48992934,-0.150827763764684,1067.68940591525,3583007.32768692,3471624.46064977,2513262.57324267,4795430.65817906,0.0137149566589502,"/Users/9oy/Documents/Projects/IM3/EvaluationP/Script/Revision/5_UrbanScaling/data/model_evaldfs/unet_los_angeles_model/Evaldf_0.0005.csv",2.31338111169673,3.06913108089765
"unet_los_angeles_model","1","U-Net baseline","LALegacy","Los Angeles Model",5e-04,106,12,12,5417,548.137745335075,400587.560151571,951526.867504363,694777.622406685,1303155.6434509,-0.375723597039086,982.226450640545,2295147.61792145,2952522.75017013,2139753.92633128,4074015.4664507,-0.109382629219541,"/Users/9oy/Documents/Projects/IM3/EvaluationP/Script/Revision/5_UrbanScaling/data/model_evaldfs/unet_los_angeles_model/Evaldf_0.0005.csv",2.31338111169673,3.06913108089765
"unet_los_angeles_model","1","U-Net baseline","LALegacy","Los Angeles Model",5e-04,107,12,13,1890,419.842788713045,269717.506933114,567039.639131738,415456.729325644,773928.858652877,-0.322704282752959,1137.45602827051,1321323.88637679,3925529.84829224,2839554.92875699,5426830.95641995,-0.472888997857899,"/Users/9oy/Documents/Projects/IM3/EvaluationP/Script/Revision/5_UrbanScaling/data/model_evaldfs/unet_los_angeles_model/Evaldf_0.0005.csv",2.31338111169673,3.06913108089765
"unet_los_angeles_model","1","U-Net baseline","LALegacy","Los Angeles Model",0.001,1,1,4,376,405.569753732188,320208.242257077,530216.183669914,388649.685115591,723348.589210553,-0.219020472874085,673.284322352117,776669.807421671,1418389.92386548,1032935.34472159,1947682.38535336,-0.261559214866573,"/Users/9oy/Documents/Projects/IM3/EvaluationP/Script/Revision/5_UrbanScaling/data/model_evaldfs/unet_los_angeles_model/Evaldf_0.001.csv",1.89520332784927,3.06913108089765
"unet_los_angeles_model","1","U-Net baseline","LALegacy","Los Angeles Model",0.001,2,1,5,2873,374.503417665747,166862.741347529,454218.950709619,333284.555996692,619035.150208986,-0.434905875466826,919.540035845735,1253510.86855836,2597722.15738253,1884218.23128624,3581411.2690915,-0.31646459485402,"/Users/9oy/Documents/Projects/IM3/EvaluationP/Script/Revision/5_UrbanScaling/data/model_evaldfs/unet_los_angeles_model/Evaldf_0.001.csv",1.89520332784927,3.06913108089765
"unet_los_angeles_model","1","U-Net baseline","LALegacy","Los Angeles Model",0.001,3,1,6,1631,271.820807717588,157939.464890293,243831.290232356,179649.99174781,330941.835944171,-0.188598774474568,382.277176224914,608163.144087705,472701.090539566,346754.354811977,644393.698006926,0.109433493246531,"/Users/9oy/Documents/Projects/IM3/EvaluationP/Script/Revision/5_UrbanScaling/data/model_evaldfs/unet_los_angeles_model/Evaldf_0.001.csv",1.89520332784927,3.06913108089765
"unet_los_angeles_model","1","U-Net baseline","LALegacy","Los Angeles Model",0.001,4,1,7,540,498.991576434111,352968.264192088,792908.51947976,579658.121000708,1084611.59688094,-0.351487424998503,820.132858823158,1685056.64388418,2080351.65564922,1511170.72044647,2863914.01885011,-0.0915222484036353,"/Users/9oy/Documents/Projects/IM3/EvaluationP/Script/Revision/5_UrbanScaling/data/model_evaldfs/unet_los_angeles_model/Evaldf_0.001.csv",1.89520332784927,3.06913108089765
"unet_los_angeles_model","1","U-Net baseline","LALegacy","Los Angeles Model",0.001,5,2,3,348,257.358133440795,87876.4103933852,219277.367631842,161672.666334375,297406.884204562,-0.397121500573087,583.114429750892,488822.873437225,1072931.80534022,782801.751128536,1470592.85093704,-0.341420599838488,"/Users/9oy/Documents/Projects/IM3/EvaluationP/Script/Revision/5_UrbanScaling/data/model_evaldfs/unet_los_angeles_model/Evaldf_0.001.csv",1.89520332784927,3.06913108089765
"unet_los_angeles_model","1","U-Net baseline","LALegacy","Los Angeles Model",0.001,6,2,4,1396,566.032024844621,394385.417396588,1012755.50577962,739179.919362328,1387583.30363163,-0.409583764571354,1088.67011100457,3302729.19463101,3605282.68065437,2609371.29047683,4981300.76576843,-0.0380663568426028,"/Users/9oy/Documents/Projects/IM3/EvaluationP/Script/Revision/5_UrbanScaling/data/model_evaldfs/unet_los_angeles_model/Evaldf_0.001.csv",1.89520332784927,3.06913108089765
"unet_los_angeles_model","1","U-Net baseline","LALegacy","Los Angeles Model",0.001,7,2,5,1481,774.178110954438,654053.843093664,1860031.54296771,1352131.07700157,2558714.46169776,-0.453906807340384,1117.40056776099,2449083.63757663,3792279.82981508,2743794.69148165,5241422.16335305,-0.189896759372848,"/Users/9oy/Documents/Projects/IM3/EvaluationP/Script/Revision/5_UrbanScaling/data/model_evaldfs/unet_los_angeles_model/Evaldf_0.001.csv",1.89520332784927,3.06913108089765
"unet_los_angeles_model","1","U-Net baseline","LALegacy","Los Angeles Model",0.001,8,2,6,1384,651.993086905009,607425.965214367,1332612.53550581,970869.076289132,1829140.72881478,-0.341210541773022,816.481194901174,1445455.32557506,2062407.48376139,1498221.92901256,2839048.43915773,-0.154369802362713,"/Users/9oy/Documents/Projects/IM3/EvaluationP/Script/Revision/5_UrbanScaling/data/model_evaldfs/unet_los_angeles_model/Evaldf_0.001.csv",1.89520332784927,3.06913108089765
"unet_los_angeles_model","1","U-Net baseline","LALegacy","Los Angeles Model",0.001,9,2,7,2309,280.546723627965,263582.435791836,259256.015494258,190937.102112344,352020.015106397,0.00718762495234905,391.641129620083,866225.085654845,495438.159967142,363320.382495047,675599.229159609,0.242641302575761,"/Users/9oy/Documents/Projects/IM3/EvaluationP/Script/Revision/5_UrbanScaling/data/model_evaldfs/unet_los_angeles_model/Evaldf_0.001.csv",1.89520332784927,3.06913108089765
"unet_los_angeles_model","1","U-Net baseline","LALegacy","Los Angeles Model",0.001,10,2,8,427,372.134912119349,174464.637970004,448658.880335099,329231.668976676,611407.740723163,-0.410208854608748,714.296708224943,1037885.38753054,1590919.99554161,1157699.78488831,2186254.55861023,-0.185498942791545,"/Users/9oy/Documents/Projects/IM3/EvaluationP/Script/Revision/5_UrbanScaling/data/model_evaldfs/unet_los_angeles_model/Evaldf_0.001.csv",1.89520332784927,3.06913108089765
"unet_los_angeles_model","1","U-Net baseline","LALegacy","Los Angeles Model",0.001,11,3,3,527,238.526709003116,96742.2221906571,189203.606498009,139635.59291245,256367.334181755,-0.291313351424751,748.711936674946,967507.682325204,1743094.06972155,1267669.12896712,2396821.74667618,-0.255666403209717,"/Users/9oy/Documents/Projects/IM3/EvaluationP/Script/Revision/5_UrbanScaling/data/model_evaldfs/unet_los_angeles_model/Evaldf_0.001.csv",1.89520332784927,3.06913108089765
"unet_los_angeles_model","1","U-Net baseline","LALegacy","Los Angeles Model",0.001,12,3,4,702,602.984703150176,937998.083665205,1145045.66180139,835055.868509934,1570109.99749006,-0.0866208545774402,1298.66393956768,7280178.78945513,5077422.95427707,3666535.42661807,7031221.80941227,0.156498702951587,"/Users/9oy/Documents/Projects/IM3/EvaluationP/Script/Revision/5_UrbanScaling/data/model_evaldfs/unet_los_angeles_model/Evaldf_0.001.csv",1.89520332784927,3.06913108089765
"unet_los_angeles_model","1","U-Net baseline","LALegacy","Los Angeles Model",0.001,13,3,5,1135,543.886222878923,324647.069957171,937251.788988994,684422.826450049,1283476.94146811,-0.460444790477493,896.596957145314,1312205.57855719,2473376.0037758,1794608.04622819,3408871.85305538,-0.275288263296267,"/Users/9oy/Documents/Projects/IM3/EvaluationP/Script/Revision/5_UrbanScaling/data/model_evaldfs/unet_los_angeles_model/Evaldf_0.001.csv",1.89520332784927,3.06913108089765
"unet_los_angeles_model","1","U-Net baseline","LALegacy","Los Angeles Model",0.001,14,3,6,1243,855.430708951852,765312.029665934,2257686.50369416,1639099.52145188,3109724.74962828,-0.469825096903308,1255.7773463723,2394884.38474863,4756979.18300034,3436617.07075511,6584629.73371849,-0.298046698619346,"/Users/9oy/Documents/Projects/IM3/EvaluationP/Script/Revision/5_UrbanScaling/data/model_evaldfs/unet_los_angeles_model/Evaldf_0.001.csv",1.89520332784927,3.06913108089765
"unet_los_angeles_model","1","U-Net baseline","LALegacy","Los Angeles Model",0.001,15,3,7,1433,592.989911820305,505236.812619195,1108487.94822457,808568.748853012,1519654.98679258,-0.341235989063609,872.297067332883,2967360.04739782,2344903.53803191,1701992.88215146,3230667.21390981,0.102245263132542,"/Users/9oy/Documents/Projects/IM3/EvaluationP/Script/Revision/5_UrbanScaling/data/model_evaldfs/unet_los_angeles_model/Evaldf_0.001.csv",1.89520332784927,3.06913108089765
"unet_los_angeles_model","1","U-Net baseline","LALegacy","Los Angeles Model",0.001,16,3,8,487,591.04887788702,825687.895125793,1101454.98434735,803472.506104425,1509949.71617107,-0.125150834821268,774.987524175917,1375231.96846462,1863808.60891756,1354858.58947204,2563944.7228429,-0.132025354055256,"/Users/9oy/Documents/Projects/IM3/EvaluationP/Script/Revision/5_UrbanScaling/data/model_evaldfs/unet_los_angeles_model/Evaldf_0.001.csv",1.89520332784927,3.06913108089765
"unet_los_angeles_model","1","U-Net baseline","LALegacy","Los Angeles Model",0.001,17,3,9,431,336.376969117979,114515.125780117,368759.859079259,270952.140105751,501873.997433943,-0.507880785899437,610.900175449458,638713.709103656,1174405.84728948,856324.110665345,1610639.09910945,-0.264511967114479,"/Users/9oy/Documents/Projects/IM3/EvaluationP/Script/Revision/5_UrbanScaling/data/model_evaldfs/unet_los_angeles_model/Evaldf_0.001.csv",1.89520332784927,3.06913108089765
"unet_los_angeles_model","1","U-Net baseline","LALegacy","Los Angeles Model",0.001,18,3,10,15,187.038482879255,45624.0870399764,118009.529368856,87365.5916634795,159401.988319393,-0.412722891258145,258.818089714603,85810.7424537562,221698.646556791,163445.99164498,300712.727124395,-0.412221382206662,"/Users/9oy/Documents/Projects/IM3/EvaluationP/Script/Revision/5_UrbanScaling/data/model_evaldfs/unet_los_angeles_model/Evaldf_0.001.csv",1.89520332784927,3.06913108089765
"unet_los_angeles_model","1","U-Net baseline","LALegacy","Los Angeles Model",0.001,19,4,1,473,204.542539096749,86013.5999559532,140391.727650798,103816.350761376,189852.918622417,-0.212774393748522,212.961918125678,245472.609263059,151827.239056222,112214.478096018,205423.675363093,0.208653344432248,"/Users/9oy/Documents/Projects/IM3/EvaluationP/Script/Revision/5_UrbanScaling/data/model_evaldfs/unet_los_angeles_model/Evaldf_0.001.csv",1.89520332784927,3.06913108089765
"unet_los_angeles_model","1","U-Net baseline","LALegacy","Los Angeles Model",0.001,20,4,2,320,294.74894813916,121461.111143115,285340.807728841,210014.780610727,387684.030231485,-0.370926636496706,327.102391751645,530926.127937993,349278.150543033,256729.838541717,475189.121528382,0.181862679622629,"/Users/9oy/Documents/Projects/IM3/EvaluationP/Script/Revision/5_UrbanScaling/data/model_evaldfs/unet_los_angeles_model/Evaldf_0.001.csv",1.89520332784927,3.06913108089765
"unet_los_angeles_model","1","U-Net baseline","LALegacy","Los Angeles Model",0.001,21,4,3,205,432.721898398655,749430.027471011,601294.753103684,440383.688207625,821000.844925849,0.0956436758074545,206.671442565237,238371.35404411,143242.265694176,105910.167704249,193733.492505626,0.221182881725673,"/Users/9oy/Documents/Projects/IM3/EvaluationP/Script/Revision/5_UrbanScaling/data/model_evaldfs/unet_los_angeles_model/Evaldf_0.001.csv",1.89520332784927,3.06913108089765
"unet_los_angeles_model","1","U-Net baseline","LALegacy","Los Angeles Model",0.001,22,4,4,152,279.734855755904,113895.995322442,257801.533797337,189872.972743703,350032.076013113,-0.354777042678316,635.537942798549,629591.243380593,1268097.39493246,924170.273477401,1740015.93557404,-0.304093931330306,"/Users/9oy/Documents/Projects/IM3/EvaluationP/Script/Revision/5_UrbanScaling/data/model_evaldfs/unet_los_angeles_model/Evaldf_0.001.csv",1.89520332784927,3.06913108089765
"unet_los_angeles_model","1","U-Net baseline","LALegacy","Los Angeles Model",0.001,23,4,5,951,282.924360972115,127122.649287638,263538.433114394,194069.9802653,357873.513633825,-0.316621024314597,653.161070196998,1517233.25313809,1337250.79172562,974225.858165118,1835549.39030137,0.0548394888559319,"/Users/9oy/Documents/Projects/IM3/EvaluationP/Script/Revision/5_UrbanScaling/data/model_evaldfs/unet_los_angeles_model/Evaldf_0.001.csv",1.89520332784927,3.06913108089765
"unet_los_angeles_model","1","U-Net baseline","LALegacy","Los Angeles Model",0.001,24,4,6,1767,394.690053373661,401177.584015359,502953.126119437,368794.602644001,685915.263563387,-0.0981908532430296,909.228821760083,3567706.25197583,2541471.90571006,1843685.02842345,3503352.98488417,0.147303776199519,"/Users/9oy/Documents/Projects/IM3/EvaluationP/Script/Revision/5_UrbanScaling/data/model_evaldfs/unet_los_angeles_model/Evaldf_0.001.csv",1.89520332784927,3.06913108089765
"unet_los_angeles_model","1","U-Net baseline","LALegacy","Los Angeles Model",0.001,25,4,7,1023,880.500813880881,1324367.63530308,2387904.85384628,1732995.96774422,3290307.47742872,-0.256008459336477,1820.67345309369,10780574.6070688,9783620.28431818,7034401.66373083,13607301.7213742,0.0421423206693129,"/Users/9oy/Documents/Projects/IM3/EvaluationP/Script/Revision/5_UrbanScaling/data/model_evaldfs/unet_los_angeles_model/Evaldf_0.001.csv",1.89520332784927,3.06913108089765
"unet_los_angeles_model","1","U-Net baseline","LALegacy","Los Angeles Model",0.001,26,4,8,713,745.62116769444,798841.347692386,1729152.26011316,1257596.74280399,2377524.87493559,-0.335372700980306,1421.17684778826,5989638.3714483,6048498.67269786,4362718.5142456,8385674.22449303,-0.0042469873294891,"/Users/9oy/Documents/Projects/IM3/EvaluationP/Script/Revision/5_UrbanScaling/data/model_evaldfs/unet_los_angeles_model/Evaldf_0.001.csv",1.89520332784927,3.06913108089765
"unet_los_angeles_model","1","U-Net baseline","LALegacy","Los Angeles Model",0.001,27,4,9,855,479.443672614944,306412.702824291,733720.622566604,536664.067172362,1003133.96202586,-0.379223960191001,879.806135614649,2591752.48512071,2384248.89851585,1730360.24197177,3285236.60691389,0.0362419329645811,"/Users/9oy/Documents/Projects/IM3/EvaluationP/Script/Revision/5_UrbanScaling/data/model_evaldfs/unet_los_angeles_model/Evaldf_0.001.csv",1.89520332784927,3.06913108089765
"unet_los_angeles_model","1","U-Net baseline","LALegacy","Los Angeles Model",0.001,28,4,10,784,492.156967975993,229802.094084351,771961.353613235,564444.625174967,1055771.11534662,-0.526241577069326,758.082984722014,1172112.03772333,1785696.62233466,1298444.44217099,2455794.27463673,-0.182838550931053,"/Users/9oy/Documents/Projects/IM3/EvaluationP/Script/Revision/5_UrbanScaling/data/model_evaldfs/unet_los_angeles_model/Evaldf_0.001.csv",1.89520332784927,3.06913108089765
"unet_los_angeles_model","1","U-Net baseline","LALegacy","Los Angeles Model",0.001,29,4,11,184,385.182339758921,91665.9765490401,479699.838977181,351854.13127577,653998.106204926,-0.718761403196508,512.875978477372,356728.374502348,836299.123907189,611163.442319268,1144368.55384189,-0.370023986931484,"/Users/9oy/Documents/Projects/IM3/EvaluationP/Script/Revision/5_UrbanScaling/data/model_evaldfs/unet_los_angeles_model/Evaldf_0.001.csv",1.89520332784927,3.06913108089765
"unet_los_angeles_model","1","U-Net baseline","LALegacy","Los Angeles Model",0.001,30,5,4,126,393.332747068465,125422.886294129,499600.872449468,366352.746215186,681313.390798661,-0.600246397352192,640.13877311343,1627828.24099768,1285979.37177063,937115.550609631,1764716.14791128,0.102374576551417,"/Users/9oy/Documents/Projects/IM3/EvaluationP/Script/Revision/5_UrbanScaling/data/model_evaldfs/unet_los_angeles_model/Evaldf_0.001.csv",1.89520332784927,3.06913108089765
"unet_los_angeles_model","1","U-Net baseline","LALegacy","Los Angeles Model",0.001,31,5,5,844,693.300317007673,543040.58286024,1501393.44290933,1092970.84335054,2062435.86837216,-0.441662228046362,1317.30296865282,3739732.93605641,5219847.22637173,3768693.62502469,7229774.4995077,-0.144817203106626,"/Users/9oy/Documents/Projects/IM3/EvaluationP/Script/Revision/5_UrbanScaling/data/model_evaldfs/unet_los_angeles_model/Evaldf_0.001.csv",1.89520332784927,3.06913108089765
"unet_los_angeles_model","1","U-Net baseline","LALegacy","Los Angeles Model",0.001,32,5,6,829,951.780172571033,984646.0268036,2777449.16142221,2013688.85792118,3830891.6563449,-0.450365985538951,2222.15039587044,14548170.1666346,14404620.708431,10330413.032276,20085653.6041179,0.00430654500264713,"/Users/9oy/Documents/Projects/IM3/EvaluationP/Script/Revision/5_UrbanScaling/data/model_evaldfs/unet_los_angeles_model/Evaldf_0.001.csv",1.89520332784927,3.06913108089765
"unet_los_angeles_model","1","U-Net baseline","LALegacy","Los Angeles Model",0.001,33,5,7,705,1058.92341630332,874406.215111427,3416505.84829612,2473621.72465682,4718794.34720805,-0.591868932640268,1887.66308965929,5185850.92273785,10494534.7539303,7542046.02670868,14602835.7970011,-0.30614316212242,"/Users/9oy/Documents/Projects/IM3/EvaluationP/Script/Revision/5_UrbanScaling/data/model_evaldfs/unet_los_angeles_model/Evaldf_0.001.csv",1.89520332784927,3.06913108089765
"unet_los_angeles_model","1","U-Net baseline","LALegacy","Los Angeles Model",0.001,34,5,8,1213,669.493874281218,1054833.30981064,1402929.31778814,1021750.33558826,1926312.72254618,-0.123851955402338,2444.8747159892,39575884.8140339,17339350.2093309,12419833.7359809,24207495.2107302,0.358397815043498,"/Users/9oy/Documents/Projects/IM3/EvaluationP/Script/Revision/5_UrbanScaling/data/model_evaldfs/unet_los_angeles_model/Evaldf_0.001.csv",1.89520332784927,3.06913108089765
"unet_los_angeles_model","1","U-Net baseline","LALegacy","Los Angeles Model",0.001,35,5,9,967,675.901906445855,483915.151414412,1429114.56724425,1040693.63688937,1962506.90300591,-0.470297825985494,1132.46179488706,1900084.45796615,3892139.16971136,2815560.73839382,5380366.01726563,-0.311415455181887,"/Users/9oy/Documents/Projects/IM3/EvaluationP/Script/Revision/5_UrbanScaling/data/model_evaldfs/unet_los_angeles_model/Evaldf_0.001.csv",1.89520332784927,3.06913108089765
"unet_los_angeles_model","1","U-Net baseline","LALegacy","Los Angeles Model",0.001,36,5,10,1355,706.478283432504,318245.859178644,1557289.24048133,1133387.18350255,2139736.37060585,-0.689606521423412,1023.95525762421,1215529.80873862,3200893.1335787,2318513.52767522,4419088.66620445,-0.420505561219109,"/Users/9oy/Documents/Projects/IM3/EvaluationP/Script/Revision/5_UrbanScaling/data/model_evaldfs/unet_los_angeles_model/Evaldf_0.001.csv",1.89520332784927,3.06913108089765
"unet_los_angeles_model","1","U-Net baseline","LALegacy","Los Angeles Model",0.001,37,5,11,3149,358.462499668026,527955.856912268,417212.457527098,306303.131744458,568280.950065572,0.102240344588972,527.458914235081,2451388.1358492,883078.62220764,645117.288597722,1208815.61660708,0.443412708500555,"/Users/9oy/Documents/Projects/IM3/EvaluationP/Script/Revision/5_UrbanScaling/data/model_evaldfs/unet_los_angeles_model/Evaldf_0.001.csv",1.89520332784927,3.06913108089765
"unet_los_angeles_model","1","U-Net baseline","LALegacy","Los Angeles Model",0.001,38,5,12,2408,383.981677571749,309186.048870198,476801.310301169,349742.121175881,650020.331381777,-0.188117550820726,629.473575385321,1272769.37688923,1244712.64764082,907239.557048012,1707718.27921415,0.00968061506597652,"/Users/9oy/Documents/Projects/IM3/EvaluationP/Script/Revision/5_UrbanScaling/data/model_evaldfs/unet_los_angeles_model/Evaldf_0.001.csv",1.89520332784927,3.06913108089765
"unet_los_angeles_model","1","U-Net baseline","LALegacy","Los Angeles Model",0.001,39,5,13,627,444.679082476,130806.368242643,633969.130428874,464151.600411827,865917.20890359,-0.685439223579797,529.765267232991,245348.627639153,890590.0150762,650568.138290938,1219166.03084353,-0.559894188602199,"/Users/9oy/Documents/Projects/IM3/EvaluationP/Script/Revision/5_UrbanScaling/data/model_evaldfs/unet_los_angeles_model/Evaldf_0.001.csv",1.89520332784927,3.06913108089765
"unet_los_angeles_model","1","U-Net baseline","LALegacy","Los Angeles Model",0.001,40,5,14,372,235.862514287189,121184.69387803,185122.668218226,136643.503443292,250801.548735596,-0.184011831118641,389.763262602793,376776.019954145,490836.908872074,359968.365309771,669283.454682939,-0.114853958230867,"/Users/9oy/Documents/Projects/IM3/EvaluationP/Script/Revision/5_UrbanScaling/data/model_evaldfs/unet_los_angeles_model/Evaldf_0.001.csv",1.89520332784927,3.06913108089765
"unet_los_angeles_model","1","U-Net baseline","LALegacy","Los Angeles Model",0.001,41,5,15,221,344.833027360518,152965.706459166,386968.697360461,284240.701894152,526823.82128586,-0.403081758728267,464.215407895675,439048.294986287,689156.084555248,504277.351466182,941815.267924777,-0.195805299948753,"/Users/9oy/Documents/Projects/IM3/EvaluationP/Script/Revision/5_UrbanScaling/data/model_evaldfs/unet_los_angeles_model/Evaldf_0.001.csv",1.89520332784927,3.06913108089765
"unet_los_angeles_model","1","U-Net baseline","LALegacy","Los Angeles Model",0.001,42,5,16,74,383.153302720464,57893.3821609642,474806.489664644,348288.547733976,647282.846635129,-0.913887724255364,512.885626498752,173133.206799764,836329.664860772,611185.613808974,1144410.62178657,-0.683997128440116,"/Users/9oy/Documents/Projects/IM3/EvaluationP/Script/Revision/5_UrbanScaling/data/model_evaldfs/unet_los_angeles_model/Evaldf_0.001.csv",1.89520332784927,3.06913108089765
"unet_los_angeles_model","1","U-Net baseline","LALegacy","Los Angeles Model",0.001,43,6,5,1020,521.28330429587,605943.851187832,863117.659882265,630630.566812763,1181313.01272909,-0.15363761978383,1038.68675336805,18703882.5606851,3290896.38093141,2383268.5140759,4544179.10783618,0.754617558883984,"/Users/9oy/Documents/Projects/IM3/EvaluationP/Script/Revision/5_UrbanScaling/data/model_evaldfs/unet_los_angeles_model/Evaldf_0.001.csv",1.89520332784927,3.06913108089765
"unet_los_angeles_model","1","U-Net baseline","LALegacy","Los Angeles Model",0.001,44,6,6,1894,758.336356248896,962119.676897534,1786855.42171436,1299281.46947278,2457398.47225373,-0.268860317472979,1669.87340621542,9407703.01028866,8271931.05964477,5954109.68112573,11492036.1095161,0.0558766925558535,"/Users/9oy/Documents/Projects/IM3/EvaluationP/Script/Revision/5_UrbanScaling/data/model_evaldfs/unet_los_angeles_model/Evaldf_0.001.csv",1.89520332784927,3.06913108089765
"unet_los_angeles_model","1","U-Net baseline","LALegacy","Los Angeles Model",0.001,45,6,7,794,633.68855394267,489392.874623562,1260943.61896785,918991.112035833,1730135.13340022,-0.411038026342298,910.179821480569,2772965.39190108,2546634.8501144,1847405.62476457,3510517.11269078,0.0369777713802011,"/Users/9oy/Documents/Projects/IM3/EvaluationP/Script/Revision/5_UrbanScaling/data/model_evaldfs/unet_los_angeles_model/Evaldf_0.001.csv",1.89520332784927,3.06913108089765
"unet_los_angeles_model","1","U-Net baseline","LALegacy","Los Angeles Model",0.001,46,6,8,842,782.36659023063,1076445.62508851,1898413.75552266,1379846.12595444,2611867.16356855,-0.246398775001271,1504.48706738476,6679005.85108356,6755785.34507676,4869312.30077867,9373117.35405745,-0.00496401813919723,"/Users/9oy/Documents/Projects/IM3/EvaluationP/Script/Revision/5_UrbanScaling/data/model_evaldfs/unet_los_angeles_model/Evaldf_0.001.csv",1.89520332784927,3.06913108089765
"unet_los_angeles_model","1","U-Net baseline","LALegacy","Los Angeles Model",0.001,47,6,9,1391,532.564616682334,806799.108788884,899748.450429219,657213.798521609,1231786.78821237,-0.047355697563951,727.689718266758,2253482.5107051,1649338.894412,1199924.37648653,2267075.19400974,0.13554429130599,"/Users/9oy/Documents/Projects/IM3/EvaluationP/Script/Revision/5_UrbanScaling/data/model_evaldfs/unet_los_angeles_model/Evaldf_0.001.csv",1.89520332784927,3.06913108089765
"unet_los_angeles_model","1","U-Net baseline","LALegacy","Los Angeles Model",0.001,48,6,10,2337,382.926227806191,654054.031095164,474260.375697449,347890.601780464,646533.429778089,0.139596785665968,432.907072112222,1157303.49963683,601794.369339094,440747.180968937,821687.531096796,0.283999146446125,"/Users/9oy/Documents/Projects/IM3/EvaluationP/Script/Revision/5_UrbanScaling/data/model_evaldfs/unet_los_angeles_model/Evaldf_0.001.csv",1.89520332784927,3.06913108089765
"unet_los_angeles_model","1","U-Net baseline","LALegacy","Los Angeles Model",0.001,49,6,11,1784,630.445676003252,804304.322296044,1248446.95066682,909943.358100443,1712875.61445911,-0.190949690336877,790.747009849885,1867973.02927979,1938089.13062028,1408491.04585597,2666818.14504952,-0.0160031445265159,"/Users/9oy/Documents/Projects/IM3/EvaluationP/Script/Revision/5_UrbanScaling/data/model_evaldfs/unet_los_angeles_model/Evaldf_0.001.csv",1.89520332784927,3.06913108089765
"unet_los_angeles_model","1","U-Net baseline","LALegacy","Los Angeles Model",0.001,50,6,12,1799,534.399002530295,362615.554413781,905774.519712021,661586.267040808,1240091.46113206,-0.397573670162797,697.966707392815,606519.087996735,1521073.15705145,1107201.68880575,2089649.58461906,-0.399305628977548,"/Users/9oy/Documents/Projects/IM3/EvaluationP/Script/Revision/5_UrbanScaling/data/model_evaldfs/unet_los_angeles_model/Evaldf_0.001.csv",1.89520332784927,3.06913108089765
"unet_los_angeles_model","1","U-Net baseline","LALegacy","Los Angeles Model",0.001,51,6,13,2220,515.219034339542,596021.043836443,843731.98195896,616559.237297647,1154607.07474038,-0.150942917770331,826.698205302608,3231376.39946596,2112803.12238609,1534586.32726044,2908886.22859913,0.184528518743143,"/Users/9oy/Documents/Projects/IM3/EvaluationP/Script/Revision/5_UrbanScaling/data/model_evaldfs/unet_los_angeles_model/Evaldf_0.001.csv",1.89520332784927,3.06913108089765
"unet_los_angeles_model","1","U-Net baseline","LALegacy","Los Angeles Model",0.001,52,6,14,2343,490.632543664906,271538.448350516,767326.293400426,561077.909696282,1049390.1655518,-0.451148748113908,614.676786264456,1032449.41655927,1188541.08163993,866562.281267088,1630153.92347827,-0.0611454144209842,"/Users/9oy/Documents/Projects/IM3/EvaluationP/Script/Revision/5_UrbanScaling/data/model_evaldfs/unet_los_angeles_model/Evaldf_0.001.csv",1.89520332784927,3.06913108089765
"unet_los_angeles_model","1","U-Net baseline","LALegacy","Los Angeles Model",0.001,53,6,15,2667,506.409362692442,257498.200724861,815950.640154641,596390.07017905,1116342.27405713,-0.500889688738993,625.389577303888,895042.157953957,1229083.3305036,895922.653737882,1686134.20703145,-0.137737836794611,"/Users/9oy/Documents/Projects/IM3/EvaluationP/Script/Revision/5_UrbanScaling/data/model_evaldfs/unet_los_angeles_model/Evaldf_0.001.csv",1.89520332784927,3.06913108089765
"unet_los_angeles_model","1","U-Net baseline","LALegacy","Los Angeles Model",0.001,54,6,16,2060,534.652599062888,624933.648452354,906609.134286086,662191.841611863,1241241.69269476,-0.161586181238035,681.054275436625,803461.307266405,1450339.02710266,1056046.44676685,1991847.32828467,-0.256504566496438,"/Users/9oy/Documents/Projects/IM3/EvaluationP/Script/Revision/5_UrbanScaling/data/model_evaldfs/unet_los_angeles_model/Evaldf_0.001.csv",1.89520332784927,3.06913108089765
"unet_los_angeles_model","1","U-Net baseline","LALegacy","Los Angeles Model",0.001,55,7,5,256,962.092825953946,471474.545082978,2836168.30202776,2055976.39392862,3912423.63539818,-0.779273748750889,832.259801957495,1396697.43707579,2140483.72060941,1554557.5948064,2947250.44186252,-0.185409592946458,"/Users/9oy/Documents/Projects/IM3/EvaluationP/Script/Revision/5_UrbanScaling/data/model_evaldfs/unet_los_angeles_model/Evaldf_0.001.csv",1.89520332784927,3.06913108089765
"unet_los_angeles_model","1","U-Net baseline","LALegacy","Los Angeles Model",0.001,56,7,6,1440,787.503272181076,842172.290053593,1922685.12135567,1397370.08853066,2645482.47184078,-0.358507217788217,1298.05081345611,6011821.84378054,5072770.40408238,3663197.92461287,7024736.33751409,0.0737608956917206,"/Users/9oy/Documents/Projects/IM3/EvaluationP/Script/Revision/5_UrbanScaling/data/model_evaldfs/unet_los_angeles_model/Evaldf_0.001.csv",1.89520332784927,3.06913108089765
"unet_los_angeles_model","1","U-Net baseline","LALegacy","Los Angeles Model",0.001,57,7,7,1468,712.148630904424,656762.359550087,1581645.38557434,1150995.25597774,2173425.22718181,-0.38170086415328,1181.37426202109,6830594.79169797,4225111.45029169,3054772.02534888,5843829.46395065,0.208620353355097,"/Users/9oy/Documents/Projects/IM3/EvaluationP/Script/Revision/5_UrbanScaling/data/model_evaldfs/unet_los_angeles_model/Evaldf_0.001.csv",1.89520332784927,3.06913108089765
"unet_los_angeles_model","1","U-Net baseline","LALegacy","Los Angeles Model",0.001,58,7,8,1181,683.631351638368,711215.689503863,1461011.84181105,1063766.11284725,2006602.36882222,-0.31265240734104,1050.11801577532,7428508.19374722,3361570.14880052,2434108.21426945,4642420.4967807,0.34435942824005,"/Users/9oy/Documents/Projects/IM3/EvaluationP/Script/Revision/5_UrbanScaling/data/model_evaldfs/unet_los_angeles_model/Evaldf_0.001.csv",1.89520332784927,3.06913108089765
"unet_los_angeles_model","1","U-Net baseline","LALegacy","Los Angeles Model",0.001,59,7,9,1236,593.687885325835,736460.234406931,1111022.22666961,810405.091120987,1523152.31194621,-0.178573445518877,1201.43129069522,7251579.66513516,4365478.04666436,3155575.10387965,6039279.03743383,0.220400813890621,"/Users/9oy/Documents/Projects/IM3/EvaluationP/Script/Revision/5_UrbanScaling/data/model_evaldfs/unet_los_angeles_model/Evaldf_0.001.csv",1.89520332784927,3.06913108089765
"unet_los_angeles_model","1","U-Net baseline","LALegacy","Los Angeles Model",0.001,60,7,10,1155,685.141021605318,928640.328925633,1467281.67679024,1068300.92159403,2015270.67470088,-0.198665953916314,1109.84690137856,4906835.70819768,3742671.2992855,2708137.83234758,5172406.03014391,0.11761983027071,"/Users/9oy/Documents/Projects/IM3/EvaluationP/Script/Revision/5_UrbanScaling/data/model_evaldfs/unet_los_angeles_model/Evaldf_0.001.csv",1.89520332784927,3.06913108089765
"unet_los_angeles_model","1","U-Net baseline","LALegacy","Los Angeles Model",0.001,61,7,11,1226,490.382117578399,697688.592401433,766566.15939676,560525.767062938,1048343.73593805,-0.0408880210259926,655.994553274368,1453492.31057747,1348535.49462251,982392.460978863,1851142.03588733,0.0325503566144324,"/Users/9oy/Documents/Projects/IM3/EvaluationP/Script/Revision/5_UrbanScaling/data/model_evaldfs/unet_los_angeles_model/Evaldf_0.001.csv",1.89520332784927,3.06913108089765
"unet_los_angeles_model","1","U-Net baseline","LALegacy","Los Angeles Model",0.001,62,7,12,2081,477.135101437015,553014.838927761,726877.690993201,531691.919260156,993716.77192086,-0.11872455509753,792.044902540006,2553495.8108499,1944269.31642137,1412952.67950271,2675378.46781116,0.118378727320311,"/Users/9oy/Documents/Projects/IM3/EvaluationP/Script/Revision/5_UrbanScaling/data/model_evaldfs/unet_los_angeles_model/Evaldf_0.001.csv",1.89520332784927,3.06913108089765
"unet_los_angeles_model","1","U-Net baseline","LALegacy","Los Angeles Model",0.001,63,7,13,2157,236.800094045171,168120.404407351,186553.906009762,137692.91709396,252753.450083059,-0.0451839205859147,255.966596164736,439550.930781802,216981.561305101,159991.116490936,294272.575746833,0.30658637417387,"/Users/9oy/Documents/Projects/IM3/EvaluationP/Script/Revision/5_UrbanScaling/data/model_evaldfs/unet_los_angeles_model/Evaldf_0.001.csv",1.89520332784927,3.06913108089765
"unet_los_angeles_model","1","U-Net baseline","LALegacy","Los Angeles Model",0.001,64,7,14,2805,543.068680061566,408235.368279647,934518.770471757,682440.242513139,1279709.60380055,-0.359677400942279,724.231158505416,1545285.25060957,1634155.1981685,1188950.72005517,2246067.19745057,-0.0242846403733731,"/Users/9oy/Documents/Projects/IM3/EvaluationP/Script/Revision/5_UrbanScaling/data/model_evaldfs/unet_los_angeles_model/Evaldf_0.001.csv",1.89520332784927,3.06913108089765
"unet_los_angeles_model","1","U-Net baseline","LALegacy","Los Angeles Model",0.001,65,7,15,3917,775.252225067166,1101534.62656045,1865044.62186659,1355751.13695783,2565656.29689137,-0.228691073244211,1155.25252711303,4779601.99271333,4045638.63135385,2925852.75204905,5593990.30728401,0.0724046458491493,"/Users/9oy/Documents/Projects/IM3/EvaluationP/Script/Revision/5_UrbanScaling/data/model_evaldfs/unet_los_angeles_model/Evaldf_0.001.csv",1.89520332784927,3.06913108089765
"unet_los_angeles_model","1","U-Net baseline","LALegacy","Los Angeles Model",0.001,66,7,16,3141,1203.77433631569,3516816.70576524,4382020.62674762,3167453.59089918,6062316.05994598,-0.0955246837542786,1229.96104597647,7213943.35294946,4568969.7683616,3301673.04796849,6322698.95925853,0.198354443268808,"/Users/9oy/Documents/Projects/IM3/EvaluationP/Script/Revision/5_UrbanScaling/data/model_evaldfs/unet_los_angeles_model/Evaldf_0.001.csv",1.89520332784927,3.06913108089765
"unet_los_angeles_model","1","U-Net baseline","LALegacy","Los Angeles Model",0.001,67,8,5,180,505.052545442652,545602.915032864,811711.998463925,593312.43380121,1110504.90587065,-0.172525283623233,1244.22591636228,1770535.18860355,4672400.49397937,3375915.04981642,6466787.83499777,-0.421435498583696,"/Users/9oy/Documents/Projects/IM3/EvaluationP/Script/Revision/5_UrbanScaling/data/model_evaldfs/unet_los_angeles_model/Evaldf_0.001.csv",1.89520332784927,3.06913108089765
"unet_los_angeles_model","1","U-Net baseline","LALegacy","Los Angeles Model",0.001,68,8,6,1595,710.320257345707,1007594.12946141,1573771.8554221,1145303.35046045,2162534.36430006,-0.193656145823536,1195.48231173973,5477007.77771436,4323612.85040426,3125512.24516207,5980980.59257855,0.102696558697917,"/Users/9oy/Documents/Projects/IM3/EvaluationP/Script/Revision/5_UrbanScaling/data/model_evaldfs/unet_los_angeles_model/Evaldf_0.001.csv",1.89520332784927,3.06913108089765
"unet_los_angeles_model","1","U-Net baseline","LALegacy","Los Angeles Model",0.001,69,8,7,2014,724.843290084518,1694512.76667445,1636837.60601452,1190889.41561341,2249778.45410048,0.0150392509045105,928.312433080921,7649795.89366982,2646047.70595034,1919036.35277941,3648481.41205059,0.461052177900682,"/Users/9oy/Documents/Projects/IM3/EvaluationP/Script/Revision/5_UrbanScaling/data/model_evaldfs/unet_los_angeles_model/Evaldf_0.001.csv",1.89520332784927,3.06913108089765
"unet_los_angeles_model","1","U-Net baseline","LALegacy","Los Angeles Model",0.001,70,8,8,1604,546.567114836822,681659.342493832,946241.070657586,690943.554165075,1295868.75570634,-0.142434402925827,946.876299027523,10406212.2773141,2749736.04161591,1993728.76030616,3792415.72329049,0.57800167473335,"/Users/9oy/Documents/Projects/IM3/EvaluationP/Script/Revision/5_UrbanScaling/data/model_evaldfs/unet_los_angeles_model/Evaldf_0.001.csv",1.89520332784927,3.06913108089765
"unet_los_angeles_model","1","U-Net baseline","LALegacy","Los Angeles Model",0.001,71,8,9,1141,532.891399700986,489119.225640618,900820.524732724,657991.701345882,1233264.21308949,-0.265223538976466,844.450768536356,3342836.78021573,2201770.28594474,1598769.17359882,3032202.81709387,0.181343165538517,"/Users/9oy/Documents/Projects/IM3/EvaluationP/Script/Revision/5_UrbanScaling/data/model_evaldfs/unet_los_angeles_model/Evaldf_0.001.csv",1.89520332784927,3.06913108089765
"unet_los_angeles_model","1","U-Net baseline","LALegacy","Los Angeles Model",0.001,72,8,10,1749,1419.79936750076,3054279.30919151,6037122.9786743,4354567.59074785,8369798.63099975,-0.295921272595058,1909.30696942455,8171242.01270831,10729390.8508537,7709699.48477834,14931817.8040103,-0.118286992626641,"/Users/9oy/Documents/Projects/IM3/EvaluationP/Script/Revision/5_UrbanScaling/data/model_evaldfs/unet_los_angeles_model/Evaldf_0.001.csv",1.89520332784927,3.06913108089765
"unet_los_angeles_model","1","U-Net baseline","LALegacy","Los Angeles Model",0.001,73,8,11,1656,701.691518812305,725029.983740956,1536871.08834748,1118624.64715014,2111497.13911262,-0.32628147344942,978.77751534797,1770610.36496054,2932429.99363894,2125288.32441319,4046107.80044048,-0.21910465072734,"/Users/9oy/Documents/Projects/IM3/EvaluationP/Script/Revision/5_UrbanScaling/data/model_evaldfs/unet_los_angeles_model/Evaldf_0.001.csv",1.89520332784927,3.06913108089765
"unet_los_angeles_model","1","U-Net baseline","LALegacy","Los Angeles Model",0.001,74,8,12,1418,557.647311769277,468386.595002235,983835.143062219,718209.490115458,1347700.9174143,-0.322317874426954,936.440919742935,1880688.50229895,2691211.47580185,1951572.63583312,3711170.71150967,-0.155630956548689,"/Users/9oy/Documents/Projects/IM3/EvaluationP/Script/Revision/5_UrbanScaling/data/model_evaldfs/unet_los_angeles_model/Evaldf_0.001.csv",1.89520332784927,3.06913108089765
"unet_los_angeles_model","1","U-Net baseline","LALegacy","Los Angeles Model",0.001,75,8,13,180,187.438515533974,83896.4942717833,118499.996246961,87726.2896116892,160068.882118307,-0.14997452296457,592.693337638552,538871.484006976,1107411.96381441,807789.080407869,1518170.13542704,-0.312824008842993,"/Users/9oy/Documents/Projects/IM3/EvaluationP/Script/Revision/5_UrbanScaling/data/model_evaldfs/unet_los_angeles_model/Evaldf_0.001.csv",1.89520332784927,3.06913108089765
"unet_los_angeles_model","1","U-Net baseline","LALegacy","Los Angeles Model",0.001,76,8,14,4417,613.497807748098,604131.796898614,1184119.55500756,863359.850209866,1624049.48551923,-0.292263858994845,1216.17159755223,4068648.38380041,4470053.69319648,3230661.23518302,6184919.60792899,-0.0408625804419245,"/Users/9oy/Documents/Projects/IM3/EvaluationP/Script/Revision/5_UrbanScaling/data/model_evaldfs/unet_los_angeles_model/Evaldf_0.001.csv",1.89520332784927,3.06913108089765
"unet_los_angeles_model","1","U-Net baseline","LALegacy","Los Angeles Model",0.001,77,8,15,2931,416.558551826104,176766.127082267,558460.370135312,409212.179690747,762142.47886601,-0.499593313126275,788.600225938371,809308.014211478,1927887.71544455,1401126.17812614,2652688.31700281,-0.376967894971413,"/Users/9oy/Documents/Projects/IM3/EvaluationP/Script/Revision/5_UrbanScaling/data/model_evaldfs/unet_los_angeles_model/Evaldf_0.001.csv",1.89520332784927,3.06913108089765
"unet_los_angeles_model","1","U-Net baseline","LALegacy","Los Angeles Model",0.001,78,8,16,35,273.846405715484,142673.34923198,247371.031298388,182240.620056829,335778.198661454,-0.239005983309815,305.374695354039,236294.989904333,305648.663041884,224859.319892721,415464.679266407,-0.111767986946383,"/Users/9oy/Documents/Projects/IM3/EvaluationP/Script/Revision/5_UrbanScaling/data/model_evaldfs/unet_los_angeles_model/Evaldf_0.001.csv",1.89520332784927,3.06913108089765
"unet_los_angeles_model","1","U-Net baseline","LALegacy","Los Angeles Model",0.001,79,9,5,861,325.818795501416,113457.94399562,346622.294989625,254790.574515481,471552.040778395,-0.485021584079161,522.963589678479,1610113.25376242,868526.80653533,634556.48632796,1188765.42896229,0.26807319773064,"/Users/9oy/Documents/Projects/IM3/EvaluationP/Script/Revision/5_UrbanScaling/data/model_evaldfs/unet_los_angeles_model/Evaldf_0.001.csv",1.89520332784927,3.06913108089765
"unet_los_angeles_model","1","U-Net baseline","LALegacy","Los Angeles Model",0.001,80,9,6,1697,467.670332097641,1213634.63212244,699147.939915146,511539.9808271,955561.364132768,0.239518878613987,787.79014517315,3831196.41517572,1924045.0343419,1398351.90426909,2647366.0048475,0.299119184718498,"/Users/9oy/Documents/Projects/IM3/EvaluationP/Script/Revision/5_UrbanScaling/data/model_evaldfs/unet_los_angeles_model/Evaldf_0.001.csv",1.89520332784927,3.06913108089765
"unet_los_angeles_model","1","U-Net baseline","LALegacy","Los Angeles Model",0.001,81,9,7,2248,331.25340975296,575844.649025995,357934.186503497,263049.666687287,487044.456209957,0.206502155466444,597.335393158405,4586798.08781329,1124311.64063128,820034.169707593,1541492.67427448,0.610622915600731,"/Users/9oy/Documents/Projects/IM3/EvaluationP/Script/Revision/5_UrbanScaling/data/model_evaldfs/unet_los_angeles_model/Evaldf_0.001.csv",1.89520332784927,3.06913108089765
"unet_los_angeles_model","1","U-Net baseline","LALegacy","Los Angeles Model",0.001,82,9,8,1464,733.486047061269,985926.935129234,1674938.46641742,1218424.34969959,2302497.37456121,-0.230154125107337,1163.00822556604,7105420.11457003,4098530.89560854,2963850.28846924,5667612.6886738,0.238961547847324,"/Users/9oy/Documents/Projects/IM3/EvaluationP/Script/Revision/5_UrbanScaling/data/model_evaldfs/unet_los_angeles_model/Evaldf_0.001.csv",1.89520332784927,3.06913108089765
"unet_los_angeles_model","1","U-Net baseline","LALegacy","Los Angeles Model",0.001,83,9,9,1423,590.309360300562,838229.660423833,1098781.19465852,801534.961941384,1506260.07730339,-0.117548193872536,767.090833342516,1898132.83409414,1827118.00996751,1328361.84368034,2513140.70652499,0.0165600032268059,"/Users/9oy/Documents/Projects/IM3/EvaluationP/Script/Revision/5_UrbanScaling/data/model_evaldfs/unet_los_angeles_model/Evaldf_0.001.csv",1.89520332784927,3.06913108089765
"unet_los_angeles_model","1","U-Net baseline","LALegacy","Los Angeles Model",0.001,84,9,10,1692,680.311756770907,640184.577810024,1447270.96967237,1053827.24586519,1987605.90777547,-0.354244643143463,957.598877366374,2446849.68883005,2810507.01471514,2037496.72390109,3876791.35239997,-0.0601773823320428,"/Users/9oy/Documents/Projects/IM3/EvaluationP/Script/Revision/5_UrbanScaling/data/model_evaldfs/unet_los_angeles_model/Evaldf_0.001.csv",1.89520332784927,3.06913108089765
"unet_los_angeles_model","1","U-Net baseline","LALegacy","Los Angeles Model",0.001,85,9,11,1663,776.926314809456,1094173.52504975,1872870.93622183,1361402.57049445,2576493.99212646,-0.233421647940748,1255.1810252176,7194605.82769646,4752594.95675978,3433470.69359092,6578520.9307832,0.180076202326128,"/Users/9oy/Documents/Projects/IM3/EvaluationP/Script/Revision/5_UrbanScaling/data/model_evaldfs/unet_los_angeles_model/Evaldf_0.001.csv",1.89520332784927,3.06913108089765
"unet_los_angeles_model","1","U-Net baseline","LALegacy","Los Angeles Model",0.001,86,9,12,2144,623.88727023439,519208.007674575,1223358.14846387,891776.916229471,1678228.18933322,-0.372212237131798,803.426761161533,1377410.66346724,1998874.96506018,1452369.84486769,2751021.81449406,-0.161722187864502,"/Users/9oy/Documents/Projects/IM3/EvaluationP/Script/Revision/5_UrbanScaling/data/model_evaldfs/unet_los_angeles_model/Evaldf_0.001.csv",1.89520332784927,3.06913108089765
"unet_los_angeles_model","1","U-Net baseline","LALegacy","Los Angeles Model",0.001,87,9,13,1169,403.369605068413,174320.087741781,524646.631370336,384594.063942919,715700.302251919,-0.478519452872421,678.42266324901,581185.791516377,1439479.51476671,1048191.35609349,1976834.9179634,-0.393890500429934,"/Users/9oy/Documents/Projects/IM3/EvaluationP/Script/Revision/5_UrbanScaling/data/model_evaldfs/unet_los_angeles_model/Evaldf_0.001.csv",1.89520332784927,3.06913108089765
"unet_los_angeles_model","1","U-Net baseline","LALegacy","Los Angeles Model",0.001,88,9,14,89,203.134831654822,58074.9198455857,138522.112174434,102442.902311044,187308.004052887,-0.377530485952667,483.14763940328,389491.767438766,744764.648601189,544688.129624864,1018333.88986844,-0.281520771443482,"/Users/9oy/Documents/Projects/IM3/EvaluationP/Script/Revision/5_UrbanScaling/data/model_evaldfs/unet_los_angeles_model/Evaldf_0.001.csv",1.89520332784927,3.06913108089765
"unet_los_angeles_model","1","U-Net baseline","LALegacy","Los Angeles Model",0.001,89,10,5,11,59.4019090974536,26787.2115760006,12732.0820421585,9565.81076192727,16946.3851170306,0.323028079491206,0,0,0,0,0,NA,"/Users/9oy/Documents/Projects/IM3/EvaluationP/Script/Revision/5_UrbanScaling/data/model_evaldfs/unet_los_angeles_model/Evaldf_0.001.csv",1.89520332784927,3.06913108089765
"unet_los_angeles_model","1","U-Net baseline","LALegacy","Los Angeles Model",0.001,90,10,6,540,281.374960821957,273748.02527223,260743.911428838,192025.637164811,354053.700073695,0.0211368188963197,392.633466133176,678205.569726434,497878.042451059,365097.756239843,678948.421123842,0.134238378748734,"/Users/9oy/Documents/Projects/IM3/EvaluationP/Script/Revision/5_UrbanScaling/data/model_evaldfs/unet_los_angeles_model/Evaldf_0.001.csv",1.89520332784927,3.06913108089765
"unet_los_angeles_model","1","U-Net baseline","LALegacy","Los Angeles Model",0.001,91,10,7,2166,81.698150473794,72411.1218575822,23637.2747418456,17686.4924865501,31590.2521456067,0.486207872869913,65.9979350819489,244861.16653676,15619.7714371839,11719.5134518941,20818.0365807281,1.19524523958022,"/Users/9oy/Documents/Projects/IM3/EvaluationP/Script/Revision/5_UrbanScaling/data/model_evaldfs/unet_los_angeles_model/Evaldf_0.001.csv",1.89520332784927,3.06913108089765
"unet_los_angeles_model","1","U-Net baseline","LALegacy","Los Angeles Model",0.001,92,10,8,310,274.838305202344,274304.514559695,249113.401117905,183515.716970924,338158.974287541,0.0418358642250479,422.343926117569,857660.806415707,573615.783010418,420242.85052389,782964.103038202,0.174694471624493,"/Users/9oy/Documents/Projects/IM3/EvaluationP/Script/Revision/5_UrbanScaling/data/model_evaldfs/unet_los_angeles_model/Evaldf_0.001.csv",1.89520332784927,3.06913108089765
"unet_los_angeles_model","1","U-Net baseline","LALegacy","Los Angeles Model",0.001,93,10,9,1581,451.922293752533,870426.100699539,654169.504381782,478841.622602109,893693.698007328,0.124041610731581,557.114142758181,1693581.74777007,982009.888885921,716885.845389827,1345184.07368659,0.236690303341977,"/Users/9oy/Documents/Projects/IM3/EvaluationP/Script/Revision/5_UrbanScaling/data/model_evaldfs/unet_los_angeles_model/Evaldf_0.001.csv",1.89520332784927,3.06913108089765
"unet_los_angeles_model","1","U-Net baseline","LALegacy","Los Angeles Model",0.001,94,10,10,1043,734.764418739784,506851.833720287,1680610.14265105,1222522.8303729,2310345.77139149,-0.520585958174771,989.426300230363,1500713.71006978,2994681.88988178,2170103.91310894,4132576.12569253,-0.3000528460982,"/Users/9oy/Documents/Projects/IM3/EvaluationP/Script/Revision/5_UrbanScaling/data/model_evaldfs/unet_los_angeles_model/Evaldf_0.001.csv",1.89520332784927,3.06913108089765
"unet_los_angeles_model","1","U-Net baseline","LALegacy","Los Angeles Model",0.001,95,10,11,2489,690.097343765979,1027912.52193329,1487957.37416201,1083254.21069431,2043857.4117372,-0.160634333433739,1029.82299084122,5302846.27341038,3236597.50207388,2344203.31175646,4468709.40668613,0.214420342728336,"/Users/9oy/Documents/Projects/IM3/EvaluationP/Script/Revision/5_UrbanScaling/data/model_evaldfs/unet_los_angeles_model/Evaldf_0.001.csv",1.89520332784927,3.06913108089765
"unet_los_angeles_model","1","U-Net baseline","LALegacy","Los Angeles Model",0.001,96,10,12,1490,459.361985844039,303297.795871952,675237.515840314,494159.407448539,922669.276200474,-0.347587309246358,550.153533001823,879606.67503288,958331.713744386,699713.330180622,1312537.05475524,-0.0372273439322629,"/Users/9oy/Documents/Projects/IM3/EvaluationP/Script/Revision/5_UrbanScaling/data/model_evaldfs/unet_los_angeles_model/Evaldf_0.001.csv",1.89520332784927,3.06913108089765
"unet_los_angeles_model","1","U-Net baseline","LALegacy","Los Angeles Model",0.001,97,10,13,323,332.155265696802,226626.852858559,359828.39292563,264432.503387251,489639.02204499,-0.200784061343746,288.264149193542,303228.778749071,273279.985250615,201195.338396449,371191.255889926,0.0451625912416359,"/Users/9oy/Documents/Projects/IM3/EvaluationP/Script/Revision/5_UrbanScaling/data/model_evaldfs/unet_los_angeles_model/Evaldf_0.001.csv",1.89520332784927,3.06913108089765
"unet_los_angeles_model","1","U-Net baseline","LALegacy","Los Angeles Model",0.001,98,11,9,1483,403.409402748871,271546.48942793,524747.123685797,384667.24267379,715838.296764019,-0.286105874172489,723.861362016473,1292791.54934371,1632535.75502897,1187780.26621617,2243826.62959899,-0.101334197199452,"/Users/9oy/Documents/Projects/IM3/EvaluationP/Script/Revision/5_UrbanScaling/data/model_evaldfs/unet_los_angeles_model/Evaldf_0.001.csv",1.89520332784927,3.06913108089765
"unet_los_angeles_model","1","U-Net baseline","LALegacy","Los Angeles Model",0.001,99,11,10,1600,698.136157809305,589066.121447177,1521790.12355021,1107720.12036448,2090641.0721988,-0.412190715017634,848.991217894146,1925273.24509007,2224810.43194923,1615388.00988572,3064143.98758619,-0.0628006366135237,"/Users/9oy/Documents/Projects/IM3/EvaluationP/Script/Revision/5_UrbanScaling/data/model_evaldfs/unet_los_angeles_model/Evaldf_0.001.csv",1.89520332784927,3.06913108089765
"unet_los_angeles_model","1","U-Net baseline","LALegacy","Los Angeles Model",0.001,100,11,11,2218,646.089887965518,832866.038410013,1309289.52555157,953988.655202047,1796917.65973463,-0.196460540173817,934.015168190648,5985965.28678542,2677694.63671249,1941835.3958356,3692408.00886394,0.349373145273413,"/Users/9oy/Documents/Projects/IM3/EvaluationP/Script/Revision/5_UrbanScaling/data/model_evaldfs/unet_los_angeles_model/Evaldf_0.001.csv",1.89520332784927,3.06913108089765
"unet_los_angeles_model","1","U-Net baseline","LALegacy","Los Angeles Model",0.001,101,11,12,4341,417.381024744968,295001.848041589,560602.927665697,410771.731423026,765085.85782818,-0.278830624840586,956.38611475605,1304734.19120053,2803601.29250715,2032523.46016503,3867202.69723703,-0.332194208094181,"/Users/9oy/Documents/Projects/IM3/EvaluationP/Script/Revision/5_UrbanScaling/data/model_evaldfs/unet_los_angeles_model/Evaldf_0.001.csv",1.89520332784927,3.06913108089765
"unet_los_angeles_model","1","U-Net baseline","LALegacy","Los Angeles Model",0.001,102,11,13,855,329.951700206477,286273.575050129,355208.699616094,261059.88124356,483311.41377193,-0.0937023321770245,1039.40080721279,1207289.01423203,3295289.69524865,2386429.08640227,4550285.71244187,-0.436082351498042,"/Users/9oy/Documents/Projects/IM3/EvaluationP/Script/Revision/5_UrbanScaling/data/model_evaldfs/unet_los_angeles_model/Evaldf_0.001.csv",1.89520332784927,3.06913108089765
"unet_los_angeles_model","1","U-Net baseline","LALegacy","Los Angeles Model",0.001,103,12,9,156,592.076232672879,278811.409928017,1105174.70339398,806167.924366804,1515082.76142507,-0.598120393065614,2165.45513946649,14098777.8418376,13699737.5852217,9828161.73001036,19096430.7527466,0.0124692188547669,"/Users/9oy/Documents/Projects/IM3/EvaluationP/Script/Revision/5_UrbanScaling/data/model_evaldfs/unet_los_angeles_model/Evaldf_0.001.csv",1.89520332784927,3.06913108089765
"unet_los_angeles_model","1","U-Net baseline","LALegacy","Los Angeles Model",0.001,104,12,10,1485,609.609520608905,489371.156525284,1169593.94048089,852838.654075247,1603996.22961852,-0.378396741086841,994.441513579448,2088964.40383936,3024219.99222827,2191366.44145338,4173608.93567729,-0.160682340439566,"/Users/9oy/Documents/Projects/IM3/EvaluationP/Script/Revision/5_UrbanScaling/data/model_evaldfs/unet_los_angeles_model/Evaldf_0.001.csv",1.89520332784927,3.06913108089765
"unet_los_angeles_model","1","U-Net baseline","LALegacy","Los Angeles Model",0.001,105,12,11,2575,587.256326489139,679648.910432641,1087776.04795162,793559.825229431,1491074.38768735,-0.204254866727676,1067.68940591525,3583007.32768692,3471624.46064977,2513262.57324267,4795430.65817906,0.0137149566589502,"/Users/9oy/Documents/Projects/IM3/EvaluationP/Script/Revision/5_UrbanScaling/data/model_evaldfs/unet_los_angeles_model/Evaldf_0.001.csv",1.89520332784927,3.06913108089765
"unet_los_angeles_model","1","U-Net baseline","LALegacy","Los Angeles Model",0.001,106,12,12,5417,549.818861576312,365567.043430086,957200.310460884,698892.714093162,1310977.22993902,-0.418035794455395,982.226450640545,2295147.61792145,2952522.75017013,2139753.92633128,4074015.4664507,-0.109382629219541,"/Users/9oy/Documents/Projects/IM3/EvaluationP/Script/Revision/5_UrbanScaling/data/model_evaldfs/unet_los_angeles_model/Evaldf_0.001.csv",1.89520332784927,3.06913108089765
"unet_los_angeles_model","1","U-Net baseline","LALegacy","Los Angeles Model",0.001,107,12,13,1890,421.709906495371,224906.872502127,571945.301066327,419027.107396626,780668.891433361,-0.405351769889861,1137.45602827051,1321323.88637679,3925529.84829224,2839554.92875699,5426830.95641995,-0.472888997857899,"/Users/9oy/Documents/Projects/IM3/EvaluationP/Script/Revision/5_UrbanScaling/data/model_evaldfs/unet_los_angeles_model/Evaldf_0.001.csv",1.89520332784927,3.06913108089765
"unet_conus_model","1","U-Net baseline","MSASample","CONUS Model",1e-04,1,1,4,376,328.650128475088,364345.765144141,352493.602142971,259077.58030403,479592.789950859,0.01436248717469,673.284322352117,776669.807421671,1418389.92386548,1032935.34472159,1947682.38535336,-0.261559214866573,"/Users/9oy/Documents/Projects/IM3/EvaluationP/Script/Revision/5_UrbanScaling/data/model_evaldfs/unet_conus_model/Evaldf_0.0001.csv",2.11559494779925,3.06913108089765
"unet_conus_model","1","U-Net baseline","MSASample","CONUS Model",1e-04,2,1,5,2873,414.116972992932,486650.310602667,552123.447245887,404599.348213684,753437.449527687,-0.0548191859899036,919.540035845735,1253510.86855836,2597722.15738253,1884218.23128624,3581411.2690915,-0.31646459485402,"/Users/9oy/Documents/Projects/IM3/EvaluationP/Script/Revision/5_UrbanScaling/data/model_evaldfs/unet_conus_model/Evaldf_0.0001.csv",2.11559494779925,3.06913108089765
"unet_conus_model","1","U-Net baseline","MSASample","CONUS Model",1e-04,3,1,6,1631,363.608870220444,487630.967934912,428919.026582022,314840.037015211,584333.343078537,0.0557159668215116,382.277176224914,608163.144087705,472701.090539566,346754.354811977,644393.698006926,0.109433493246531,"/Users/9oy/Documents/Projects/IM3/EvaluationP/Script/Revision/5_UrbanScaling/data/model_evaldfs/unet_conus_model/Evaldf_0.0001.csv",2.11559494779925,3.06913108089765
"unet_conus_model","1","U-Net baseline","MSASample","CONUS Model",1e-04,4,1,7,540,511.10650569706,698757.356932894,830706.977175018,607103.680805381,1136665.94973005,-0.0751214647259356,820.132858823158,1685056.64388418,2080351.65564922,1511170.72044647,2863914.01885011,-0.0915222484036353,"/Users/9oy/Documents/Projects/IM3/EvaluationP/Script/Revision/5_UrbanScaling/data/model_evaldfs/unet_conus_model/Evaldf_0.0001.csv",2.11559494779925,3.06913108089765
"unet_conus_model","1","U-Net baseline","MSASample","CONUS Model",1e-04,5,2,3,348,167.312116877813,195355.679587599,95049.870011825,70468.7659715288,128205.420723772,0.312874514744338,583.114429750892,488822.873437225,1072931.80534022,782801.751128536,1470592.85093704,-0.341420599838488,"/Users/9oy/Documents/Projects/IM3/EvaluationP/Script/Revision/5_UrbanScaling/data/model_evaldfs/unet_conus_model/Evaldf_0.0001.csv",2.11559494779925,3.06913108089765
"unet_conus_model","1","U-Net baseline","MSASample","CONUS Model",1e-04,6,2,4,1396,627.613472720842,731593.914186086,1237582.2251545,902076.665608275,1697870.94867994,-0.228303979045652,1088.67011100457,3302729.19463101,3605282.68065437,2609371.29047683,4981300.76576843,-0.0380663568426028,"/Users/9oy/Documents/Projects/IM3/EvaluationP/Script/Revision/5_UrbanScaling/data/model_evaldfs/unet_conus_model/Evaldf_0.0001.csv",2.11559494779925,3.06913108089765
"unet_conus_model","1","U-Net baseline","MSASample","CONUS Model",1e-04,7,2,5,1481,925.705113477196,766718.614795555,2631639.34832557,1908655.70495424,3628483.46177841,-0.535590363940887,1117.40056776099,2449083.63757663,3792279.82981508,2743794.69148165,5241422.16335305,-0.189896759372848,"/Users/9oy/Documents/Projects/IM3/EvaluationP/Script/Revision/5_UrbanScaling/data/model_evaldfs/unet_conus_model/Evaldf_0.0001.csv",2.11559494779925,3.06913108089765
"unet_conus_model","1","U-Net baseline","MSASample","CONUS Model",1e-04,8,2,6,1384,688.978126215019,738443.584815724,1483276.20628203,1079868.76972921,2037384.88027033,-0.302904708183724,816.481194901174,1445455.32557506,2062407.48376139,1498221.92901256,2839048.43915773,-0.154369802362713,"/Users/9oy/Documents/Projects/IM3/EvaluationP/Script/Revision/5_UrbanScaling/data/model_evaldfs/unet_conus_model/Evaldf_0.0001.csv",2.11559494779925,3.06913108089765
"unet_conus_model","1","U-Net baseline","MSASample","CONUS Model",1e-04,9,2,7,2309,270.88421175733,454675.416375961,242202.949373177,178458.175476671,328717.182770559,0.27352204581787,391.641129620083,866225.085654845,495438.159967142,363320.382495047,675599.229159609,0.242641302575761,"/Users/9oy/Documents/Projects/IM3/EvaluationP/Script/Revision/5_UrbanScaling/data/model_evaldfs/unet_conus_model/Evaldf_0.0001.csv",2.11559494779925,3.06913108089765
"unet_conus_model","1","U-Net baseline","MSASample","CONUS Model",1e-04,10,2,8,427,289.121977797053,351870.59558121,274860.930106947,202351.544136701,373352.875667795,0.10726996431881,714.296708224943,1037885.38753054,1590919.99554161,1157699.78488831,2186254.55861023,-0.185498942791545,"/Users/9oy/Documents/Projects/IM3/EvaluationP/Script/Revision/5_UrbanScaling/data/model_evaldfs/unet_conus_model/Evaldf_0.0001.csv",2.11559494779925,3.06913108089765
"unet_conus_model","1","U-Net baseline","MSASample","CONUS Model",1e-04,11,3,3,527,154.329902766009,128739.757536754,81256.1365700205,60304.8044477954,109486.462824061,0.19985651748266,748.711936674946,967507.682325204,1743094.06972155,1267669.12896712,2396821.74667618,-0.255666403209717,"/Users/9oy/Documents/Projects/IM3/EvaluationP/Script/Revision/5_UrbanScaling/data/model_evaldfs/unet_conus_model/Evaldf_0.0001.csv",2.11559494779925,3.06913108089765
"unet_conus_model","1","U-Net baseline","MSASample","CONUS Model",1e-04,12,3,4,702,452.107344044529,393463.587010014,654689.609584465,479219.811053281,894408.943477933,-0.221130901517553,1298.66393956768,7280178.78945513,5077422.95427707,3666535.42661807,7031221.80941227,0.156498702951587,"/Users/9oy/Documents/Projects/IM3/EvaluationP/Script/Revision/5_UrbanScaling/data/model_evaldfs/unet_conus_model/Evaldf_0.0001.csv",2.11559494779925,3.06913108089765
"unet_conus_model","1","U-Net baseline","MSASample","CONUS Model",1e-04,13,3,5,1135,764.18215798869,736060.746860765,1813692.51002207,1318665.51222661,2494552.62946536,-0.391650001501664,896.596957145314,1312205.57855719,2473376.0037758,1794608.04622819,3408871.85305538,-0.275288263296267,"/Users/9oy/Documents/Projects/IM3/EvaluationP/Script/Revision/5_UrbanScaling/data/model_evaldfs/unet_conus_model/Evaldf_0.0001.csv",2.11559494779925,3.06913108089765
"unet_conus_model","1","U-Net baseline","MSASample","CONUS Model",1e-04,14,3,6,1243,879.824355559068,966709.046316973,2384344.75182097,1730429.34682983,3285369.55637708,-0.392073267466686,1255.7773463723,2394884.38474863,4756979.18300034,3436617.07075511,6584629.73371849,-0.298046698619346,"/Users/9oy/Documents/Projects/IM3/EvaluationP/Script/Revision/5_UrbanScaling/data/model_evaldfs/unet_conus_model/Evaldf_0.0001.csv",2.11559494779925,3.06913108089765
"unet_conus_model","1","U-Net baseline","MSASample","CONUS Model",1e-04,15,3,7,1433,764.59818646533,1166003.68649061,1815609.81982793,1320050.28453694,2497207.15678039,-0.19232259947285,872.297067332883,2967360.04739782,2344903.53803191,1701992.88215146,3230667.21390981,0.102245263132542,"/Users/9oy/Documents/Projects/IM3/EvaluationP/Script/Revision/5_UrbanScaling/data/model_evaldfs/unet_conus_model/Evaldf_0.0001.csv",2.11559494779925,3.06913108089765
"unet_conus_model","1","U-Net baseline","MSASample","CONUS Model",1e-04,16,3,8,487,506.469525466931,666008.81743126,816138.834039293,596526.713465683,1116601.45537696,-0.0882840643003829,774.987524175917,1375231.96846462,1863808.60891756,1354858.58947204,2563944.7228429,-0.132025354055256,"/Users/9oy/Documents/Projects/IM3/EvaluationP/Script/Revision/5_UrbanScaling/data/model_evaldfs/unet_conus_model/Evaldf_0.0001.csv",2.11559494779925,3.06913108089765
"unet_conus_model","1","U-Net baseline","MSASample","CONUS Model",1e-04,17,3,9,431,543.304355747866,597568.25025628,935306.229476011,683011.484275083,1280795.07158669,-0.194566312243111,610.900175449458,638713.709103656,1174405.84728948,856324.110665345,1610639.09910945,-0.264511967114479,"/Users/9oy/Documents/Projects/IM3/EvaluationP/Script/Revision/5_UrbanScaling/data/model_evaldfs/unet_conus_model/Evaldf_0.0001.csv",2.11559494779925,3.06913108089765
"unet_conus_model","1","U-Net baseline","MSASample","CONUS Model",1e-04,18,3,10,15,442.892589694502,337777.663059001,629034.076873907,460562.286577191,859132.155195018,-0.270043246592258,258.818089714603,85810.7424537562,221698.646556791,163445.99164498,300712.727124395,-0.412221382206662,"/Users/9oy/Documents/Projects/IM3/EvaluationP/Script/Revision/5_UrbanScaling/data/model_evaldfs/unet_conus_model/Evaldf_0.0001.csv",2.11559494779925,3.06913108089765
"unet_conus_model","1","U-Net baseline","MSASample","CONUS Model",1e-04,19,4,1,473,217.309122504239,253811.104125345,157901.589841198,116673.698505792,213697.794735977,0.206124115619735,212.961918125678,245472.609263059,151827.239056222,112214.478096018,205423.675363093,0.208653344432248,"/Users/9oy/Documents/Projects/IM3/EvaluationP/Script/Revision/5_UrbanScaling/data/model_evaldfs/unet_conus_model/Evaldf_0.0001.csv",2.11559494779925,3.06913108089765
"unet_conus_model","1","U-Net baseline","MSASample","CONUS Model",1e-04,20,4,2,320,86.5898503149231,71007.186294003,26462.1004204464,19785.3710761941,35391.9446830252,0.42867799058789,327.102391751645,530926.127937993,349278.150543033,256729.838541717,475189.121528382,0.181862679622629,"/Users/9oy/Documents/Projects/IM3/EvaluationP/Script/Revision/5_UrbanScaling/data/model_evaldfs/unet_conus_model/Evaldf_0.0001.csv",2.11559494779925,3.06913108089765
"unet_conus_model","1","U-Net baseline","MSASample","CONUS Model",1e-04,21,4,3,205,243.129987767816,239983.567797253,196356.409470153,144878.907838495,266124.587182773,0.0871364235435489,206.671442565237,238371.35404411,143242.265694176,105910.167704249,193733.492505626,0.221182881725673,"/Users/9oy/Documents/Projects/IM3/EvaluationP/Script/Revision/5_UrbanScaling/data/model_evaldfs/unet_conus_model/Evaldf_0.0001.csv",2.11559494779925,3.06913108089765
"unet_conus_model","1","U-Net baseline","MSASample","CONUS Model",1e-04,22,4,4,152,166.662243959316,134801.069675203,94334.4697970732,69941.8739102781,127234.111618322,0.155022925575013,635.537942798549,629591.243380593,1268097.39493246,924170.273477401,1740015.93557404,-0.304093931330306,"/Users/9oy/Documents/Projects/IM3/EvaluationP/Script/Revision/5_UrbanScaling/data/model_evaldfs/unet_conus_model/Evaldf_0.0001.csv",2.11559494779925,3.06913108089765
"unet_conus_model","1","U-Net baseline","MSASample","CONUS Model",1e-04,23,4,5,951,330.35420588373,264874.559236557,356050.377098739,261674.37214427,484464.221671128,-0.128471203040933,653.161070196998,1517233.25313809,1337250.79172562,974225.858165118,1835549.39030137,0.0548394888559319,"/Users/9oy/Documents/Projects/IM3/EvaluationP/Script/Revision/5_UrbanScaling/data/model_evaldfs/unet_conus_model/Evaldf_0.0001.csv",2.11559494779925,3.06913108089765
"unet_conus_model","1","U-Net baseline","MSASample","CONUS Model",1e-04,24,4,6,1767,486.680368447001,467818.221671938,755372.623850644,552394.636887328,1032935.08437771,-0.208084107399685,909.228821760083,3567706.25197583,2541471.90571006,1843685.02842345,3503352.98488417,0.147303776199519,"/Users/9oy/Documents/Projects/IM3/EvaluationP/Script/Revision/5_UrbanScaling/data/model_evaldfs/unet_conus_model/Evaldf_0.0001.csv",2.11559494779925,3.06913108089765
"unet_conus_model","1","U-Net baseline","MSASample","CONUS Model",1e-04,25,4,7,1023,609.884854343686,1019138.10467105,1170619.65454244,853581.627745683,1605412.21959072,-0.0601827718045225,1820.67345309369,10780574.6070688,9783620.28431818,7034401.66373083,13607301.7213742,0.0421423206693129,"/Users/9oy/Documents/Projects/IM3/EvaluationP/Script/Revision/5_UrbanScaling/data/model_evaldfs/unet_conus_model/Evaldf_0.0001.csv",2.11559494779925,3.06913108089765
"unet_conus_model","1","U-Net baseline","MSASample","CONUS Model",1e-04,26,4,8,713,754.499162181344,912581.268059796,1769344.98778639,1286632.89815661,2433158.43259572,-0.287540970067116,1421.17684778826,5989638.3714483,6048498.67269786,4362718.5142456,8385674.22449303,-0.0042469873294891,"/Users/9oy/Documents/Projects/IM3/EvaluationP/Script/Revision/5_UrbanScaling/data/model_evaldfs/unet_conus_model/Evaldf_0.0001.csv",2.11559494779925,3.06913108089765
"unet_conus_model","1","U-Net baseline","MSASample","CONUS Model",1e-04,27,4,9,855,652.145930290125,590818.624702677,1333219.05766422,971308.030681839,1829978.74986302,-0.353447335682587,879.806135614649,2591752.48512071,2384248.89851585,1730360.24197177,3285236.60691389,0.0362419329645811,"/Users/9oy/Documents/Projects/IM3/EvaluationP/Script/Revision/5_UrbanScaling/data/model_evaldfs/unet_conus_model/Evaldf_0.0001.csv",2.11559494779925,3.06913108089765
"unet_conus_model","1","U-Net baseline","MSASample","CONUS Model",1e-04,28,4,10,784,736.79604689407,647069.511006364,1689642.87330752,1229049.89565843,2322845.51620216,-0.416843983894263,758.082984722014,1172112.03772333,1785696.62233466,1298444.44217099,2455794.27463673,-0.182838550931053,"/Users/9oy/Documents/Projects/IM3/EvaluationP/Script/Revision/5_UrbanScaling/data/model_evaldfs/unet_conus_model/Evaldf_0.0001.csv",2.11559494779925,3.06913108089765
"unet_conus_model","1","U-Net baseline","MSASample","CONUS Model",1e-04,29,4,11,184,569.642665136665,523127.701865273,1025334.35064039,748299.715747838,1404932.42009653,-0.292257788904371,512.875978477372,356728.374502348,836299.123907189,611163.442319268,1144368.55384189,-0.370023986931484,"/Users/9oy/Documents/Projects/IM3/EvaluationP/Script/Revision/5_UrbanScaling/data/model_evaldfs/unet_conus_model/Evaldf_0.0001.csv",2.11559494779925,3.06913108089765
"unet_conus_model","1","U-Net baseline","MSASample","CONUS Model",1e-04,30,5,4,126,416.173965871202,628137.978064349,557459.881460617,408483.917854614,760768.064187756,0.0518414341137161,640.13877311343,1627828.24099768,1285979.37177063,937115.550609631,1764716.14791128,0.102374576551417,"/Users/9oy/Documents/Projects/IM3/EvaluationP/Script/Revision/5_UrbanScaling/data/model_evaldfs/unet_conus_model/Evaldf_0.0001.csv",2.11559494779925,3.06913108089765
"unet_conus_model","1","U-Net baseline","MSASample","CONUS Model",1e-04,31,5,5,844,764.598141191861,920266.090365088,1815609.61112708,1320050.13380379,2497206.86783175,-0.295109053467963,1317.30296865282,3739732.93605641,5219847.22637173,3768693.62502469,7229774.4995077,-0.144817203106626,"/Users/9oy/Documents/Projects/IM3/EvaluationP/Script/Revision/5_UrbanScaling/data/model_evaldfs/unet_conus_model/Evaldf_0.0001.csv",2.11559494779925,3.06913108089765
"unet_conus_model","1","U-Net baseline","MSASample","CONUS Model",1e-04,32,5,6,829,848.07390689948,1046273.87044004,2220146.23680863,1612023.82250884,3057677.71170049,-0.326736202124919,2222.15039587044,14548170.1666346,14404620.708431,10330413.032276,20085653.6041179,0.00430654500264713,"/Users/9oy/Documents/Projects/IM3/EvaluationP/Script/Revision/5_UrbanScaling/data/model_evaldfs/unet_conus_model/Evaldf_0.0001.csv",2.11559494779925,3.06913108089765
"unet_conus_model","1","U-Net baseline","MSASample","CONUS Model",1e-04,33,5,7,705,870.590284783869,1125736.10583709,2336004.77109328,1695576.58221037,3218326.05369961,-0.317037129972165,1887.66308965929,5185850.92273785,10494534.7539303,7542046.02670868,14602835.7970011,-0.30614316212242,"/Users/9oy/Documents/Projects/IM3/EvaluationP/Script/Revision/5_UrbanScaling/data/model_evaldfs/unet_conus_model/Evaldf_0.0001.csv",2.11559494779925,3.06913108089765
"unet_conus_model","1","U-Net baseline","MSASample","CONUS Model",1e-04,34,5,8,1213,528.9019913972,618658.662193124,887774.862640193,648525.280954386,1215286.78970843,-0.156851745698506,2444.8747159892,39575884.8140339,17339350.2093309,12419833.7359809,24207495.2107302,0.358397815043498,"/Users/9oy/Documents/Projects/IM3/EvaluationP/Script/Revision/5_UrbanScaling/data/model_evaldfs/unet_conus_model/Evaldf_0.0001.csv",2.11559494779925,3.06913108089765
"unet_conus_model","1","U-Net baseline","MSASample","CONUS Model",1e-04,35,5,9,967,782.6114043949,641890.769496541,1899567.13515763,1380678.90118632,2613464.50494071,-0.471193516650257,1132.46179488706,1900084.45796615,3892139.16971136,2815560.73839382,5380366.01726563,-0.311415455181887,"/Users/9oy/Documents/Projects/IM3/EvaluationP/Script/Revision/5_UrbanScaling/data/model_evaldfs/unet_conus_model/Evaldf_0.0001.csv",2.11559494779925,3.06913108089765
"unet_conus_model","1","U-Net baseline","MSASample","CONUS Model",1e-04,36,5,10,1355,1002.40682626834,649588.293875135,3071422.17064538,2225341.32403897,4239185.26494178,-0.674701324887663,1023.95525762421,1215529.80873862,3200893.1335787,2318513.52767522,4419088.66620445,-0.420505561219109,"/Users/9oy/Documents/Projects/IM3/EvaluationP/Script/Revision/5_UrbanScaling/data/model_evaldfs/unet_conus_model/Evaldf_0.0001.csv",2.11559494779925,3.06913108089765
"unet_conus_model","1","U-Net baseline","MSASample","CONUS Model",1e-04,37,5,11,3149,494.295218316182,627630.33429552,778485.575751354,569183.32304625,1064753.24752913,-0.0935466445974171,527.458914235081,2451388.1358492,883078.62220764,645117.288597722,1208815.61660708,0.443412708500555,"/Users/9oy/Documents/Projects/IM3/EvaluationP/Script/Revision/5_UrbanScaling/data/model_evaldfs/unet_conus_model/Evaldf_0.0001.csv",2.11559494779925,3.06913108089765
"unet_conus_model","1","U-Net baseline","MSASample","CONUS Model",1e-04,38,5,12,2408,436.984897937175,545080.210392545,612847.723289783,448788.473767938,836880.521436206,-0.0508921621682929,629.473575385321,1272769.37688923,1244712.64764082,907239.557048012,1707718.27921415,0.00968061506597652,"/Users/9oy/Documents/Projects/IM3/EvaluationP/Script/Revision/5_UrbanScaling/data/model_evaldfs/unet_conus_model/Evaldf_0.0001.csv",2.11559494779925,3.06913108089765
"unet_conus_model","1","U-Net baseline","MSASample","CONUS Model",1e-04,39,5,13,627,574.005446292009,406720.44603213,1040633.94933907,759391.090642113,1426035.97785346,-0.408001984942386,529.765267232991,245348.627639153,890590.0150762,650568.138290938,1219166.03084353,-0.559894188602199,"/Users/9oy/Documents/Projects/IM3/EvaluationP/Script/Revision/5_UrbanScaling/data/model_evaldfs/unet_conus_model/Evaldf_0.0001.csv",2.11559494779925,3.06913108089765
"unet_conus_model","1","U-Net baseline","MSASample","CONUS Model",1e-04,40,5,14,372,204.104518499686,157736.465266987,139808.677834354,103388.046409899,189059.248883523,0.0523979758240685,389.763262602793,376776.019954145,490836.908872074,359968.365309771,669283.454682939,-0.114853958230867,"/Users/9oy/Documents/Projects/IM3/EvaluationP/Script/Revision/5_UrbanScaling/data/model_evaldfs/unet_conus_model/Evaldf_0.0001.csv",2.11559494779925,3.06913108089765
"unet_conus_model","1","U-Net baseline","MSASample","CONUS Model",1e-04,41,5,15,221,345.237076439586,311473.168224718,387849.404946598,284883.323774004,528030.770368163,-0.0952424890484608,464.215407895675,439048.294986287,689156.084555248,504277.351466182,941815.267924777,-0.195805299948753,"/Users/9oy/Documents/Projects/IM3/EvaluationP/Script/Revision/5_UrbanScaling/data/model_evaldfs/unet_conus_model/Evaldf_0.0001.csv",2.11559494779925,3.06913108089765
"unet_conus_model","1","U-Net baseline","MSASample","CONUS Model",1e-04,42,5,16,74,278.02215731168,133653.160520926,254746.207376295,187637.50208695,345856.395714191,-0.280128493959182,512.885626498752,173133.206799764,836329.664860772,611185.613808974,1144410.62178657,-0.683997128440116,"/Users/9oy/Documents/Projects/IM3/EvaluationP/Script/Revision/5_UrbanScaling/data/model_evaldfs/unet_conus_model/Evaldf_0.0001.csv",2.11559494779925,3.06913108089765
"unet_conus_model","1","U-Net baseline","MSASample","CONUS Model",1e-04,43,6,5,1020,715.455714669018,1342920.96409685,1595935.08018769,1161325.03489825,2193192.0036468,-0.0749647674715595,1038.68675336805,18703882.5606851,3290896.38093141,2383268.5140759,4544179.10783618,0.754617558883984,"/Users/9oy/Documents/Projects/IM3/EvaluationP/Script/Revision/5_UrbanScaling/data/model_evaldfs/unet_conus_model/Evaldf_0.0001.csv",2.11559494779925,3.06913108089765
"unet_conus_model","1","U-Net baseline","MSASample","CONUS Model",1e-04,44,6,6,1894,658.641708888867,936452.40967779,1359119.66445593,990051.685454172,1865767.50431308,-0.161771984603803,1669.87340621542,9407703.01028866,8271931.05964477,5954109.68112573,11492036.1095161,0.0558766925558535,"/Users/9oy/Documents/Projects/IM3/EvaluationP/Script/Revision/5_UrbanScaling/data/model_evaldfs/unet_conus_model/Evaldf_0.0001.csv",2.11559494779925,3.06913108089765
"unet_conus_model","1","U-Net baseline","MSASample","CONUS Model",1e-04,45,6,7,794,1064.59863715299,1100892.04290521,3452141.57006085,2499251.11933423,4768340.93523057,-0.496343864825725,910.179821480569,2772965.39190108,2546634.8501144,1847405.62476457,3510517.11269078,0.0369777713802011,"/Users/9oy/Documents/Projects/IM3/EvaluationP/Script/Revision/5_UrbanScaling/data/model_evaldfs/unet_conus_model/Evaldf_0.0001.csv",2.11559494779925,3.06913108089765
"unet_conus_model","1","U-Net baseline","MSASample","CONUS Model",1e-04,46,6,8,842,775.499343451307,1042648.32527125,1866198.89242183,1356584.6532362,2567254.68459954,-0.252820077350098,1504.48706738476,6679005.85108356,6755785.34507676,4869312.30077867,9373117.35405745,-0.00496401813919723,"/Users/9oy/Documents/Projects/IM3/EvaluationP/Script/Revision/5_UrbanScaling/data/model_evaldfs/unet_conus_model/Evaldf_0.0001.csv",2.11559494779925,3.06913108089765
"unet_conus_model","1","U-Net baseline","MSASample","CONUS Model",1e-04,47,6,9,1391,524.862776227236,616458.089967791,874660.360834364,639007.97998201,1197216.264555,-0.151935888630703,727.689718266758,2253482.5107051,1649338.894412,1199924.37648653,2267075.19400974,0.13554429130599,"/Users/9oy/Documents/Projects/IM3/EvaluationP/Script/Revision/5_UrbanScaling/data/model_evaldfs/unet_conus_model/Evaldf_0.0001.csv",2.11559494779925,3.06913108089765
"unet_conus_model","1","U-Net baseline","MSASample","CONUS Model",1e-04,48,6,10,2337,433.501848333415,790545.518065028,603400.492971754,441915.692954917,823895.056733593,0.117321220162094,432.907072112222,1157303.49963683,601794.369339094,440747.180968937,821687.531096796,0.283999146446125,"/Users/9oy/Documents/Projects/IM3/EvaluationP/Script/Revision/5_UrbanScaling/data/model_evaldfs/unet_conus_model/Evaldf_0.0001.csv",2.11559494779925,3.06913108089765
"unet_conus_model","1","U-Net baseline","MSASample","CONUS Model",1e-04,49,6,11,1784,761.643957409048,1006849.10014584,1802016.23185718,1310232.13941983,2478387.15154295,-0.252794312356466,790.747009849885,1867973.02927979,1938089.13062028,1408491.04585597,2666818.14504952,-0.0160031445265159,"/Users/9oy/Documents/Projects/IM3/EvaluationP/Script/Revision/5_UrbanScaling/data/model_evaldfs/unet_conus_model/Evaldf_0.0001.csv",2.11559494779925,3.06913108089765
"unet_conus_model","1","U-Net baseline","MSASample","CONUS Model",1e-04,50,6,12,1799,685.056100358833,485011.814709506,1466928.64342277,1068045.58514322,2014782.58496395,-0.48065667075841,697.966707392815,606519.087996735,1521073.15705145,1107201.68880575,2089649.58461906,-0.399305628977548,"/Users/9oy/Documents/Projects/IM3/EvaluationP/Script/Revision/5_UrbanScaling/data/model_evaldfs/unet_conus_model/Evaldf_0.0001.csv",2.11559494779925,3.06913108089765
"unet_conus_model","1","U-Net baseline","MSASample","CONUS Model",1e-04,51,6,13,2220,568.978770981169,707956.50344088,1023015.80974268,746618.804849119,1401734.51322991,-0.159875769741461,826.698205302608,3231376.39946596,2112803.12238609,1534586.32726044,2908886.22859913,0.184528518743143,"/Users/9oy/Documents/Projects/IM3/EvaluationP/Script/Revision/5_UrbanScaling/data/model_evaldfs/unet_conus_model/Evaldf_0.0001.csv",2.11559494779925,3.06913108089765
"unet_conus_model","1","U-Net baseline","MSASample","CONUS Model",1e-04,52,6,14,2343,642.790285306498,587284.994607539,1296340.10407125,944615.436517371,1779028.37541928,-0.343870052170436,614.676786264456,1032449.41655927,1188541.08163993,866562.281267088,1630153.92347827,-0.0611454144209842,"/Users/9oy/Documents/Projects/IM3/EvaluationP/Script/Revision/5_UrbanScaling/data/model_evaldfs/unet_conus_model/Evaldf_0.0001.csv",2.11559494779925,3.06913108089765
"unet_conus_model","1","U-Net baseline","MSASample","CONUS Model",1e-04,53,6,15,2667,703.758808457102,699457.667966047,1545673.17195718,1124988.8032932,2123670.51788828,-0.344356233409905,625.389577303888,895042.157953957,1229083.3305036,895922.653737882,1686134.20703145,-0.137737836794611,"/Users/9oy/Documents/Projects/IM3/EvaluationP/Script/Revision/5_UrbanScaling/data/model_evaldfs/unet_conus_model/Evaldf_0.0001.csv",2.11559494779925,3.06913108089765
"unet_conus_model","1","U-Net baseline","MSASample","CONUS Model",1e-04,54,6,16,2060,607.233092417871,664396.840307018,1160759.03976693,846438.934726941,1591800.06155471,-0.242314516156501,681.054275436625,803461.307266405,1450339.02710266,1056046.44676685,1991847.32828467,-0.256504566496438,"/Users/9oy/Documents/Projects/IM3/EvaluationP/Script/Revision/5_UrbanScaling/data/model_evaldfs/unet_conus_model/Evaldf_0.0001.csv",2.11559494779925,3.06913108089765
"unet_conus_model","1","U-Net baseline","MSASample","CONUS Model",1e-04,55,7,5,256,1076.78061362091,1239590.14657666,3529239.68473775,2554694.51341253,4875546.83620074,-0.45440303862961,832.259801957495,1396697.43707579,2140483.72060941,1554557.5948064,2947250.44186252,-0.185409592946458,"/Users/9oy/Documents/Projects/IM3/EvaluationP/Script/Revision/5_UrbanScaling/data/model_evaldfs/unet_conus_model/Evaldf_0.0001.csv",2.11559494779925,3.06913108089765
"unet_conus_model","1","U-Net baseline","MSASample","CONUS Model",1e-04,56,7,6,1440,741.737340944608,908943.027326224,1711710.11228455,1244994.74843964,2353384.63248084,-0.274893553922976,1298.05081345611,6011821.84378054,5072770.40408238,3663197.92461287,7024736.33751409,0.0737608956917206,"/Users/9oy/Documents/Projects/IM3/EvaluationP/Script/Revision/5_UrbanScaling/data/model_evaldfs/unet_conus_model/Evaldf_0.0001.csv",2.11559494779925,3.06913108089765
"unet_conus_model","1","U-Net baseline","MSASample","CONUS Model",1e-04,57,7,7,1468,999.564667315054,993231.0913889,3054538.95723746,2213189.63217079,4215729.23786465,-0.487895362508886,1181.37426202109,6830594.79169797,4225111.45029169,3054772.02534888,5843829.46395065,0.208620353355097,"/Users/9oy/Documents/Projects/IM3/EvaluationP/Script/Revision/5_UrbanScaling/data/model_evaldfs/unet_conus_model/Evaldf_0.0001.csv",2.11559494779925,3.06913108089765
"unet_conus_model","1","U-Net baseline","MSASample","CONUS Model",1e-04,58,7,8,1181,928.434810995769,1321484.07047946,2646724.91804226,1919524.24790095,3649421.36023868,-0.301646873737301,1050.11801577532,7428508.19374722,3361570.14880052,2434108.21426945,4642420.4967807,0.34435942824005,"/Users/9oy/Documents/Projects/IM3/EvaluationP/Script/Revision/5_UrbanScaling/data/model_evaldfs/unet_conus_model/Evaldf_0.0001.csv",2.11559494779925,3.06913108089765
"unet_conus_model","1","U-Net baseline","MSASample","CONUS Model",1e-04,59,7,9,1236,603.27079740266,727631.957785075,1146100.56794013,835820.094547786,1571566.08270273,-0.197310962603504,1201.43129069522,7251579.66513516,4365478.04666436,3155575.10387965,6039279.03743383,0.220400813890621,"/Users/9oy/Documents/Projects/IM3/EvaluationP/Script/Revision/5_UrbanScaling/data/model_evaldfs/unet_conus_model/Evaldf_0.0001.csv",2.11559494779925,3.06913108089765
"unet_conus_model","1","U-Net baseline","MSASample","CONUS Model",1e-04,60,7,10,1155,688.078248836883,941015.771209207,1479517.62382848,1077150.49539305,2032188.08196371,-0.196523240624406,1109.84690137856,4906835.70819768,3742671.2992855,2708137.83234758,5172406.03014391,0.11761983027071,"/Users/9oy/Documents/Projects/IM3/EvaluationP/Script/Revision/5_UrbanScaling/data/model_evaldfs/unet_conus_model/Evaldf_0.0001.csv",2.11559494779925,3.06913108089765
"unet_conus_model","1","U-Net baseline","MSASample","CONUS Model",1e-04,61,7,11,1226,678.145327719171,999154.213063848,1438337.37752211,1047365.18284781,1975256.04770634,-0.158228242468142,655.994553274368,1453492.31057747,1348535.49462251,982392.460978863,1851142.03588733,0.0325503566144324,"/Users/9oy/Documents/Projects/IM3/EvaluationP/Script/Revision/5_UrbanScaling/data/model_evaldfs/unet_conus_model/Evaldf_0.0001.csv",2.11559494779925,3.06913108089765
"unet_conus_model","1","U-Net baseline","MSASample","CONUS Model",1e-04,62,7,12,2081,517.256278591941,754492.367142483,850220.631665982,621269.338207454,1163545.46740744,-0.0518767888839488,792.044902540006,2553495.8108499,1944269.31642137,1412952.67950271,2675378.46781116,0.118378727320311,"/Users/9oy/Documents/Projects/IM3/EvaluationP/Script/Revision/5_UrbanScaling/data/model_evaldfs/unet_conus_model/Evaldf_0.0001.csv",2.11559494779925,3.06913108089765
"unet_conus_model","1","U-Net baseline","MSASample","CONUS Model",1e-04,63,7,13,2157,305.614880229217,797323.348102192,306115.523454775,225200.504834927,416103.479735441,0.415749128063398,255.966596164736,439550.930781802,216981.561305101,159991.116490936,294272.575746833,0.30658637417387,"/Users/9oy/Documents/Projects/IM3/EvaluationP/Script/Revision/5_UrbanScaling/data/model_evaldfs/unet_conus_model/Evaldf_0.0001.csv",2.11559494779925,3.06913108089765
"unet_conus_model","1","U-Net baseline","MSASample","CONUS Model",1e-04,64,7,14,2805,772.90899045721,926954.303402398,1854116.76737125,1347859.79801205,2550524.16587953,-0.301078756379636,724.231158505416,1545285.25060957,1634155.1981685,1188950.72005517,2246067.19745057,-0.0242846403733731,"/Users/9oy/Documents/Projects/IM3/EvaluationP/Script/Revision/5_UrbanScaling/data/model_evaldfs/unet_conus_model/Evaldf_0.0001.csv",2.11559494779925,3.06913108089765
"unet_conus_model","1","U-Net baseline","MSASample","CONUS Model",1e-04,65,7,15,3917,1015.62925933896,1870015.80961294,3150560.19917248,2282295.06336906,4349143.86308893,-0.226542504097138,1155.25252711303,4779601.99271333,4045638.63135385,2925852.75204905,5593990.30728401,0.0724046458491493,"/Users/9oy/Documents/Projects/IM3/EvaluationP/Script/Revision/5_UrbanScaling/data/model_evaldfs/unet_conus_model/Evaldf_0.0001.csv",2.11559494779925,3.06913108089765
"unet_conus_model","1","U-Net baseline","MSASample","CONUS Model",1e-04,66,7,16,3141,741.86022718677,1476505.31463346,1712260.67704016,1245392.54576161,2354146.59909105,-0.0643348684612145,1229.96104597647,7213943.35294946,4568969.7683616,3301673.04796849,6322698.95925853,0.198354443268808,"/Users/9oy/Documents/Projects/IM3/EvaluationP/Script/Revision/5_UrbanScaling/data/model_evaldfs/unet_conus_model/Evaldf_0.0001.csv",2.11559494779925,3.06913108089765
"unet_conus_model","1","U-Net baseline","MSASample","CONUS Model",1e-04,67,8,5,180,406.568424925786,468933.364496799,532753.672540053,390497.333082103,726833.326529376,-0.055415318420953,1244.22591636228,1770535.18860355,4672400.49397937,3375915.04981642,6466787.83499777,-0.421435498583696,"/Users/9oy/Documents/Projects/IM3/EvaluationP/Script/Revision/5_UrbanScaling/data/model_evaldfs/unet_conus_model/Evaldf_0.0001.csv",2.11559494779925,3.06913108089765
"unet_conus_model","1","U-Net baseline","MSASample","CONUS Model",1e-04,68,8,6,1595,821.415768850943,1551598.47818912,2086673.72937493,1515732.65004476,2872674.97519098,-0.128675203466735,1195.48231173973,5477007.77771436,4323612.85040426,3125512.24516207,5980980.59257855,0.102696558697917,"/Users/9oy/Documents/Projects/IM3/EvaluationP/Script/Revision/5_UrbanScaling/data/model_evaldfs/unet_conus_model/Evaldf_0.0001.csv",2.11559494779925,3.06913108089765
"unet_conus_model","1","U-Net baseline","MSASample","CONUS Model",1e-04,69,8,7,2014,765.177347717932,1097433.15471117,1818280.57920715,1321979.21783029,2500904.87061374,-0.219282823526236,928.312433080921,7649795.89366982,2646047.70595034,1919036.35277941,3648481.41205059,0.461052177900682,"/Users/9oy/Documents/Projects/IM3/EvaluationP/Script/Revision/5_UrbanScaling/data/model_evaldfs/unet_conus_model/Evaldf_0.0001.csv",2.11559494779925,3.06913108089765
"unet_conus_model","1","U-Net baseline","MSASample","CONUS Model",1e-04,70,8,8,1604,865.700476683043,1131377.02756477,2310601.28933592,1677258.95486776,3183097.22108578,-0.310117655134839,946.876299027523,10406212.2773141,2749736.04161591,1993728.76030616,3792415.72329049,0.57800167473335,"/Users/9oy/Documents/Projects/IM3/EvaluationP/Script/Revision/5_UrbanScaling/data/model_evaldfs/unet_conus_model/Evaldf_0.0001.csv",2.11559494779925,3.06913108089765
"unet_conus_model","1","U-Net baseline","MSASample","CONUS Model",1e-04,71,8,9,1141,766.74826255202,739174.656419026,1825534.32041848,1327218.0763229,2510947.98547258,-0.392642934081097,844.450768536356,3342836.78021573,2201770.28594474,1598769.17359882,3032202.81709387,0.181343165538517,"/Users/9oy/Documents/Projects/IM3/EvaluationP/Script/Revision/5_UrbanScaling/data/model_evaldfs/unet_conus_model/Evaldf_0.0001.csv",2.11559494779925,3.06913108089765
"unet_conus_model","1","U-Net baseline","MSASample","CONUS Model",1e-04,72,8,10,1749,1085.12539495841,1518666.68905656,3582529.10769581,2593011.72155602,4949655.53020563,-0.372727260593307,1909.30696942455,8171242.01270831,10729390.8508537,7709699.48477834,14931817.8040103,-0.118286992626641,"/Users/9oy/Documents/Projects/IM3/EvaluationP/Script/Revision/5_UrbanScaling/data/model_evaldfs/unet_conus_model/Evaldf_0.0001.csv",2.11559494779925,3.06913108089765
"unet_conus_model","1","U-Net baseline","MSASample","CONUS Model",1e-04,73,8,11,1656,779.839500633342,952011.311540041,1886527.86687387,1371263.95686987,2595406.50409543,-0.29702111618736,978.77751534797,1770610.36496054,2932429.99363894,2125288.32441319,4046107.80044048,-0.21910465072734,"/Users/9oy/Documents/Projects/IM3/EvaluationP/Script/Revision/5_UrbanScaling/data/model_evaldfs/unet_conus_model/Evaldf_0.0001.csv",2.11559494779925,3.06913108089765
"unet_conus_model","1","U-Net baseline","MSASample","CONUS Model",1e-04,74,8,12,1418,560.48294080498,862914.849433957,993570.264283276,725268.968408062,1361125.20053735,-0.0612306428061615,936.440919742935,1880688.50229895,2691211.47580185,1951572.63583312,3711170.71150967,-0.155630956548689,"/Users/9oy/Documents/Projects/IM3/EvaluationP/Script/Revision/5_UrbanScaling/data/model_evaldfs/unet_conus_model/Evaldf_0.0001.csv",2.11559494779925,3.06913108089765
"unet_conus_model","1","U-Net baseline","MSASample","CONUS Model",1e-04,75,8,13,180,110.562189603502,82906.2099117182,42527.7605328203,31697.7856951223,57057.9419437245,0.289914547839598,592.693337638552,538871.484006976,1107411.96381441,807789.080407869,1518170.13542704,-0.312824008842993,"/Users/9oy/Documents/Projects/IM3/EvaluationP/Script/Revision/5_UrbanScaling/data/model_evaldfs/unet_conus_model/Evaldf_0.0001.csv",2.11559494779925,3.06913108089765
"unet_conus_model","1","U-Net baseline","MSASample","CONUS Model",1e-04,76,8,14,4417,546.42498564696,653183.957752039,945763.453820071,690597.106421666,1295210.33648166,-0.160747018111615,1216.17159755223,4068648.38380041,4470053.69319648,3230661.23518302,6184919.60792899,-0.0408625804419245,"/Users/9oy/Documents/Projects/IM3/EvaluationP/Script/Revision/5_UrbanScaling/data/model_evaldfs/unet_conus_model/Evaldf_0.0001.csv",2.11559494779925,3.06913108089765
"unet_conus_model","1","U-Net baseline","MSASample","CONUS Model",1e-04,77,8,15,2931,169.643309769317,228828.783916433,97637.6742557972,72374.4653698626,131719.320969946,0.369893226686028,788.600225938371,809308.014211478,1927887.71544455,1401126.17812614,2652688.31700281,-0.376967894971413,"/Users/9oy/Documents/Projects/IM3/EvaluationP/Script/Revision/5_UrbanScaling/data/model_evaldfs/unet_conus_model/Evaldf_0.0001.csv",2.11559494779925,3.06913108089765
"unet_conus_model","1","U-Net baseline","MSASample","CONUS Model",1e-04,78,8,16,35,381.212168779966,1944753.32445452,470147.905836465,344893.802282031,640890.186775994,0.616630016579498,305.374695354039,236294.989904333,305648.663041884,224859.319892721,415464.679266407,-0.111767986946383,"/Users/9oy/Documents/Projects/IM3/EvaluationP/Script/Revision/5_UrbanScaling/data/model_evaldfs/unet_conus_model/Evaldf_0.0001.csv",2.11559494779925,3.06913108089765
"unet_conus_model","1","U-Net baseline","MSASample","CONUS Model",1e-04,79,9,5,861,332.444203654396,330103.395669949,360436.286927935,264876.276971436,490471.69652119,-0.0381785153065292,522.963589678479,1610113.25376242,868526.80653533,634556.48632796,1188765.42896229,0.26807319773064,"/Users/9oy/Documents/Projects/IM3/EvaluationP/Script/Revision/5_UrbanScaling/data/model_evaldfs/unet_conus_model/Evaldf_0.0001.csv",2.11559494779925,3.06913108089765
"unet_conus_model","1","U-Net baseline","MSASample","CONUS Model",1e-04,80,9,6,1697,488.142188214087,679625.685205959,759783.409225543,555598.783437336,1039006.64678021,-0.0484200221152833,787.79014517315,3831196.41517572,1924045.0343419,1398351.90426909,2647366.0048475,0.299119184718498,"/Users/9oy/Documents/Projects/IM3/EvaluationP/Script/Revision/5_UrbanScaling/data/model_evaldfs/unet_conus_model/Evaldf_0.0001.csv",2.11559494779925,3.06913108089765
"unet_conus_model","1","U-Net baseline","MSASample","CONUS Model",1e-04,81,9,7,2248,722.711622407032,1128968.68664239,1627505.69440499,1184144.73680369,2236867.4225335,-0.158840620384181,597.335393158405,4586798.08781329,1124311.64063128,820034.169707593,1541492.67427448,0.610622915600731,"/Users/9oy/Documents/Projects/IM3/EvaluationP/Script/Revision/5_UrbanScaling/data/model_evaldfs/unet_conus_model/Evaldf_0.0001.csv",2.11559494779925,3.06913108089765
"unet_conus_model","1","U-Net baseline","MSASample","CONUS Model",1e-04,82,9,8,1464,750.805980927244,1124662.65081936,1752570.71010145,1274515.30873503,2409938.95707225,-0.192653276460955,1163.00822556604,7105420.11457003,4098530.89560854,2963850.28846924,5667612.6886738,0.238961547847324,"/Users/9oy/Documents/Projects/IM3/EvaluationP/Script/Revision/5_UrbanScaling/data/model_evaldfs/unet_conus_model/Evaldf_0.0001.csv",2.11559494779925,3.06913108089765
"unet_conus_model","1","U-Net baseline","MSASample","CONUS Model",1e-04,83,9,9,1423,687.651761526451,1021536.91086142,1477737.8987384,1075863.35030885,2029727.37824084,-0.160343348105158,767.090833342516,1898132.83409414,1827118.00996751,1328361.84368034,2513140.70652499,0.0165600032268059,"/Users/9oy/Documents/Projects/IM3/EvaluationP/Script/Revision/5_UrbanScaling/data/model_evaldfs/unet_conus_model/Evaldf_0.0001.csv",2.11559494779925,3.06913108089765
"unet_conus_model","1","U-Net baseline","MSASample","CONUS Model",1e-04,84,9,10,1692,951.234840923425,865458.717210502,2774360.68532289,2011464.47936636,3826603.59714131,-0.505916564922385,957.598877366374,2446849.68883005,2810507.01471514,2037496.72390109,3876791.35239997,-0.0601773823320428,"/Users/9oy/Documents/Projects/IM3/EvaluationP/Script/Revision/5_UrbanScaling/data/model_evaldfs/unet_conus_model/Evaldf_0.0001.csv",2.11559494779925,3.06913108089765
"unet_conus_model","1","U-Net baseline","MSASample","CONUS Model",1e-04,85,9,11,1663,1044.96887903365,1414624.56935746,3329645.49489076,2411143.86208814,4598041.32634584,-0.371756800240226,1255.1810252176,7194605.82769646,4752594.95675978,3433470.69359092,6578520.9307832,0.180076202326128,"/Users/9oy/Documents/Projects/IM3/EvaluationP/Script/Revision/5_UrbanScaling/data/model_evaldfs/unet_conus_model/Evaldf_0.0001.csv",2.11559494779925,3.06913108089765
"unet_conus_model","1","U-Net baseline","MSASample","CONUS Model",1e-04,86,9,12,2144,748.327747448621,910644.776053811,1741358.11833247,1266415.00436479,2394418.9588968,-0.281539094376804,803.426761161533,1377410.66346724,1998874.96506018,1452369.84486769,2751021.81449406,-0.161722187864502,"/Users/9oy/Documents/Projects/IM3/EvaluationP/Script/Revision/5_UrbanScaling/data/model_evaldfs/unet_conus_model/Evaldf_0.0001.csv",2.11559494779925,3.06913108089765
"unet_conus_model","1","U-Net baseline","MSASample","CONUS Model",1e-04,87,9,13,1169,476.697083183702,440758.985867781,725582.852198685,530751.040658697,991934.890511742,-0.216485835295037,678.42266324901,581185.791516377,1439479.51476671,1048191.35609349,1976834.9179634,-0.393890500429934,"/Users/9oy/Documents/Projects/IM3/EvaluationP/Script/Revision/5_UrbanScaling/data/model_evaldfs/unet_conus_model/Evaldf_0.0001.csv",2.11559494779925,3.06913108089765
"unet_conus_model","1","U-Net baseline","MSASample","CONUS Model",1e-04,88,9,14,89,23.5076376545672,4456.03171195437,2105.48096231551,1600.8306355849,2769.21866943991,0.325596953993612,483.14763940328,389491.767438766,744764.648601189,544688.129624864,1018333.88986844,-0.281520771443482,"/Users/9oy/Documents/Projects/IM3/EvaluationP/Script/Revision/5_UrbanScaling/data/model_evaldfs/unet_conus_model/Evaldf_0.0001.csv",2.11559494779925,3.06913108089765
"unet_conus_model","1","U-Net baseline","MSASample","CONUS Model",1e-04,89,10,5,11,1.57445240302093,24.7890036937838,11.0692570824964,8.71354405032158,14.0618388626697,0.350140598176501,0,0,0,0,0,NA,"/Users/9oy/Documents/Projects/IM3/EvaluationP/Script/Revision/5_UrbanScaling/data/model_evaldfs/unet_conus_model/Evaldf_0.0001.csv",2.11559494779925,3.06913108089765
"unet_conus_model","1","U-Net baseline","MSASample","CONUS Model",1e-04,90,10,6,540,258.447438911771,320994.556603472,221082.716012071,162994.901252262,299871.75637861,0.161942876469308,392.633466133176,678205.569726434,497878.042451059,365097.756239843,678948.421123842,0.134238378748734,"/Users/9oy/Documents/Projects/IM3/EvaluationP/Script/Revision/5_UrbanScaling/data/model_evaldfs/unet_conus_model/Evaldf_0.0001.csv",2.11559494779925,3.06913108089765
"unet_conus_model","1","U-Net baseline","MSASample","CONUS Model",1e-04,91,10,7,2166,289.265906956897,794004.63280345,275126.619149277,202545.84841953,373716.159354334,0.460290424988045,65.9979350819489,244861.16653676,15619.7714371839,11719.5134518941,20818.0365807281,1.19524523958022,"/Users/9oy/Documents/Projects/IM3/EvaluationP/Script/Revision/5_UrbanScaling/data/model_evaldfs/unet_conus_model/Evaldf_0.0001.csv",2.11559494779925,3.06913108089765
"unet_conus_model","1","U-Net baseline","MSASample","CONUS Model",1e-04,92,10,8,310,194.210329494364,230357.454141562,126952.261886785,93940.715821165,171564.338820373,0.258761827130746,422.343926117569,857660.806415707,573615.783010418,420242.85052389,782964.103038202,0.174694471624493,"/Users/9oy/Documents/Projects/IM3/EvaluationP/Script/Revision/5_UrbanScaling/data/model_evaldfs/unet_conus_model/Evaldf_0.0001.csv",2.11559494779925,3.06913108089765
"unet_conus_model","1","U-Net baseline","MSASample","CONUS Model",1e-04,93,10,9,1581,454.474285383687,822509.747767942,661359.846593889,484069.820650205,903582.144615377,0.0947032297019211,557.114142758181,1693581.74777007,982009.888885921,716885.845389827,1345184.07368659,0.236690303341977,"/Users/9oy/Documents/Projects/IM3/EvaluationP/Script/Revision/5_UrbanScaling/data/model_evaldfs/unet_conus_model/Evaldf_0.0001.csv",2.11559494779925,3.06913108089765
"unet_conus_model","1","U-Net baseline","MSASample","CONUS Model",1e-04,94,10,10,1043,903.19616239688,964312.740339168,2508839.15686778,1820167.57939127,3458073.85336359,-0.415254914710543,989.426300230363,1500713.71006978,2994681.88988178,2170103.91310894,4132576.12569253,-0.3000528460982,"/Users/9oy/Documents/Projects/IM3/EvaluationP/Script/Revision/5_UrbanScaling/data/model_evaldfs/unet_conus_model/Evaldf_0.0001.csv",2.11559494779925,3.06913108089765
"unet_conus_model","1","U-Net baseline","MSASample","CONUS Model",1e-04,95,10,11,2489,957.615503827796,1250315.43537992,2810601.74648049,2037564.94589922,3876922.88936244,-0.351779719132127,1029.82299084122,5302846.27341038,3236597.50207388,2344203.31175646,4468709.40668613,0.214420342728336,"/Users/9oy/Documents/Projects/IM3/EvaluationP/Script/Revision/5_UrbanScaling/data/model_evaldfs/unet_conus_model/Evaldf_0.0001.csv",2.11559494779925,3.06913108089765
"unet_conus_model","1","U-Net baseline","MSASample","CONUS Model",1e-04,96,10,12,1490,803.356478786676,1025935.75241727,1998535.52813108,1452124.84404895,2750551.56143828,-0.289591708522358,550.153533001823,879606.67503288,958331.713744386,699713.330180622,1312537.05475524,-0.0372273439322629,"/Users/9oy/Documents/Projects/IM3/EvaluationP/Script/Revision/5_UrbanScaling/data/model_evaldfs/unet_conus_model/Evaldf_0.0001.csv",2.11559494779925,3.06913108089765
"unet_conus_model","1","U-Net baseline","MSASample","CONUS Model",1e-04,97,10,13,323,226.5373563712,278468.991832256,171178.767112022,126416.666051559,231790.405689397,0.211326948390044,288.264149193542,303228.778749071,273279.985250615,201195.338396449,371191.255889926,0.0451625912416359,"/Users/9oy/Documents/Projects/IM3/EvaluationP/Script/Revision/5_UrbanScaling/data/model_evaldfs/unet_conus_model/Evaldf_0.0001.csv",2.11559494779925,3.06913108089765
"unet_conus_model","1","U-Net baseline","MSASample","CONUS Model",1e-04,98,11,9,1483,387.09760714115,541550.395744973,484341.130928659,355235.82848441,660367.880430584,0.0484875260271045,723.861362016473,1292791.54934371,1632535.75502897,1187780.26621617,2243826.62959899,-0.101334197199452,"/Users/9oy/Documents/Projects/IM3/EvaluationP/Script/Revision/5_UrbanScaling/data/model_evaldfs/unet_conus_model/Evaldf_0.0001.csv",2.11559494779925,3.06913108089765
"unet_conus_model","1","U-Net baseline","MSASample","CONUS Model",1e-04,99,11,10,1600,930.361532166895,1058807.542017,2657398.03872007,1927213.55200406,3664235.51186113,-0.399639583965946,848.991217894146,1925273.24509007,2224810.43194923,1615388.00988572,3064143.98758619,-0.0628006366135237,"/Users/9oy/Documents/Projects/IM3/EvaluationP/Script/Revision/5_UrbanScaling/data/model_evaldfs/unet_conus_model/Evaldf_0.0001.csv",2.11559494779925,3.06913108089765
"unet_conus_model","1","U-Net baseline","MSASample","CONUS Model",1e-04,100,11,11,2218,753.735209410706,1052548.3861685,1765868.79013217,1284121.78648766,2428346.45185175,-0.224716361231627,934.015168190648,5985965.28678542,2677694.63671249,1941835.3958356,3692408.00886394,0.349373145273413,"/Users/9oy/Documents/Projects/IM3/EvaluationP/Script/Revision/5_UrbanScaling/data/model_evaldfs/unet_conus_model/Evaldf_0.0001.csv",2.11559494779925,3.06913108089765
"unet_conus_model","1","U-Net baseline","MSASample","CONUS Model",1e-04,101,11,12,4341,600.334592021381,869431.247041928,1135296.38359706,827992.78945713,1556653.50594855,-0.115874009922698,956.38611475605,1304734.19120053,2803601.29250715,2032523.46016503,3867202.69723703,-0.332194208094181,"/Users/9oy/Documents/Projects/IM3/EvaluationP/Script/Revision/5_UrbanScaling/data/model_evaldfs/unet_conus_model/Evaldf_0.0001.csv",2.11559494779925,3.06913108089765
"unet_conus_model","1","U-Net baseline","MSASample","CONUS Model",1e-04,102,11,13,855,389.145031390765,1084651.52970258,489326.640590632,358868.087743419,667210.513749853,0.34569137222478,1039.40080721279,1207289.01423203,3295289.69524865,2386429.08640227,4550285.71244187,-0.436082351498042,"/Users/9oy/Documents/Projects/IM3/EvaluationP/Script/Revision/5_UrbanScaling/data/model_evaldfs/unet_conus_model/Evaldf_0.0001.csv",2.11559494779925,3.06913108089765
"unet_conus_model","1","U-Net baseline","MSASample","CONUS Model",1e-04,103,12,9,156,416.011008566161,395462.187565789,557036.215367871,408175.526104163,760186.060621818,-0.148778467077343,2165.45513946649,14098777.8418376,13699737.5852217,9828161.73001036,19096430.7527466,0.0124692188547669,"/Users/9oy/Documents/Projects/IM3/EvaluationP/Script/Revision/5_UrbanScaling/data/model_evaldfs/unet_conus_model/Evaldf_0.0001.csv",2.11559494779925,3.06913108089765
"unet_conus_model","1","U-Net baseline","MSASample","CONUS Model",1e-04,104,12,10,1485,589.383206666564,961157.04007878,1095437.05062473,799111.605976023,1501645.480941,-0.0567930745289689,994.441513579448,2088964.40383936,3024219.99222827,2191366.44145338,4173608.93567729,-0.160682340439566,"/Users/9oy/Documents/Projects/IM3/EvaluationP/Script/Revision/5_UrbanScaling/data/model_evaldfs/unet_conus_model/Evaldf_0.0001.csv",2.11559494779925,3.06913108089765
"unet_conus_model","1","U-Net baseline","MSASample","CONUS Model",1e-04,105,12,11,2575,682.732090371601,862204.125871563,1457283.29243314,1061069.28892507,2001447.61192382,-0.227933889064395,1067.68940591525,3583007.32768692,3471624.46064977,2513262.57324267,4795430.65817906,0.0137149566589502,"/Users/9oy/Documents/Projects/IM3/EvaluationP/Script/Revision/5_UrbanScaling/data/model_evaldfs/unet_conus_model/Evaldf_0.0001.csv",2.11559494779925,3.06913108089765
"unet_conus_model","1","U-Net baseline","MSASample","CONUS Model",1e-04,106,12,12,5417,499.002075110896,455109.777092455,792940.905676021,579681.64035166,1084656.19078927,-0.24112465698112,982.226450640545,2295147.61792145,2952522.75017013,2139753.92633128,4074015.4664507,-0.109382629219541,"/Users/9oy/Documents/Projects/IM3/EvaluationP/Script/Revision/5_UrbanScaling/data/model_evaldfs/unet_conus_model/Evaldf_0.0001.csv",2.11559494779925,3.06913108089765
"unet_conus_model","1","U-Net baseline","MSASample","CONUS Model",1e-04,107,12,13,1890,374.56470178449,606768.887110833,454363.25593711,333389.73962665,619233.119102474,0.125620100644193,1137.45602827051,1321323.88637679,3925529.84829224,2839554.92875699,5426830.95641995,-0.472888997857899,"/Users/9oy/Documents/Projects/IM3/EvaluationP/Script/Revision/5_UrbanScaling/data/model_evaldfs/unet_conus_model/Evaldf_0.0001.csv",2.11559494779925,3.06913108089765
"unet_conus_model","1","U-Net baseline","MSASample","CONUS Model",2e-04,1,1,4,376,553.159808949059,676736.17603599,968523.900589412,707105.518858275,1326589.20202961,-0.155690949394242,673.284322352117,776669.807421671,1418389.92386548,1032935.34472159,1947682.38535336,-0.261559214866573,"/Users/9oy/Documents/Projects/IM3/EvaluationP/Script/Revision/5_UrbanScaling/data/model_evaldfs/unet_conus_model/Evaldf_0.0002.csv",2.40189368407741,3.06913108089765
"unet_conus_model","1","U-Net baseline","MSASample","CONUS Model",2e-04,2,1,5,2873,588.788605154784,620506.649082436,1093292.67618007,797557.645182161,1498686.49997829,-0.245989999261829,919.540035845735,1253510.86855836,2597722.15738253,1884218.23128624,3581411.2690915,-0.31646459485402,"/Users/9oy/Documents/Projects/IM3/EvaluationP/Script/Revision/5_UrbanScaling/data/model_evaldfs/unet_conus_model/Evaldf_0.0002.csv",2.40189368407741,3.06913108089765
"unet_conus_model","1","U-Net baseline","MSASample","CONUS Model",2e-04,3,1,6,1631,477.318257965272,645717.129474206,727419.457356094,532085.583797525,994462.325334466,-0.051742606137304,382.277176224914,608163.144087705,472701.090539566,346754.354811977,644393.698006926,0.109433493246531,"/Users/9oy/Documents/Projects/IM3/EvaluationP/Script/Revision/5_UrbanScaling/data/model_evaldfs/unet_conus_model/Evaldf_0.0002.csv",2.40189368407741,3.06913108089765
"unet_conus_model","1","U-Net baseline","MSASample","CONUS Model",2e-04,4,1,7,540,641.982588775823,939246.257788464,1293179.776083,942327.792984999,1774662.64469681,-0.138879430710031,820.132858823158,1685056.64388418,2080351.65564922,1511170.72044647,2863914.01885011,-0.0915222484036353,"/Users/9oy/Documents/Projects/IM3/EvaluationP/Script/Revision/5_UrbanScaling/data/model_evaldfs/unet_conus_model/Evaldf_0.0002.csv",2.40189368407741,3.06913108089765
"unet_conus_model","1","U-Net baseline","MSASample","CONUS Model",2e-04,5,2,3,348,346.301512902361,588167.293560372,390174.209029982,286579.606617434,531216.841243691,0.178242312230323,583.114429750892,488822.873437225,1072931.80534022,782801.751128536,1470592.85093704,-0.341420599838488,"/Users/9oy/Documents/Projects/IM3/EvaluationP/Script/Revision/5_UrbanScaling/data/model_evaldfs/unet_conus_model/Evaldf_0.0002.csv",2.40189368407741,3.06913108089765
"unet_conus_model","1","U-Net baseline","MSASample","CONUS Model",2e-04,6,2,4,1396,726.28548441849,953766.915192186,1643165.84604245,1195463.03314285,2258534.07654286,-0.236239146030768,1088.67011100457,3302729.19463101,3605282.68065437,2609371.29047683,4981300.76576843,-0.0380663568426028,"/Users/9oy/Documents/Projects/IM3/EvaluationP/Script/Revision/5_UrbanScaling/data/model_evaldfs/unet_conus_model/Evaldf_0.0002.csv",2.40189368407741,3.06913108089765
"unet_conus_model","1","U-Net baseline","MSASample","CONUS Model",2e-04,7,2,5,1481,935.694029118375,891839.109876763,2687046.11525045,1948572.03430419,3705388.71459313,-0.478988606311181,1117.40056776099,2449083.63757663,3792279.82981508,2743794.69148165,5241422.16335305,-0.189896759372848,"/Users/9oy/Documents/Projects/IM3/EvaluationP/Script/Revision/5_UrbanScaling/data/model_evaldfs/unet_conus_model/Evaldf_0.0002.csv",2.40189368407741,3.06913108089765
"unet_conus_model","1","U-Net baseline","MSASample","CONUS Model",2e-04,8,2,6,1384,635.343424651706,555931.875505591,1267344.03955561,923624.871462302,1738975.38299746,-0.357872950716033,816.481194901174,1445455.32557506,2062407.48376139,1498221.92901256,2839048.43915773,-0.154369802362713,"/Users/9oy/Documents/Projects/IM3/EvaluationP/Script/Revision/5_UrbanScaling/data/model_evaldfs/unet_conus_model/Evaldf_0.0002.csv",2.40189368407741,3.06913108089765
"unet_conus_model","1","U-Net baseline","MSASample","CONUS Model",2e-04,9,2,7,2309,420.74575657154,594821.528415067,569409.536763995,417181.584261024,777184.882530491,0.0189619419240258,391.641129620083,866225.085654845,495438.159967142,363320.382495047,675599.229159609,0.242641302575761,"/Users/9oy/Documents/Projects/IM3/EvaluationP/Script/Revision/5_UrbanScaling/data/model_evaldfs/unet_conus_model/Evaldf_0.0002.csv",2.40189368407741,3.06913108089765
"unet_conus_model","1","U-Net baseline","MSASample","CONUS Model",2e-04,10,2,8,427,487.363014926871,599756.092443553,757430.840445192,553889.811737965,1035768.24469362,-0.101368316076521,714.296708224943,1037885.38753054,1590919.99554161,1157699.78488831,2186254.55861023,-0.185498942791545,"/Users/9oy/Documents/Projects/IM3/EvaluationP/Script/Revision/5_UrbanScaling/data/model_evaldfs/unet_conus_model/Evaldf_0.0002.csv",2.40189368407741,3.06913108089765
"unet_conus_model","1","U-Net baseline","MSASample","CONUS Model",2e-04,11,3,3,527,339.07869611302,533621.342867746,374531.35520091,275164.559349426,509781.260930843,0.153745009381477,748.711936674946,967507.682325204,1743094.06972155,1267669.12896712,2396821.74667618,-0.255666403209717,"/Users/9oy/Documents/Projects/IM3/EvaluationP/Script/Revision/5_UrbanScaling/data/model_evaldfs/unet_conus_model/Evaldf_0.0002.csv",2.40189368407741,3.06913108089765
"unet_conus_model","1","U-Net baseline","MSASample","CONUS Model",2e-04,12,3,4,702,586.15252405745,749095.48459477,1083810.43823535,790685.922905081,1485602.60401767,-0.160416150175225,1298.66393956768,7280178.78945513,5077422.95427707,3666535.42661807,7031221.80941227,0.156498702951587,"/Users/9oy/Documents/Projects/IM3/EvaluationP/Script/Revision/5_UrbanScaling/data/model_evaldfs/unet_conus_model/Evaldf_0.0002.csv",2.40189368407741,3.06913108089765
"unet_conus_model","1","U-Net baseline","MSASample","CONUS Model",2e-04,13,3,5,1135,770.848860200256,542614.345575277,1844534.91602132,1340940.19603976,2537256.37166367,-0.531395609189311,896.596957145314,1312205.57855719,2473376.0037758,1794608.04622819,3408871.85305538,-0.275288263296267,"/Users/9oy/Documents/Projects/IM3/EvaluationP/Script/Revision/5_UrbanScaling/data/model_evaldfs/unet_conus_model/Evaldf_0.0002.csv",2.40189368407741,3.06913108089765
"unet_conus_model","1","U-Net baseline","MSASample","CONUS Model",2e-04,14,3,6,1243,895.691656977918,871211.219850531,2468530.15057107,1791115.28300101,3402149.01972616,-0.452314976227159,1255.7773463723,2394884.38474863,4756979.18300034,3436617.07075511,6584629.73371849,-0.298046698619346,"/Users/9oy/Documents/Projects/IM3/EvaluationP/Script/Revision/5_UrbanScaling/data/model_evaldfs/unet_conus_model/Evaldf_0.0002.csv",2.40189368407741,3.06913108089765
"unet_conus_model","1","U-Net baseline","MSASample","CONUS Model",2e-04,15,3,7,1433,772.752324641172,933627.207305727,1853387.25486456,1347332.9837142,2549514.00879758,-0.29779267297654,872.297067332883,2967360.04739782,2344903.53803191,1701992.88215146,3230667.21390981,0.102245263132542,"/Users/9oy/Documents/Projects/IM3/EvaluationP/Script/Revision/5_UrbanScaling/data/model_evaldfs/unet_conus_model/Evaldf_0.0002.csv",2.40189368407741,3.06913108089765
"unet_conus_model","1","U-Net baseline","MSASample","CONUS Model",2e-04,16,3,8,487,520.50005658152,520894.952118122,860601.841445894,628804.548578872,1177846.96560153,-0.218052122217679,774.987524175917,1375231.96846462,1863808.60891756,1354858.58947204,2563944.7228429,-0.132025354055256,"/Users/9oy/Documents/Projects/IM3/EvaluationP/Script/Revision/5_UrbanScaling/data/model_evaldfs/unet_conus_model/Evaldf_0.0002.csv",2.40189368407741,3.06913108089765
"unet_conus_model","1","U-Net baseline","MSASample","CONUS Model",2e-04,17,3,9,431,673.858107826703,659955.153549355,1420737.45871318,1034633.60315216,1950927.28521591,-0.332999406491953,610.900175449458,638713.709103656,1174405.84728948,856324.110665345,1610639.09910945,-0.264511967114479,"/Users/9oy/Documents/Projects/IM3/EvaluationP/Script/Revision/5_UrbanScaling/data/model_evaldfs/unet_conus_model/Evaldf_0.0002.csv",2.40189368407741,3.06913108089765
"unet_conus_model","1","U-Net baseline","MSASample","CONUS Model",2e-04,18,3,10,15,585.976156986811,660518.818725558,1083177.45837441,790227.191982098,1484729.22500625,-0.214814417950648,258.818089714603,85810.7424537562,221698.646556791,163445.99164498,300712.727124395,-0.412221382206662,"/Users/9oy/Documents/Projects/IM3/EvaluationP/Script/Revision/5_UrbanScaling/data/model_evaldfs/unet_conus_model/Evaldf_0.0002.csv",2.40189368407741,3.06913108089765
"unet_conus_model","1","U-Net baseline","MSASample","CONUS Model",2e-04,19,4,1,473,210.168083540588,268593.441857776,147984.427113981,109392.837995048,200190.35130293,0.258879388893163,212.961918125678,245472.609263059,151827.239056222,112214.478096018,205423.675363093,0.208653344432248,"/Users/9oy/Documents/Projects/IM3/EvaluationP/Script/Revision/5_UrbanScaling/data/model_evaldfs/unet_conus_model/Evaldf_0.0002.csv",2.40189368407741,3.06913108089765
"unet_conus_model","1","U-Net baseline","MSASample","CONUS Model",2e-04,20,4,2,320,143.895346284502,215823.887536495,70930.720923508,52689.0879466064,95487.8394522038,0.48326513707948,327.102391751645,530926.127937993,349278.150543033,256729.838541717,475189.121528382,0.181862679622629,"/Users/9oy/Documents/Projects/IM3/EvaluationP/Script/Revision/5_UrbanScaling/data/model_evaldfs/unet_conus_model/Evaldf_0.0002.csv",2.40189368407741,3.06913108089765
"unet_conus_model","1","U-Net baseline","MSASample","CONUS Model",2e-04,21,4,3,205,325.150021033932,719147.262718982,345242.446246665,253782.991861839,469662.469560887,0.318693646560747,206.671442565237,238371.35404411,143242.265694176,105910.167704249,193733.492505626,0.221182881725673,"/Users/9oy/Documents/Projects/IM3/EvaluationP/Script/Revision/5_UrbanScaling/data/model_evaldfs/unet_conus_model/Evaldf_0.0002.csv",2.40189368407741,3.06913108089765
"unet_conus_model","1","U-Net baseline","MSASample","CONUS Model",2e-04,22,4,4,152,262.541625923366,290345.756169562,227932.33514602,168010.908941873,309224.857673331,0.105109542729781,635.537942798549,629591.243380593,1268097.39493246,924170.273477401,1740015.93557404,-0.304093931330306,"/Users/9oy/Documents/Projects/IM3/EvaluationP/Script/Revision/5_UrbanScaling/data/model_evaldfs/unet_conus_model/Evaldf_0.0002.csv",2.40189368407741,3.06913108089765
"unet_conus_model","1","U-Net baseline","MSASample","CONUS Model",2e-04,23,4,5,951,462.944919497869,446597.202700581,685499.29343661,501619.221157835,936784.838941081,-0.186091012982579,653.161070196998,1517233.25313809,1337250.79172562,974225.858165118,1835549.39030137,0.0548394888559319,"/Users/9oy/Documents/Projects/IM3/EvaluationP/Script/Revision/5_UrbanScaling/data/model_evaldfs/unet_conus_model/Evaldf_0.0002.csv",2.40189368407741,3.06913108089765
"unet_conus_model","1","U-Net baseline","MSASample","CONUS Model",2e-04,24,4,6,1767,605.929846338395,554491.31575549,1155927.72475847,842939.148570634,1585130.91618895,-0.319035931573891,909.228821760083,3567706.25197583,2541471.90571006,1843685.02842345,3503352.98488417,0.147303776199519,"/Users/9oy/Documents/Projects/IM3/EvaluationP/Script/Revision/5_UrbanScaling/data/model_evaldfs/unet_conus_model/Evaldf_0.0002.csv",2.40189368407741,3.06913108089765
"unet_conus_model","1","U-Net baseline","MSASample","CONUS Model",2e-04,25,4,7,1023,618.21452016814,712703.254258373,1201856.61115747,876206.001321062,1648538.48479137,-0.226943914946339,1820.67345309369,10780574.6070688,9783620.28431818,7034401.66373083,13607301.7213742,0.0421423206693129,"/Users/9oy/Documents/Projects/IM3/EvaluationP/Script/Revision/5_UrbanScaling/data/model_evaldfs/unet_conus_model/Evaldf_0.0002.csv",2.40189368407741,3.06913108089765
"unet_conus_model","1","U-Net baseline","MSASample","CONUS Model",2e-04,26,4,8,713,815.72312471847,861192.664001133,2058691.79704358,1495540.53916121,2833899.72002468,-0.378491012392148,1421.17684778826,5989638.3714483,6048498.67269786,4362718.5142456,8385674.22449303,-0.0042469873294891,"/Users/9oy/Documents/Projects/IM3/EvaluationP/Script/Revision/5_UrbanScaling/data/model_evaldfs/unet_conus_model/Evaldf_0.0002.csv",2.40189368407741,3.06913108089765
"unet_conus_model","1","U-Net baseline","MSASample","CONUS Model",2e-04,27,4,9,855,609.54917525377,506951.834064842,1169369.19126284,852675.856909569,1603685.96623668,-0.362984948933793,879.806135614649,2591752.48512071,2384248.89851585,1730360.24197177,3285236.60691389,0.0362419329645811,"/Users/9oy/Documents/Projects/IM3/EvaluationP/Script/Revision/5_UrbanScaling/data/model_evaldfs/unet_conus_model/Evaldf_0.0002.csv",2.40189368407741,3.06913108089765
"unet_conus_model","1","U-Net baseline","MSASample","CONUS Model",2e-04,28,4,10,784,849.677317647568,799084.913154264,2228302.10389284,1617906.45000738,3068984.7773279,-0.44538113912794,758.082984722014,1172112.03772333,1785696.62233466,1298444.44217099,2455794.27463673,-0.182838550931053,"/Users/9oy/Documents/Projects/IM3/EvaluationP/Script/Revision/5_UrbanScaling/data/model_evaldfs/unet_conus_model/Evaldf_0.0002.csv",2.40189368407741,3.06913108089765
"unet_conus_model","1","U-Net baseline","MSASample","CONUS Model",2e-04,29,4,11,184,539.321676476375,362328.099440894,922042.183138651,673388.998187717,1262512.14346406,-0.405648774390928,512.875978477372,356728.374502348,836299.123907189,611163.442319268,1144368.55384189,-0.370023986931484,"/Users/9oy/Documents/Projects/IM3/EvaluationP/Script/Revision/5_UrbanScaling/data/model_evaldfs/unet_conus_model/Evaldf_0.0002.csv",2.40189368407741,3.06913108089765
"unet_conus_model","1","U-Net baseline","MSASample","CONUS Model",2e-04,30,5,4,126,450.335821715276,419939.005302283,649718.766974883,475605.239113024,887573.225531785,-0.189539196244106,640.13877311343,1627828.24099768,1285979.37177063,937115.550609631,1764716.14791128,0.102374576551417,"/Users/9oy/Documents/Projects/IM3/EvaluationP/Script/Revision/5_UrbanScaling/data/model_evaldfs/unet_conus_model/Evaldf_0.0002.csv",2.40189368407741,3.06913108089765
"unet_conus_model","1","U-Net baseline","MSASample","CONUS Model",2e-04,31,5,5,844,751.987628411632,623803.730305562,1757929.27543736,1278386.37188242,2417356.29024989,-0.449953431182765,1317.30296865282,3739732.93605641,5219847.22637173,3768693.62502469,7229774.4995077,-0.144817203106626,"/Users/9oy/Documents/Projects/IM3/EvaluationP/Script/Revision/5_UrbanScaling/data/model_evaldfs/unet_conus_model/Evaldf_0.0002.csv",2.40189368407741,3.06913108089765
"unet_conus_model","1","U-Net baseline","MSASample","CONUS Model",2e-04,32,5,6,829,811.399266199135,688796.84012238,2037560.49159627,1480290.72361001,2804619.85655719,-0.471019364934358,2222.15039587044,14548170.1666346,14404620.708431,10330413.032276,20085653.6041179,0.00430654500264713,"/Users/9oy/Documents/Projects/IM3/EvaluationP/Script/Revision/5_UrbanScaling/data/model_evaldfs/unet_conus_model/Evaldf_0.0002.csv",2.40189368407741,3.06913108089765
"unet_conus_model","1","U-Net baseline","MSASample","CONUS Model",2e-04,33,5,7,705,909.424338211984,839438.206616878,2542532.94284673,1844449.65256874,3504825.27753353,-0.48127785663134,1887.66308965929,5185850.92273785,10494534.7539303,7542046.02670868,14602835.7970011,-0.30614316212242,"/Users/9oy/Documents/Projects/IM3/EvaluationP/Script/Revision/5_UrbanScaling/data/model_evaldfs/unet_conus_model/Evaldf_0.0002.csv",2.40189368407741,3.06913108089765
"unet_conus_model","1","U-Net baseline","MSASample","CONUS Model",2e-04,34,5,8,1213,707.687319197648,1008508.35214897,1562467.10245722,1137130.6273138,2146897.97954706,-0.190131382844242,2444.8747159892,39575884.8140339,17339350.2093309,12419833.7359809,24207495.2107302,0.358397815043498,"/Users/9oy/Documents/Projects/IM3/EvaluationP/Script/Revision/5_UrbanScaling/data/model_evaldfs/unet_conus_model/Evaldf_0.0002.csv",2.40189368407741,3.06913108089765
"unet_conus_model","1","U-Net baseline","MSASample","CONUS Model",2e-04,35,5,9,967,881.942094323974,769348.281815259,2395498.69304638,1738470.58766391,3300840.42209651,-0.493272950035593,1132.46179488706,1900084.45796615,3892139.16971136,2815560.73839382,5380366.01726563,-0.311415455181887,"/Users/9oy/Documents/Projects/IM3/EvaluationP/Script/Revision/5_UrbanScaling/data/model_evaldfs/unet_conus_model/Evaldf_0.0002.csv",2.40189368407741,3.06913108089765
"unet_conus_model","1","U-Net baseline","MSASample","CONUS Model",2e-04,36,5,10,1355,979.188390602303,541792.726875877,2934820.1739055,2127009.14778737,4049427.55517655,-0.733748325057955,1023.95525762421,1215529.80873862,3200893.1335787,2318513.52767522,4419088.66620445,-0.420505561219109,"/Users/9oy/Documents/Projects/IM3/EvaluationP/Script/Revision/5_UrbanScaling/data/model_evaldfs/unet_conus_model/Evaldf_0.0002.csv",2.40189368407741,3.06913108089765
"unet_conus_model","1","U-Net baseline","MSASample","CONUS Model",2e-04,37,5,11,3149,620.456869581272,745830.114588032,1210333.73738633,882345.157937497,1660243.4349839,-0.21026522416912,527.458914235081,2451388.1358492,883078.62220764,645117.288597722,1208815.61660708,0.443412708500555,"/Users/9oy/Documents/Projects/IM3/EvaluationP/Script/Revision/5_UrbanScaling/data/model_evaldfs/unet_conus_model/Evaldf_0.0002.csv",2.40189368407741,3.06913108089765
"unet_conus_model","1","U-Net baseline","MSASample","CONUS Model",2e-04,38,5,12,2408,480.505071030856,437671.756329563,736877.189650844,538957.559278876,1007478.20172379,-0.22624659117116,629.473575385321,1272769.37688923,1244712.64764082,907239.557048012,1707718.27921415,0.00968061506597652,"/Users/9oy/Documents/Projects/IM3/EvaluationP/Script/Revision/5_UrbanScaling/data/model_evaldfs/unet_conus_model/Evaldf_0.0002.csv",2.40189368407741,3.06913108089765
"unet_conus_model","1","U-Net baseline","MSASample","CONUS Model",2e-04,39,5,13,627,711.747700711641,534617.049446726,1579917.22793876,1149745.95825721,2171034.76573324,-0.47059153010227,529.765267232991,245348.627639153,890590.0150762,650568.138290938,1219166.03084353,-0.559894188602199,"/Users/9oy/Documents/Projects/IM3/EvaluationP/Script/Revision/5_UrbanScaling/data/model_evaldfs/unet_conus_model/Evaldf_0.0002.csv",2.40189368407741,3.06913108089765
"unet_conus_model","1","U-Net baseline","MSASample","CONUS Model",2e-04,40,5,14,372,280.8638605421,287373.519599919,259825.251858038,191353.556627831,352798.049290472,0.0437653900861443,389.763262602793,376776.019954145,490836.908872074,359968.365309771,669283.454682939,-0.114853958230867,"/Users/9oy/Documents/Projects/IM3/EvaluationP/Script/Revision/5_UrbanScaling/data/model_evaldfs/unet_conus_model/Evaldf_0.0002.csv",2.40189368407741,3.06913108089765
"unet_conus_model","1","U-Net baseline","MSASample","CONUS Model",2e-04,41,5,15,221,582.900544681282,567450.445478756,1072167.94312601,782248.130419565,1469538.95262172,-0.276334876769389,464.215407895675,439048.294986287,689156.084555248,504277.351466182,941815.267924777,-0.195805299948753,"/Users/9oy/Documents/Projects/IM3/EvaluationP/Script/Revision/5_UrbanScaling/data/model_evaldfs/unet_conus_model/Evaldf_0.0002.csv",2.40189368407741,3.06913108089765
"unet_conus_model","1","U-Net baseline","MSASample","CONUS Model",2e-04,42,5,16,74,292.839903786614,180582.76518286,281764.023067987,207399.529083604,382792.405779545,-0.193209240692995,512.885626498752,173133.206799764,836329.664860772,611185.613808974,1144410.62178657,-0.683997128440116,"/Users/9oy/Documents/Projects/IM3/EvaluationP/Script/Revision/5_UrbanScaling/data/model_evaldfs/unet_conus_model/Evaldf_0.0002.csv",2.40189368407741,3.06913108089765
"unet_conus_model","1","U-Net baseline","MSASample","CONUS Model",2e-04,43,6,5,1020,848.315092645413,2260658.54470732,2221372.11932313,1612908.0307098,3059377.22334644,0.00761365372816342,1038.68675336805,18703882.5606851,3290896.38093141,2383268.5140759,4544179.10783618,0.754617558883984,"/Users/9oy/Documents/Projects/IM3/EvaluationP/Script/Revision/5_UrbanScaling/data/model_evaldfs/unet_conus_model/Evaldf_0.0002.csv",2.40189368407741,3.06913108089765
"unet_conus_model","1","U-Net baseline","MSASample","CONUS Model",2e-04,44,6,6,1894,796.479670949157,956438.155080905,1965458.37205612,1428248.8882039,2704729.29766706,-0.312806956948243,1669.87340621542,9407703.01028866,8271931.05964477,5954109.68112573,11492036.1095161,0.0558766925558535,"/Users/9oy/Documents/Projects/IM3/EvaluationP/Script/Revision/5_UrbanScaling/data/model_evaldfs/unet_conus_model/Evaldf_0.0002.csv",2.40189368407741,3.06913108089765
"unet_conus_model","1","U-Net baseline","MSASample","CONUS Model",2e-04,45,6,7,794,845.696222776708,700436.854649561,2208078.66822252,1603319.51788065,3040948.07721431,-0.498645553000965,910.179821480569,2772965.39190108,2546634.8501144,1847405.62476457,3510517.11269078,0.0369777713802011,"/Users/9oy/Documents/Projects/IM3/EvaluationP/Script/Revision/5_UrbanScaling/data/model_evaldfs/unet_conus_model/Evaldf_0.0002.csv",2.40189368407741,3.06913108089765
"unet_conus_model","1","U-Net baseline","MSASample","CONUS Model",2e-04,46,6,8,842,829.866680762915,928072.53588684,2128551.51468397,1545948.84155478,2930712.47177028,-0.360502244386014,1504.48706738476,6679005.85108356,6755785.34507676,4869312.30077867,9373117.35405745,-0.00496401813919723,"/Users/9oy/Documents/Projects/IM3/EvaluationP/Script/Revision/5_UrbanScaling/data/model_evaldfs/unet_conus_model/Evaldf_0.0002.csv",2.40189368407741,3.06913108089765
"unet_conus_model","1","U-Net baseline","MSASample","CONUS Model",2e-04,47,6,9,1391,917.898081953925,1553059.74056081,2588724.92217568,1877735.33361002,3568925.07838663,-0.221897742989953,727.689718266758,2253482.5107051,1649338.894412,1199924.37648653,2267075.19400974,0.13554429130599,"/Users/9oy/Documents/Projects/IM3/EvaluationP/Script/Revision/5_UrbanScaling/data/model_evaldfs/unet_conus_model/Evaldf_0.0002.csv",2.40189368407741,3.06913108089765
"unet_conus_model","1","U-Net baseline","MSASample","CONUS Model",2e-04,48,6,10,2337,515.085883013744,577493.983231527,843308.73242654,616251.992800964,1154024.04616086,-0.164439133671687,432.907072112222,1157303.49963683,601794.369339094,440747.180968937,821687.531096796,0.283999146446125,"/Users/9oy/Documents/Projects/IM3/EvaluationP/Script/Revision/5_UrbanScaling/data/model_evaldfs/unet_conus_model/Evaldf_0.0002.csv",2.40189368407741,3.06913108089765
"unet_conus_model","1","U-Net baseline","MSASample","CONUS Model",2e-04,49,6,11,1784,811.257602046191,807130.889756211,2036869.94754426,1479792.3615299,2803663.06183634,-0.402019332005132,790.747009849885,1867973.02927979,1938089.13062028,1408491.04585597,2666818.14504952,-0.0160031445265159,"/Users/9oy/Documents/Projects/IM3/EvaluationP/Script/Revision/5_UrbanScaling/data/model_evaldfs/unet_conus_model/Evaldf_0.0002.csv",2.40189368407741,3.06913108089765
"unet_conus_model","1","U-Net baseline","MSASample","CONUS Model",2e-04,50,6,12,1799,714.061724682973,532655.285381444,1589904.14200367,1156965.4464951,2184849.33013177,-0.47492470000974,697.966707392815,606519.087996735,1521073.15705145,1107201.68880575,2089649.58461906,-0.399305628977548,"/Users/9oy/Documents/Projects/IM3/EvaluationP/Script/Revision/5_UrbanScaling/data/model_evaldfs/unet_conus_model/Evaldf_0.0002.csv",2.40189368407741,3.06913108089765
"unet_conus_model","1","U-Net baseline","MSASample","CONUS Model",2e-04,51,6,13,2220,608.171340559131,840358.067782068,1164243.30542582,848962.863626495,1596609.85456859,-0.141579375520891,826.698205302608,3231376.39946596,2112803.12238609,1534586.32726044,2908886.22859913,0.184528518743143,"/Users/9oy/Documents/Projects/IM3/EvaluationP/Script/Revision/5_UrbanScaling/data/model_evaldfs/unet_conus_model/Evaldf_0.0002.csv",2.40189368407741,3.06913108089765
"unet_conus_model","1","U-Net baseline","MSASample","CONUS Model",2e-04,52,6,14,2343,802.494306280304,568556.735235581,1994373.84005938,1449120.97352027,2744786.03691092,-0.545032760311867,614.676786264456,1032449.41655927,1188541.08163993,866562.281267088,1630153.92347827,-0.0611454144209842,"/Users/9oy/Documents/Projects/IM3/EvaluationP/Script/Revision/5_UrbanScaling/data/model_evaldfs/unet_conus_model/Evaldf_0.0002.csv",2.40189368407741,3.06913108089765
"unet_conus_model","1","U-Net baseline","MSASample","CONUS Model",2e-04,53,6,15,2667,817.774729377313,1025042.74128253,2068755.25401682,1502802.66290169,2847844.5019246,-0.30496713952044,625.389577303888,895042.157953957,1229083.3305036,895922.653737882,1686134.20703145,-0.137737836794611,"/Users/9oy/Documents/Projects/IM3/EvaluationP/Script/Revision/5_UrbanScaling/data/model_evaldfs/unet_conus_model/Evaldf_0.0002.csv",2.40189368407741,3.06913108089765
"unet_conus_model","1","U-Net baseline","MSASample","CONUS Model",2e-04,54,6,16,2060,731.720277037305,827503.281526954,1667119.66863995,1212774.16012542,2291678.10540979,-0.304197050652849,681.054275436625,803461.307266405,1450339.02710266,1056046.44676685,1991847.32828467,-0.256504566496438,"/Users/9oy/Documents/Projects/IM3/EvaluationP/Script/Revision/5_UrbanScaling/data/model_evaldfs/unet_conus_model/Evaldf_0.0002.csv",2.40189368407741,3.06913108089765
"unet_conus_model","1","U-Net baseline","MSASample","CONUS Model",2e-04,55,7,5,256,881.01580561167,790571.147678015,2390616.90734234,1734951.17932919,3294069.17368173,-0.480569026189223,832.259801957495,1396697.43707579,2140483.72060941,1554557.5948064,2947250.44186252,-0.185409592946458,"/Users/9oy/Documents/Projects/IM3/EvaluationP/Script/Revision/5_UrbanScaling/data/model_evaldfs/unet_conus_model/Evaldf_0.0002.csv",2.40189368407741,3.06913108089765
"unet_conus_model","1","U-Net baseline","MSASample","CONUS Model",2e-04,56,7,6,1440,727.223116984285,980918.454514973,1647286.45798846,1198441.06593834,2264235.39028809,-0.225136222983302,1298.05081345611,6011821.84378054,5072770.40408238,3663197.92461287,7024736.33751409,0.0737608956917206,"/Users/9oy/Documents/Projects/IM3/EvaluationP/Script/Revision/5_UrbanScaling/data/model_evaldfs/unet_conus_model/Evaldf_0.0002.csv",2.40189368407741,3.06913108089765
"unet_conus_model","1","U-Net baseline","MSASample","CONUS Model",2e-04,57,7,7,1468,868.211363867681,675699.088578887,2323629.00184907,1686652.98167403,3201163.36727147,-0.536413455261792,1181.37426202109,6830594.79169797,4225111.45029169,3054772.02534888,5843829.46395065,0.208620353355097,"/Users/9oy/Documents/Projects/IM3/EvaluationP/Script/Revision/5_UrbanScaling/data/model_evaldfs/unet_conus_model/Evaldf_0.0002.csv",2.40189368407741,3.06913108089765
"unet_conus_model","1","U-Net baseline","MSASample","CONUS Model",2e-04,58,7,8,1181,851.030299355992,851106.189011965,2235195.42518086,1622878.32297439,3078541.69842671,-0.419331751293858,1050.11801577532,7428508.19374722,3361570.14880052,2434108.21426945,4642420.4967807,0.34435942824005,"/Users/9oy/Documents/Projects/IM3/EvaluationP/Script/Revision/5_UrbanScaling/data/model_evaldfs/unet_conus_model/Evaldf_0.0002.csv",2.40189368407741,3.06913108089765
"unet_conus_model","1","U-Net baseline","MSASample","CONUS Model",2e-04,59,7,9,1236,692.837688176719,771840.620369494,1499449.15488089,1091564.81805859,2059747.37448192,-0.288404112913598,1201.43129069522,7251579.66513516,4365478.04666436,3155575.10387965,6039279.03743383,0.220400813890621,"/Users/9oy/Documents/Projects/IM3/EvaluationP/Script/Revision/5_UrbanScaling/data/model_evaldfs/unet_conus_model/Evaldf_0.0002.csv",2.40189368407741,3.06913108089765
"unet_conus_model","1","U-Net baseline","MSASample","CONUS Model",2e-04,60,7,10,1155,752.923577618448,905424.352095658,1762179.27135132,1281456.54159053,2423239.2465889,-0.28919791729163,1109.84690137856,4906835.70819768,3742671.2992855,2708137.83234758,5172406.03014391,0.11761983027071,"/Users/9oy/Documents/Projects/IM3/EvaluationP/Script/Revision/5_UrbanScaling/data/model_evaldfs/unet_conus_model/Evaldf_0.0002.csv",2.40189368407741,3.06913108089765
"unet_conus_model","1","U-Net baseline","MSASample","CONUS Model",2e-04,61,7,11,1226,874.71888747361,1408352.44871073,2357558.49726803,1711117.24137004,3248218.14289623,-0.223751124312617,655.994553274368,1453492.31057747,1348535.49462251,982392.460978863,1851142.03588733,0.0325503566144324,"/Users/9oy/Documents/Projects/IM3/EvaluationP/Script/Revision/5_UrbanScaling/data/model_evaldfs/unet_conus_model/Evaldf_0.0002.csv",2.40189368407741,3.06913108089765
"unet_conus_model","1","U-Net baseline","MSASample","CONUS Model",2e-04,62,7,12,2081,663.271869503438,951968.37176615,1377728.96548268,1003517.33336474,1891484.12211837,-0.160541269536835,792.044902540006,2553495.8108499,1944269.31642137,1412952.67950271,2675378.46781116,0.118378727320311,"/Users/9oy/Documents/Projects/IM3/EvaluationP/Script/Revision/5_UrbanScaling/data/model_evaldfs/unet_conus_model/Evaldf_0.0002.csv",2.40189368407741,3.06913108089765
"unet_conus_model","1","U-Net baseline","MSASample","CONUS Model",2e-04,63,7,13,2157,445.80751562099,583469.187382034,637095.9786982,466425.692672905,870216.397701874,-0.0381869376711356,255.966596164736,439550.930781802,216981.561305101,159991.116490936,294272.575746833,0.30658637417387,"/Users/9oy/Documents/Projects/IM3/EvaluationP/Script/Revision/5_UrbanScaling/data/model_evaldfs/unet_conus_model/Evaldf_0.0002.csv",2.40189368407741,3.06913108089765
"unet_conus_model","1","U-Net baseline","MSASample","CONUS Model",2e-04,64,7,14,2805,951.798898766154,1405849.15975103,2777555.24648509,2013765.26208717,3831038.94605912,-0.295723980297525,724.231158505416,1545285.25060957,1634155.1981685,1188950.72005517,2246067.19745057,-0.0242846403733731,"/Users/9oy/Documents/Projects/IM3/EvaluationP/Script/Revision/5_UrbanScaling/data/model_evaldfs/unet_conus_model/Evaldf_0.0002.csv",2.40189368407741,3.06913108089765
"unet_conus_model","1","U-Net baseline","MSASample","CONUS Model",2e-04,65,7,15,3917,1093.04256067285,2282068.17925735,3633445.69543068,2629619.24293715,5020471.17927912,-0.201990058427411,1155.25252711303,4779601.99271333,4045638.63135385,2925852.75204905,5593990.30728401,0.0724046458491493,"/Users/9oy/Documents/Projects/IM3/EvaluationP/Script/Revision/5_UrbanScaling/data/model_evaldfs/unet_conus_model/Evaldf_0.0002.csv",2.40189368407741,3.06913108089765
"unet_conus_model","1","U-Net baseline","MSASample","CONUS Model",2e-04,66,7,16,3141,909.350573166415,1828484.47464705,2542132.60628141,1844161.15489955,3504269.77097407,-0.143106923917292,1229.96104597647,7213943.35294946,4568969.7683616,3301673.04796849,6322698.95925853,0.198354443268808,"/Users/9oy/Documents/Projects/IM3/EvaluationP/Script/Revision/5_UrbanScaling/data/model_evaldfs/unet_conus_model/Evaldf_0.0002.csv",2.40189368407741,3.06913108089765
"unet_conus_model","1","U-Net baseline","MSASample","CONUS Model",2e-04,67,8,5,180,634.426955996244,683706.997907638,1263797.54040171,921057.305644252,1734076.92804545,-0.26680748077383,1244.22591636228,1770535.18860355,4672400.49397937,3375915.04981642,6466787.83499777,-0.421435498583696,"/Users/9oy/Documents/Projects/IM3/EvaluationP/Script/Revision/5_UrbanScaling/data/model_evaldfs/unet_conus_model/Evaldf_0.0002.csv",2.40189368407741,3.06913108089765
"unet_conus_model","1","U-Net baseline","MSASample","CONUS Model",2e-04,68,8,6,1595,927.091516079747,1643092.67948366,2639296.0246322,1914172.081985,3639110.38678179,-0.205826042888357,1195.48231173973,5477007.77771436,4323612.85040426,3125512.24516207,5980980.59257855,0.102696558697917,"/Users/9oy/Documents/Projects/IM3/EvaluationP/Script/Revision/5_UrbanScaling/data/model_evaldfs/unet_conus_model/Evaldf_0.0002.csv",2.40189368407741,3.06913108089765
"unet_conus_model","1","U-Net baseline","MSASample","CONUS Model",2e-04,69,8,7,2014,885.09336608376,1287956.47729911,2412142.88084591,1750469.46637149,3323927.31743933,-0.272501841657672,928.312433080921,7649795.89366982,2646047.70595034,1919036.35277941,3648481.41205059,0.461052177900682,"/Users/9oy/Documents/Projects/IM3/EvaluationP/Script/Revision/5_UrbanScaling/data/model_evaldfs/unet_conus_model/Evaldf_0.0002.csv",2.40189368407741,3.06913108089765
"unet_conus_model","1","U-Net baseline","MSASample","CONUS Model",2e-04,70,8,8,1604,936.440181843282,1057274.89286512,2691207.35903952,1951569.67025548,3711164.99694338,-0.405759242560132,946.876299027523,10406212.2773141,2749736.04161591,1993728.76030616,3792415.72329049,0.57800167473335,"/Users/9oy/Documents/Projects/IM3/EvaluationP/Script/Revision/5_UrbanScaling/data/model_evaldfs/unet_conus_model/Evaldf_0.0002.csv",2.40189368407741,3.06913108089765
"unet_conus_model","1","U-Net baseline","MSASample","CONUS Model",2e-04,71,8,9,1141,862.869028169961,791813.16458594,2295952.9583762,1666695.91332199,3162784.49172513,-0.462340267585466,844.450768536356,3342836.78021573,2201770.28594474,1598769.17359882,3032202.81709387,0.181343165538517,"/Users/9oy/Documents/Projects/IM3/EvaluationP/Script/Revision/5_UrbanScaling/data/model_evaldfs/unet_conus_model/Evaldf_0.0002.csv",2.40189368407741,3.06913108089765
"unet_conus_model","1","U-Net baseline","MSASample","CONUS Model",2e-04,72,8,10,1749,1002.89520326514,1214976.06057479,3074327.8084575,2227432.61203644,4243222.1844925,-0.403182452602319,1909.30696942455,8171242.01270831,10729390.8508537,7709699.48477834,14931817.8040103,-0.118286992626641,"/Users/9oy/Documents/Projects/IM3/EvaluationP/Script/Revision/5_UrbanScaling/data/model_evaldfs/unet_conus_model/Evaldf_0.0002.csv",2.40189368407741,3.06913108089765
"unet_conus_model","1","U-Net baseline","MSASample","CONUS Model",2e-04,73,8,11,1656,800.270872433663,735830.720369642,1983660.78568767,1441388.19231506,2729944.73914417,-0.430689492653864,978.77751534797,1770610.36496054,2932429.99363894,2125288.32441319,4046107.80044048,-0.21910465072734,"/Users/9oy/Documents/Projects/IM3/EvaluationP/Script/Revision/5_UrbanScaling/data/model_evaldfs/unet_conus_model/Evaldf_0.0002.csv",2.40189368407741,3.06913108089765
"unet_conus_model","1","U-Net baseline","MSASample","CONUS Model",2e-04,74,8,12,1418,697.93932220374,1097907.58497165,1520957.30217296,1107117.91510902,2089489.37006899,-0.141551236831621,936.440919742935,1880688.50229895,2691211.47580185,1951572.63583312,3711170.71150967,-0.155630956548689,"/Users/9oy/Documents/Projects/IM3/EvaluationP/Script/Revision/5_UrbanScaling/data/model_evaldfs/unet_conus_model/Evaldf_0.0002.csv",2.40189368407741,3.06913108089765
"unet_conus_model","1","U-Net baseline","MSASample","CONUS Model",2e-04,75,8,13,180,115.60543155049,135465.503178649,46374.4200666468,34545.0681592826,62254.5257864817,0.465550222891923,592.693337638552,538871.484006976,1107411.96381441,807789.080407869,1518170.13542704,-0.312824008842993,"/Users/9oy/Documents/Projects/IM3/EvaluationP/Script/Revision/5_UrbanScaling/data/model_evaldfs/unet_conus_model/Evaldf_0.0002.csv",2.40189368407741,3.06913108089765
"unet_conus_model","1","U-Net baseline","MSASample","CONUS Model",2e-04,76,8,14,4417,704.989608994844,1543469.80742146,1550925.23612823,1128786.08034984,2130934.39929194,-0.00209272427543672,1216.17159755223,4068648.38380041,4470053.69319648,3230661.23518302,6184919.60792899,-0.0408625804419245,"/Users/9oy/Documents/Projects/IM3/EvaluationP/Script/Revision/5_UrbanScaling/data/model_evaldfs/unet_conus_model/Evaldf_0.0002.csv",2.40189368407741,3.06913108089765
"unet_conus_model","1","U-Net baseline","MSASample","CONUS Model",2e-04,77,8,15,2931,458.795323796465,614137.039372078,673621.429269024,492984.522946839,920446.401152792,-0.0401506034881347,788.600225938371,809308.014211478,1927887.71544455,1401126.17812614,2652688.31700281,-0.376967894971413,"/Users/9oy/Documents/Projects/IM3/EvaluationP/Script/Revision/5_UrbanScaling/data/model_evaldfs/unet_conus_model/Evaldf_0.0002.csv",2.40189368407741,3.06913108089765
"unet_conus_model","1","U-Net baseline","MSASample","CONUS Model",2e-04,78,8,16,35,174.710043149259,228154.779426378,103378.293432032,76600.7662759259,139516.509722933,0.343800212319708,305.374695354039,236294.989904333,305648.663041884,224859.319892721,415464.679266407,-0.111767986946383,"/Users/9oy/Documents/Projects/IM3/EvaluationP/Script/Revision/5_UrbanScaling/data/model_evaldfs/unet_conus_model/Evaldf_0.0002.csv",2.40189368407741,3.06913108089765
"unet_conus_model","1","U-Net baseline","MSASample","CONUS Model",2e-04,79,9,5,861,562.977996033359,703342.693449215,1002174.58190719,731508.056877218,1372990.88257265,-0.15377640333489,522.963589678479,1610113.25376242,868526.80653533,634556.48632796,1188765.42896229,0.26807319773064,"/Users/9oy/Documents/Projects/IM3/EvaluationP/Script/Revision/5_UrbanScaling/data/model_evaldfs/unet_conus_model/Evaldf_0.0002.csv",2.40189368407741,3.06913108089765
"unet_conus_model","1","U-Net baseline","MSASample","CONUS Model",2e-04,80,9,6,1697,616.618143070824,826750.279229232,1195839.16800633,871847.979740065,1640230.11920545,-0.160298423747669,787.79014517315,3831196.41517572,1924045.0343419,1398351.90426909,2647366.0048475,0.299119184718498,"/Users/9oy/Documents/Projects/IM3/EvaluationP/Script/Revision/5_UrbanScaling/data/model_evaldfs/unet_conus_model/Evaldf_0.0002.csv",2.40189368407741,3.06913108089765
"unet_conus_model","1","U-Net baseline","MSASample","CONUS Model",2e-04,81,9,7,2248,810.598201727305,1226496.60814883,2033657.18440385,1477473.71223752,2799211.59301989,-0.21961139379603,597.335393158405,4586798.08781329,1124311.64063128,820034.169707593,1541492.67427448,0.610622915600731,"/Users/9oy/Documents/Projects/IM3/EvaluationP/Script/Revision/5_UrbanScaling/data/model_evaldfs/unet_conus_model/Evaldf_0.0002.csv",2.40189368407741,3.06913108089765
"unet_conus_model","1","U-Net baseline","MSASample","CONUS Model",2e-04,82,9,8,1464,702.192301410297,1017222.70886929,1539001.07802446,1120164.71217795,2114442.89613024,-0.179822877073727,1163.00822556604,7105420.11457003,4098530.89560854,2963850.28846924,5667612.6886738,0.238961547847324,"/Users/9oy/Documents/Projects/IM3/EvaluationP/Script/Revision/5_UrbanScaling/data/model_evaldfs/unet_conus_model/Evaldf_0.0002.csv",2.40189368407741,3.06913108089765
"unet_conus_model","1","U-Net baseline","MSASample","CONUS Model",2e-04,83,9,9,1423,747.099043910395,1114322.44431409,1735811.87637401,1262408.10944426,2386742.32811088,-0.192491777449511,767.090833342516,1898132.83409414,1827118.00996751,1328361.84368034,2513140.70652499,0.0165600032268059,"/Users/9oy/Documents/Projects/IM3/EvaluationP/Script/Revision/5_UrbanScaling/data/model_evaldfs/unet_conus_model/Evaldf_0.0002.csv",2.40189368407741,3.06913108089765
"unet_conus_model","1","U-Net baseline","MSASample","CONUS Model",2e-04,84,9,10,1692,994.475769452318,919734.430654679,3024422.23239782,2191512.01603766,4173889.88647235,-0.516979977091774,957.598877366374,2446849.68883005,2810507.01471514,2037496.72390109,3876791.35239997,-0.0601773823320428,"/Users/9oy/Documents/Projects/IM3/EvaluationP/Script/Revision/5_UrbanScaling/data/model_evaldfs/unet_conus_model/Evaldf_0.0002.csv",2.40189368407741,3.06913108089765
"unet_conus_model","1","U-Net baseline","MSASample","CONUS Model",2e-04,85,9,11,1663,1044.94850967797,1356652.2019093,3329519.49819527,2411053.22604374,4597866.18110163,-0.389913038493158,1255.1810252176,7194605.82769646,4752594.95675978,3433470.69359092,6578520.9307832,0.180076202326128,"/Users/9oy/Documents/Projects/IM3/EvaluationP/Script/Revision/5_UrbanScaling/data/model_evaldfs/unet_conus_model/Evaldf_0.0002.csv",2.40189368407741,3.06913108089765
"unet_conus_model","1","U-Net baseline","MSASample","CONUS Model",2e-04,86,9,12,2144,939.758003574364,1074938.96797385,2709748.43411307,1964925.7357852,3736902.8469893,-0.401545167066914,803.426761161533,1377410.66346724,1998874.96506018,1452369.84486769,2751021.81449406,-0.161722187864502,"/Users/9oy/Documents/Projects/IM3/EvaluationP/Script/Revision/5_UrbanScaling/data/model_evaldfs/unet_conus_model/Evaldf_0.0002.csv",2.40189368407741,3.06913108089765
"unet_conus_model","1","U-Net baseline","MSASample","CONUS Model",2e-04,87,9,13,1169,566.840044493226,460686.151414716,1015563.96689801,741216.148226932,1391456.69360925,-0.343302126107381,678.42266324901,581185.791516377,1439479.51476671,1048191.35609349,1976834.9179634,-0.393890500429934,"/Users/9oy/Documents/Projects/IM3/EvaluationP/Script/Revision/5_UrbanScaling/data/model_evaldfs/unet_conus_model/Evaldf_0.0002.csv",2.40189368407741,3.06913108089765
"unet_conus_model","1","U-Net baseline","MSASample","CONUS Model",2e-04,88,9,14,89,107.58306352295,64139.4837769642,40331.4173534909,30071.3056414344,54092.2048791988,0.201481975670409,483.14763940328,389491.767438766,744764.648601189,544688.129624864,1018333.88986844,-0.281520771443482,"/Users/9oy/Documents/Projects/IM3/EvaluationP/Script/Revision/5_UrbanScaling/data/model_evaldfs/unet_conus_model/Evaldf_0.0002.csv",2.40189368407741,3.06913108089765
"unet_conus_model","1","U-Net baseline","MSASample","CONUS Model",2e-04,89,10,5,11,30.5522032967061,9334.37126272522,3502.1572944207,2653.79519827568,4621.72277756529,0.425749422497105,0,0,0,0,0,NA,"/Users/9oy/Documents/Projects/IM3/EvaluationP/Script/Revision/5_UrbanScaling/data/model_evaldfs/unet_conus_model/Evaldf_0.0002.csv",2.40189368407741,3.06913108089765
"unet_conus_model","1","U-Net baseline","MSASample","CONUS Model",2e-04,90,10,6,540,260.222208491799,421433.136099896,224039.481699074,165160.27871729,303908.964975216,0.274404120680357,392.633466133176,678205.569726434,497878.042451059,365097.756239843,678948.421123842,0.134238378748734,"/Users/9oy/Documents/Projects/IM3/EvaluationP/Script/Revision/5_UrbanScaling/data/model_evaldfs/unet_conus_model/Evaldf_0.0002.csv",2.40189368407741,3.06913108089765
"unet_conus_model","1","U-Net baseline","MSASample","CONUS Model",2e-04,91,10,7,2166,181.943146013719,409958.261029458,111848.647249719,82833.9119200458,151026.549412122,0.564108906360659,65.9979350819489,244861.16653676,15619.7714371839,11719.5134518941,20818.0365807281,1.19524523958022,"/Users/9oy/Documents/Projects/IM3/EvaluationP/Script/Revision/5_UrbanScaling/data/model_evaldfs/unet_conus_model/Evaldf_0.0002.csv",2.40189368407741,3.06913108089765
"unet_conus_model","1","U-Net baseline","MSASample","CONUS Model",2e-04,92,10,8,310,206.832314344479,198686.962528011,143458.797079775,106069.206019119,194028.288058141,0.141442185541617,422.343926117569,857660.806415707,573615.783010418,420242.85052389,782964.103038202,0.174694471624493,"/Users/9oy/Documents/Projects/IM3/EvaluationP/Script/Revision/5_UrbanScaling/data/model_evaldfs/unet_conus_model/Evaldf_0.0002.csv",2.40189368407741,3.06913108089765
"unet_conus_model","1","U-Net baseline","MSASample","CONUS Model",2e-04,93,10,9,1581,565.151909320769,1025839.61539909,1009700.74958225,736965.075845127,1383370.30766057,0.00688678776507681,557.114142758181,1693581.74777007,982009.888885921,716885.845389827,1345184.07368659,0.236690303341977,"/Users/9oy/Documents/Projects/IM3/EvaluationP/Script/Revision/5_UrbanScaling/data/model_evaldfs/unet_conus_model/Evaldf_0.0002.csv",2.40189368407741,3.06913108089765
"unet_conus_model","1","U-Net baseline","MSASample","CONUS Model",2e-04,94,10,10,1043,1000.09490600459,1006800.87672793,3057685.29835568,2215454.24463026,4220100.41798032,-0.482449200061893,989.426300230363,1500713.71006978,2994681.88988178,2170103.91310894,4132576.12569253,-0.3000528460982,"/Users/9oy/Documents/Projects/IM3/EvaluationP/Script/Revision/5_UrbanScaling/data/model_evaldfs/unet_conus_model/Evaldf_0.0002.csv",2.40189368407741,3.06913108089765
"unet_conus_model","1","U-Net baseline","MSASample","CONUS Model",2e-04,95,10,11,2489,915.609283527079,1177652.89594319,2576208.50015803,1868716.46130817,3551555.50545129,-0.339963704462911,1029.82299084122,5302846.27341038,3236597.50207388,2344203.31175646,4468709.40668613,0.214420342728336,"/Users/9oy/Documents/Projects/IM3/EvaluationP/Script/Revision/5_UrbanScaling/data/model_evaldfs/unet_conus_model/Evaldf_0.0002.csv",2.40189368407741,3.06913108089765
"unet_conus_model","1","U-Net baseline","MSASample","CONUS Model",2e-04,96,10,12,1490,797.443532353491,539080.930575632,1970078.37476366,1431583.8856617,2711129.14973715,-0.562829534465047,550.153533001823,879606.67503288,958331.713744386,699713.330180622,1312537.05475524,-0.0372273439322629,"/Users/9oy/Documents/Projects/IM3/EvaluationP/Script/Revision/5_UrbanScaling/data/model_evaldfs/unet_conus_model/Evaldf_0.0002.csv",2.40189368407741,3.06913108089765
"unet_conus_model","1","U-Net baseline","MSASample","CONUS Model",2e-04,97,10,13,323,311.293500608671,638363.194900689,317253.978742464,233339.558625751,431346.007598115,0.303660762262341,288.264149193542,303228.778749071,273279.985250615,201195.338396449,371191.255889926,0.0451625912416359,"/Users/9oy/Documents/Projects/IM3/EvaluationP/Script/Revision/5_UrbanScaling/data/model_evaldfs/unet_conus_model/Evaldf_0.0002.csv",2.40189368407741,3.06913108089765
"unet_conus_model","1","U-Net baseline","MSASample","CONUS Model",2e-04,98,11,9,1483,476.579201415033,650638.254839035,725234.569566759,530497.963494791,991455.607915541,-0.0471389029021931,723.861362016473,1292791.54934371,1632535.75502897,1187780.26621617,2243826.62959899,-0.101334197199452,"/Users/9oy/Documents/Projects/IM3/EvaluationP/Script/Revision/5_UrbanScaling/data/model_evaldfs/unet_conus_model/Evaldf_0.0002.csv",2.40189368407741,3.06913108089765
"unet_conus_model","1","U-Net baseline","MSASample","CONUS Model",2e-04,99,11,10,1600,947.501866804468,1006662.5684541,2753263.79611382,1996269.66389501,3797313.3931217,-0.436963903883583,848.991217894146,1925273.24509007,2224810.43194923,1615388.00988572,3064143.98758619,-0.0628006366135237,"/Users/9oy/Documents/Projects/IM3/EvaluationP/Script/Revision/5_UrbanScaling/data/model_evaldfs/unet_conus_model/Evaldf_0.0002.csv",2.40189368407741,3.06913108089765
"unet_conus_model","1","U-Net baseline","MSASample","CONUS Model",2e-04,100,11,11,2218,814.340529064262,1144431.72563357,2051923.36049459,1490656.07919329,2824521.05224836,-0.253571247111413,934.015168190648,5985965.28678542,2677694.63671249,1941835.3958356,3692408.00886394,0.349373145273413,"/Users/9oy/Documents/Projects/IM3/EvaluationP/Script/Revision/5_UrbanScaling/data/model_evaldfs/unet_conus_model/Evaldf_0.0002.csv",2.40189368407741,3.06913108089765
"unet_conus_model","1","U-Net baseline","MSASample","CONUS Model",2e-04,101,11,12,4341,589.864103549594,678265.186882081,1097172.85020664,800369.470658775,1504040.7054004,-0.208875525617255,956.38611475605,1304734.19120053,2803601.29250715,2032523.46016503,3867202.69723703,-0.332194208094181,"/Users/9oy/Documents/Projects/IM3/EvaluationP/Script/Revision/5_UrbanScaling/data/model_evaldfs/unet_conus_model/Evaldf_0.0002.csv",2.40189368407741,3.06913108089765
"unet_conus_model","1","U-Net baseline","MSASample","CONUS Model",2e-04,102,11,13,855,308.703306851496,546231.394892165,312149.444613136,229609.829784371,424360.210814118,0.243014091232874,1039.40080721279,1207289.01423203,3295289.69524865,2386429.08640227,4550285.71244187,-0.436082351498042,"/Users/9oy/Documents/Projects/IM3/EvaluationP/Script/Revision/5_UrbanScaling/data/model_evaldfs/unet_conus_model/Evaldf_0.0002.csv",2.40189368407741,3.06913108089765
"unet_conus_model","1","U-Net baseline","MSASample","CONUS Model",2e-04,103,12,9,156,438.029726937061,367643.741289033,615695.533184976,450860.093565367,840795.171260754,-0.223938825828311,2165.45513946649,14098777.8418376,13699737.5852217,9828161.73001036,19096430.7527466,0.0124692188547669,"/Users/9oy/Documents/Projects/IM3/EvaluationP/Script/Revision/5_UrbanScaling/data/model_evaldfs/unet_conus_model/Evaldf_0.0002.csv",2.40189368407741,3.06913108089765
"unet_conus_model","1","U-Net baseline","MSASample","CONUS Model",2e-04,104,12,10,1485,695.214180613331,938231.90145735,1509449.80834093,1098796.73133274,2073576.17558339,-0.206508480999371,994.441513579448,2088964.40383936,3024219.99222827,2191366.44145338,4173608.93567729,-0.160682340439566,"/Users/9oy/Documents/Projects/IM3/EvaluationP/Script/Revision/5_UrbanScaling/data/model_evaldfs/unet_conus_model/Evaldf_0.0002.csv",2.40189368407741,3.06913108089765
"unet_conus_model","1","U-Net baseline","MSASample","CONUS Model",2e-04,105,12,11,2575,705.267705634142,752873.348904192,1552113.12473219,1129644.91984035,2132577.33439493,-0.314201447593854,1067.68940591525,3583007.32768692,3471624.46064977,2513262.57324267,4795430.65817906,0.0137149566589502,"/Users/9oy/Documents/Projects/IM3/EvaluationP/Script/Revision/5_UrbanScaling/data/model_evaldfs/unet_conus_model/Evaldf_0.0002.csv",2.40189368407741,3.06913108089765
"unet_conus_model","1","U-Net baseline","MSASample","CONUS Model",2e-04,106,12,12,5417,612.297442802269,471397.547925773,1179626.03247138,860105.192758365,1617845.80328082,-0.398357029054954,982.226450640545,2295147.61792145,2952522.75017013,2139753.92633128,4074015.4664507,-0.109382629219541,"/Users/9oy/Documents/Projects/IM3/EvaluationP/Script/Revision/5_UrbanScaling/data/model_evaldfs/unet_conus_model/Evaldf_0.0002.csv",2.40189368407741,3.06913108089765
"unet_conus_model","1","U-Net baseline","MSASample","CONUS Model",2e-04,107,12,13,1890,487.192606048707,600073.66339909,756916.793993977,553516.389359716,1035060.64868802,-0.100843574739994,1137.45602827051,1321323.88637679,3925529.84829224,2839554.92875699,5426830.95641995,-0.472888997857899,"/Users/9oy/Documents/Projects/IM3/EvaluationP/Script/Revision/5_UrbanScaling/data/model_evaldfs/unet_conus_model/Evaldf_0.0002.csv",2.40189368407741,3.06913108089765
"unet_conus_model","1","U-Net baseline","MSASample","CONUS Model",5e-04,1,1,4,376,483.926411004145,743115.348653577,747096.870319425,546382.50957815,1021543.92546719,-0.00232068557958361,673.284322352117,776669.807421671,1418389.92386548,1032935.34472159,1947682.38535336,-0.261559214866573,"/Users/9oy/Documents/Projects/IM3/EvaluationP/Script/Revision/5_UrbanScaling/data/model_evaldfs/unet_conus_model/Evaldf_0.0005.csv",3.11376485761393,3.06913108089765
"unet_conus_model","1","U-Net baseline","MSASample","CONUS Model",5e-04,2,1,5,2873,746.135166612916,993311.859098729,1731467.0378654,1259269.11196933,2380728.68993504,-0.241328607728851,919.540035845735,1253510.86855836,2597722.15738253,1884218.23128624,3581411.2690915,-0.31646459485402,"/Users/9oy/Documents/Projects/IM3/EvaluationP/Script/Revision/5_UrbanScaling/data/model_evaldfs/unet_conus_model/Evaldf_0.0005.csv",3.11376485761393,3.06913108089765
"unet_conus_model","1","U-Net baseline","MSASample","CONUS Model",5e-04,3,1,6,1631,584.838579922784,1043433.02828406,1079099.01254333,787271.432581816,1479101.90904962,-0.014596715591661,382.277176224914,608163.144087705,472701.090539566,346754.354811977,644393.698006926,0.109433493246531,"/Users/9oy/Documents/Projects/IM3/EvaluationP/Script/Revision/5_UrbanScaling/data/model_evaldfs/unet_conus_model/Evaldf_0.0005.csv",3.11376485761393,3.06913108089765
"unet_conus_model","1","U-Net baseline","MSASample","CONUS Model",5e-04,4,1,7,540,735.47161631815,953627.510968802,1683751.71826859,1224792.96408797,2314693.12112148,-0.246899280495702,820.132858823158,1685056.64388418,2080351.65564922,1511170.72044647,2863914.01885011,-0.0915222484036353,"/Users/9oy/Documents/Projects/IM3/EvaluationP/Script/Revision/5_UrbanScaling/data/model_evaldfs/unet_conus_model/Evaldf_0.0005.csv",3.11376485761393,3.06913108089765
"unet_conus_model","1","U-Net baseline","MSASample","CONUS Model",5e-04,5,2,3,348,471.24789345357,545749.958525138,709567.94961149,519113.084831177,969897.869709056,-0.114000279295501,583.114429750892,488822.873437225,1072931.80534022,782801.751128536,1470592.85093704,-0.341420599838488,"/Users/9oy/Documents/Projects/IM3/EvaluationP/Script/Revision/5_UrbanScaling/data/model_evaldfs/unet_conus_model/Evaldf_0.0005.csv",3.11376485761393,3.06913108089765
"unet_conus_model","1","U-Net baseline","MSASample","CONUS Model",5e-04,6,2,4,1396,806.378717105203,1388026.99967405,2013157.02057991,1462678.18349202,2770808.53139853,-0.16147973593047,1088.67011100457,3302729.19463101,3605282.68065437,2609371.29047683,4981300.76576843,-0.0380663568426028,"/Users/9oy/Documents/Projects/IM3/EvaluationP/Script/Revision/5_UrbanScaling/data/model_evaldfs/unet_conus_model/Evaldf_0.0005.csv",3.11376485761393,3.06913108089765
"unet_conus_model","1","U-Net baseline","MSASample","CONUS Model",5e-04,7,2,5,1481,986.403813950795,1197042.60423683,2976948.24904035,2157337.97085327,4107942.75036992,-0.395661677219233,1117.40056776099,2449083.63757663,3792279.82981508,2743794.69148165,5241422.16335305,-0.189896759372848,"/Users/9oy/Documents/Projects/IM3/EvaluationP/Script/Revision/5_UrbanScaling/data/model_evaldfs/unet_conus_model/Evaldf_0.0005.csv",3.11376485761393,3.06913108089765
"unet_conus_model","1","U-Net baseline","MSASample","CONUS Model",5e-04,8,2,6,1384,833.258989563229,1103203.04331343,2145475.28384096,1558158.77393016,2954168.90151837,-0.288868064546539,816.481194901174,1445455.32557506,2062407.48376139,1498221.92901256,2839048.43915773,-0.154369802362713,"/Users/9oy/Documents/Projects/IM3/EvaluationP/Script/Revision/5_UrbanScaling/data/model_evaldfs/unet_conus_model/Evaldf_0.0005.csv",3.11376485761393,3.06913108089765
"unet_conus_model","1","U-Net baseline","MSASample","CONUS Model",5e-04,9,2,7,2309,672.60158401005,1242978.88472441,1415599.08146102,1030916.36363518,1943824.76612084,-0.0564765210983799,391.641129620083,866225.085654845,495438.159967142,363320.382495047,675599.229159609,0.242641302575761,"/Users/9oy/Documents/Projects/IM3/EvaluationP/Script/Revision/5_UrbanScaling/data/model_evaldfs/unet_conus_model/Evaldf_0.0005.csv",3.11376485761393,3.06913108089765
"unet_conus_model","1","U-Net baseline","MSASample","CONUS Model",5e-04,10,2,8,427,605.248807505618,815421.846093723,1153406.90602926,841113.038699431,1581651.25217062,-0.150600204899781,714.296708224943,1037885.38753054,1590919.99554161,1157699.78488831,2186254.55861023,-0.185498942791545,"/Users/9oy/Documents/Projects/IM3/EvaluationP/Script/Revision/5_UrbanScaling/data/model_evaldfs/unet_conus_model/Evaldf_0.0005.csv",3.11376485761393,3.06913108089765
"unet_conus_model","1","U-Net baseline","MSASample","CONUS Model",5e-04,11,3,3,527,438.623922796845,622245.140241176,617317.942467611,452040.275712881,843025.417351293,0.00345261343179744,748.711936674946,967507.682325204,1743094.06972155,1267669.12896712,2396821.74667618,-0.255666403209717,"/Users/9oy/Documents/Projects/IM3/EvaluationP/Script/Revision/5_UrbanScaling/data/model_evaldfs/unet_conus_model/Evaldf_0.0005.csv",3.11376485761393,3.06913108089765
"unet_conus_model","1","U-Net baseline","MSASample","CONUS Model",5e-04,12,3,4,702,784.890808202574,1163013.62293874,1910322.26940453,1388444.27494618,2628359.84045836,-0.21552183660258,1298.66393956768,7280178.78945513,5077422.95427707,3666535.42661807,7031221.80941227,0.156498702951587,"/Users/9oy/Documents/Projects/IM3/EvaluationP/Script/Revision/5_UrbanScaling/data/model_evaldfs/unet_conus_model/Evaldf_0.0005.csv",3.11376485761393,3.06913108089765
"unet_conus_model","1","U-Net baseline","MSASample","CONUS Model",5e-04,13,3,5,1135,846.83931139038,610373.950252053,2213876.25742376,1607501.34249552,3048985.37476544,-0.559557352356558,896.596957145314,1312205.57855719,2473376.0037758,1794608.04622819,3408871.85305538,-0.275288263296267,"/Users/9oy/Documents/Projects/IM3/EvaluationP/Script/Revision/5_UrbanScaling/data/model_evaldfs/unet_conus_model/Evaldf_0.0005.csv",3.11376485761393,3.06913108089765
"unet_conus_model","1","U-Net baseline","MSASample","CONUS Model",5e-04,14,3,6,1243,1124.33276971185,1190223.53668541,3838085.57646565,2776715.50229231,5305153.1134942,-0.508486119628617,1255.7773463723,2394884.38474863,4756979.18300034,3436617.07075511,6584629.73371849,-0.298046698619346,"/Users/9oy/Documents/Projects/IM3/EvaluationP/Script/Revision/5_UrbanScaling/data/model_evaldfs/unet_conus_model/Evaldf_0.0005.csv",3.11376485761393,3.06913108089765
"unet_conus_model","1","U-Net baseline","MSASample","CONUS Model",5e-04,15,3,7,1433,841.596021522909,1187585.04309193,2187343.65512723,1588362.67282372,3012203.91758498,-0.265252301430328,872.297067332883,2967360.04739782,2344903.53803191,1701992.88215146,3230667.21390981,0.102245263132542,"/Users/9oy/Documents/Projects/IM3/EvaluationP/Script/Revision/5_UrbanScaling/data/model_evaldfs/unet_conus_model/Evaldf_0.0005.csv",3.11376485761393,3.06913108089765
"unet_conus_model","1","U-Net baseline","MSASample","CONUS Model",5e-04,16,3,8,487,972.302175806592,1111955.00560757,2894885.79113215,2098256.94733741,3993964.49244841,-0.415544220426548,774.987524175917,1375231.96846462,1863808.60891756,1354858.58947204,2563944.7228429,-0.132025354055256,"/Users/9oy/Documents/Projects/IM3/EvaluationP/Script/Revision/5_UrbanScaling/data/model_evaldfs/unet_conus_model/Evaldf_0.0005.csv",3.11376485761393,3.06913108089765
"unet_conus_model","1","U-Net baseline","MSASample","CONUS Model",5e-04,17,3,9,431,801.663774061312,797510.891514395,1990368.85680236,1446230.17200985,2739237.68346175,-0.397196944801351,610.900175449458,638713.709103656,1174405.84728948,856324.110665345,1610639.09910945,-0.264511967114479,"/Users/9oy/Documents/Projects/IM3/EvaluationP/Script/Revision/5_UrbanScaling/data/model_evaldfs/unet_conus_model/Evaldf_0.0005.csv",3.11376485761393,3.06913108089765
"unet_conus_model","1","U-Net baseline","MSASample","CONUS Model",5e-04,18,3,10,15,456.77645801864,285797.64522243,667879.007015038,488809.667850451,912548.170278548,-0.368639146617729,258.818089714603,85810.7424537562,221698.646556791,163445.99164498,300712.727124395,-0.412221382206662,"/Users/9oy/Documents/Projects/IM3/EvaluationP/Script/Revision/5_UrbanScaling/data/model_evaldfs/unet_conus_model/Evaldf_0.0005.csv",3.11376485761393,3.06913108089765
"unet_conus_model","1","U-Net baseline","MSASample","CONUS Model",5e-04,19,4,1,473,495.889433638247,870659.45305043,783367.162825042,572728.76396682,1071474.23073744,0.0458829568246886,212.961918125678,245472.609263059,151827.239056222,112214.478096018,205423.675363093,0.208653344432248,"/Users/9oy/Documents/Projects/IM3/EvaluationP/Script/Revision/5_UrbanScaling/data/model_evaldfs/unet_conus_model/Evaldf_0.0005.csv",3.11376485761393,3.06913108089765
"unet_conus_model","1","U-Net baseline","MSASample","CONUS Model",5e-04,20,4,2,320,273.927230916227,507024.480136418,247512.786863402,182344.361490678,335971.889451705,0.311431288307821,327.102391751645,530926.127937993,349278.150543033,256729.838541717,475189.121528382,0.181862679622629,"/Users/9oy/Documents/Projects/IM3/EvaluationP/Script/Revision/5_UrbanScaling/data/model_evaldfs/unet_conus_model/Evaldf_0.0005.csv",3.11376485761393,3.06913108089765
"unet_conus_model","1","U-Net baseline","MSASample","CONUS Model",5e-04,21,4,3,205,505.949219778673,1242991.66087033,814511.972966927,595345.47985793,1114360.94931769,0.183570742376288,206.671442565237,238371.35404411,143242.265694176,105910.167704249,193733.492505626,0.221182881725673,"/Users/9oy/Documents/Projects/IM3/EvaluationP/Script/Revision/5_UrbanScaling/data/model_evaldfs/unet_conus_model/Evaldf_0.0005.csv",3.11376485761393,3.06913108089765
"unet_conus_model","1","U-Net baseline","MSASample","CONUS Model",5e-04,22,4,4,152,331.449225589772,455091.174630093,358345.054820017,263349.618980782,487607.230308283,0.103796997957692,635.537942798549,629591.243380593,1268097.39493246,924170.273477401,1740015.93557404,-0.304093931330306,"/Users/9oy/Documents/Projects/IM3/EvaluationP/Script/Revision/5_UrbanScaling/data/model_evaldfs/unet_conus_model/Evaldf_0.0005.csv",3.11376485761393,3.06913108089765
"unet_conus_model","1","U-Net baseline","MSASample","CONUS Model",5e-04,23,4,5,951,685.850032717581,821461.031436012,1470230.77501186,1070433.88334419,2019348.00964904,-0.252798543054991,653.161070196998,1517233.25313809,1337250.79172562,974225.858165118,1835549.39030137,0.0548394888559319,"/Users/9oy/Documents/Projects/IM3/EvaluationP/Script/Revision/5_UrbanScaling/data/model_evaldfs/unet_conus_model/Evaldf_0.0005.csv",3.11376485761393,3.06913108089765
"unet_conus_model","1","U-Net baseline","MSASample","CONUS Model",5e-04,24,4,6,1767,819.526872350794,907217.095094473,2077368.63938975,1509018.18125761,2859780.29789114,-0.359802345858566,909.228821760083,3567706.25197583,2541471.90571006,1843685.02842345,3503352.98488417,0.147303776199519,"/Users/9oy/Documents/Projects/IM3/EvaluationP/Script/Revision/5_UrbanScaling/data/model_evaldfs/unet_conus_model/Evaldf_0.0005.csv",3.11376485761393,3.06913108089765
"unet_conus_model","1","U-Net baseline","MSASample","CONUS Model",5e-04,25,4,7,1023,920.463710038356,1614958.55654535,2602790.16593035,1887869.88551155,3588444.68035364,-0.207277775338086,1820.67345309369,10780574.6070688,9783620.28431818,7034401.66373083,13607301.7213742,0.0421423206693129,"/Users/9oy/Documents/Projects/IM3/EvaluationP/Script/Revision/5_UrbanScaling/data/model_evaldfs/unet_conus_model/Evaldf_0.0005.csv",3.11376485761393,3.06913108089765
"unet_conus_model","1","U-Net baseline","MSASample","CONUS Model",5e-04,26,4,8,713,1088.96816395024,1759199.67550685,3607199.06936688,2610749.12164721,4983966.1031205,-0.311854974008512,1421.17684778826,5989638.3714483,6048498.67269786,4362718.5142456,8385674.22449303,-0.0042469873294891,"/Users/9oy/Documents/Projects/IM3/EvaluationP/Script/Revision/5_UrbanScaling/data/model_evaldfs/unet_conus_model/Evaldf_0.0005.csv",3.11376485761393,3.06913108089765
"unet_conus_model","1","U-Net baseline","MSASample","CONUS Model",5e-04,27,4,9,855,827.056991107512,882020.718368557,2114583.56177608,1535870.94787002,2911353.7474843,-0.379746065109134,879.806135614649,2591752.48512071,2384248.89851585,1730360.24197177,3285236.60691389,0.0362419329645811,"/Users/9oy/Documents/Projects/IM3/EvaluationP/Script/Revision/5_UrbanScaling/data/model_evaldfs/unet_conus_model/Evaldf_0.0005.csv",3.11376485761393,3.06913108089765
"unet_conus_model","1","U-Net baseline","MSASample","CONUS Model",5e-04,28,4,10,784,866.566212026225,781765.553859251,2315089.13657078,1680495.09255724,3189320.65556478,-0.471491186429676,758.082984722014,1172112.03772333,1785696.62233466,1298444.44217099,2455794.27463673,-0.182838550931053,"/Users/9oy/Documents/Projects/IM3/EvaluationP/Script/Revision/5_UrbanScaling/data/model_evaldfs/unet_conus_model/Evaldf_0.0005.csv",3.11376485761393,3.06913108089765
"unet_conus_model","1","U-Net baseline","MSASample","CONUS Model",5e-04,29,4,11,184,855.645855554918,706587.290903987,2258788.94608752,1639894.60633776,3111253.29838198,-0.504709832056106,512.875978477372,356728.374502348,836299.123907189,611163.442319268,1144368.55384189,-0.370023986931484,"/Users/9oy/Documents/Projects/IM3/EvaluationP/Script/Revision/5_UrbanScaling/data/model_evaldfs/unet_conus_model/Evaldf_0.0005.csv",3.11376485761393,3.06913108089765
"unet_conus_model","1","U-Net baseline","MSASample","CONUS Model",5e-04,30,5,4,126,584.537341374854,788088.641941914,1078020.26023431,786489.619415118,1477613.50282013,-0.136051854596191,640.13877311343,1627828.24099768,1285979.37177063,937115.550609631,1764716.14791128,0.102374576551417,"/Users/9oy/Documents/Projects/IM3/EvaluationP/Script/Revision/5_UrbanScaling/data/model_evaldfs/unet_conus_model/Evaldf_0.0005.csv",3.11376485761393,3.06913108089765
"unet_conus_model","1","U-Net baseline","MSASample","CONUS Model",5e-04,31,5,5,844,985.102631737486,1198780.7129802,2969329.631886,2151853.39129463,4097360.20979184,-0.393918665243596,1317.30296865282,3739732.93605641,5219847.22637173,3768693.62502469,7229774.4995077,-0.144817203106626,"/Users/9oy/Documents/Projects/IM3/EvaluationP/Script/Revision/5_UrbanScaling/data/model_evaldfs/unet_conus_model/Evaldf_0.0005.csv",3.11376485761393,3.06913108089765
"unet_conus_model","1","U-Net baseline","MSASample","CONUS Model",5e-04,32,5,6,829,975.504696082398,1223542.47325613,2913424.77591762,2111605.08288173,4019711.82667685,-0.376784759403571,2222.15039587044,14548170.1666346,14404620.708431,10330413.032276,20085653.6041179,0.00430654500264713,"/Users/9oy/Documents/Projects/IM3/EvaluationP/Script/Revision/5_UrbanScaling/data/model_evaldfs/unet_conus_model/Evaldf_0.0005.csv",3.11376485761393,3.06913108089765
"unet_conus_model","1","U-Net baseline","MSASample","CONUS Model",5e-04,33,5,7,705,1094.72239001359,1310639.79664417,3644293.75288212,2637418.23527391,5035559.69230507,-0.444130025701907,1887.66308965929,5185850.92273785,10494534.7539303,7542046.02670868,14602835.7970011,-0.30614316212242,"/Users/9oy/Documents/Projects/IM3/EvaluationP/Script/Revision/5_UrbanScaling/data/model_evaldfs/unet_conus_model/Evaldf_0.0005.csv",3.11376485761393,3.06913108089765
"unet_conus_model","1","U-Net baseline","MSASample","CONUS Model",5e-04,34,5,8,1213,914.045749172686,1388636.3059978,2567675.13630685,1862567.4677438,3539713.71227411,-0.266951559961977,2444.8747159892,39575884.8140339,17339350.2093309,12419833.7359809,24207495.2107302,0.358397815043498,"/Users/9oy/Documents/Projects/IM3/EvaluationP/Script/Revision/5_UrbanScaling/data/model_evaldfs/unet_conus_model/Evaldf_0.0005.csv",3.11376485761393,3.06913108089765
"unet_conus_model","1","U-Net baseline","MSASample","CONUS Model",5e-04,35,5,9,967,1152.74627048024,1514387.85798149,4028617.70358239,2913624.30609837,5570299.70118239,-0.42491893799398,1132.46179488706,1900084.45796615,3892139.16971136,2815560.73839382,5380366.01726563,-0.311415455181887,"/Users/9oy/Documents/Projects/IM3/EvaluationP/Script/Revision/5_UrbanScaling/data/model_evaldfs/unet_conus_model/Evaldf_0.0005.csv",3.11376485761393,3.06913108089765
"unet_conus_model","1","U-Net baseline","MSASample","CONUS Model",5e-04,36,5,10,1355,1049.02094362289,703518.981398805,3354755.91748012,2429206.65681132,4632947.64745989,-0.678385108144573,1023.95525762421,1215529.80873862,3200893.1335787,2318513.52767522,4419088.66620445,-0.420505561219109,"/Users/9oy/Documents/Projects/IM3/EvaluationP/Script/Revision/5_UrbanScaling/data/model_evaldfs/unet_conus_model/Evaldf_0.0005.csv",3.11376485761393,3.06913108089765
"unet_conus_model","1","U-Net baseline","MSASample","CONUS Model",5e-04,37,5,11,3149,777.568648177569,1243145.66461921,1875878.04171246,1363573.97973285,2580658.24053669,-0.178682580011491,527.458914235081,2451388.1358492,883078.62220764,645117.288597722,1208815.61660708,0.443412708500555,"/Users/9oy/Documents/Projects/IM3/EvaluationP/Script/Revision/5_UrbanScaling/data/model_evaldfs/unet_conus_model/Evaldf_0.0005.csv",3.11376485761393,3.06913108089765
"unet_conus_model","1","U-Net baseline","MSASample","CONUS Model",5e-04,38,5,12,2408,782.667908017621,1067864.87445483,1899833.38584204,1380871.14181584,2613833.24240794,-0.250199213888202,629.473575385321,1272769.37688923,1244712.64764082,907239.557048012,1707718.27921415,0.00968061506597652,"/Users/9oy/Documents/Projects/IM3/EvaluationP/Script/Revision/5_UrbanScaling/data/model_evaldfs/unet_conus_model/Evaldf_0.0005.csv",3.11376485761393,3.06913108089765
"unet_conus_model","1","U-Net baseline","MSASample","CONUS Model",5e-04,39,5,13,627,771.632865527709,563274.592863342,1848178.55803546,1343571.50594662,2542301.59486409,-0.516023765060517,529.765267232991,245348.627639153,890590.0150762,650568.138290938,1219166.03084353,-0.559894188602199,"/Users/9oy/Documents/Projects/IM3/EvaluationP/Script/Revision/5_UrbanScaling/data/model_evaldfs/unet_conus_model/Evaldf_0.0005.csv",3.11376485761393,3.06913108089765
"unet_conus_model","1","U-Net baseline","MSASample","CONUS Model",5e-04,40,5,14,372,608.619347643933,1017889.46581053,1165908.80463115,850169.298622189,1598908.99720729,-0.0589639621361959,389.763262602793,376776.019954145,490836.908872074,359968.365309771,669283.454682939,-0.114853958230867,"/Users/9oy/Documents/Projects/IM3/EvaluationP/Script/Revision/5_UrbanScaling/data/model_evaldfs/unet_conus_model/Evaldf_0.0005.csv",3.11376485761393,3.06913108089765
"unet_conus_model","1","U-Net baseline","MSASample","CONUS Model",5e-04,41,5,15,221,543.312654465156,415587.003478133,935333.963694937,683031.603288644,1280833.30175219,-0.352304747119888,464.215407895675,439048.294986287,689156.084555248,504277.351466182,941815.267924777,-0.195805299948753,"/Users/9oy/Documents/Projects/IM3/EvaluationP/Script/Revision/5_UrbanScaling/data/model_evaldfs/unet_conus_model/Evaldf_0.0005.csv",3.11376485761393,3.06913108089765
"unet_conus_model","1","U-Net baseline","MSASample","CONUS Model",5e-04,42,5,16,74,701.028503737468,965296.539816558,1534053.27226068,1116587.23528423,2107600.16572701,-0.201179691961519,512.885626498752,173133.206799764,836329.664860772,611185.613808974,1144410.62178657,-0.683997128440116,"/Users/9oy/Documents/Projects/IM3/EvaluationP/Script/Revision/5_UrbanScaling/data/model_evaldfs/unet_conus_model/Evaldf_0.0005.csv",3.11376485761393,3.06913108089765
"unet_conus_model","1","U-Net baseline","MSASample","CONUS Model",5e-04,43,6,5,1020,1214.52230606198,2825684.25967673,4458293.10021152,3222217.62272369,6168539.7122844,-0.198044984363641,1038.68675336805,18703882.5606851,3290896.38093141,2383268.5140759,4544179.10783618,0.754617558883984,"/Users/9oy/Documents/Projects/IM3/EvaluationP/Script/Revision/5_UrbanScaling/data/model_evaldfs/unet_conus_model/Evaldf_0.0005.csv",3.11376485761393,3.06913108089765
"unet_conus_model","1","U-Net baseline","MSASample","CONUS Model",5e-04,44,6,6,1894,1069.05559875315,2066774.48347816,3480253.30187059,2519467.98552151,4807428.83608186,-0.226317763095843,1669.87340621542,9407703.01028866,8271931.05964477,5954109.68112573,11492036.1095161,0.0558766925558535,"/Users/9oy/Documents/Projects/IM3/EvaluationP/Script/Revision/5_UrbanScaling/data/model_evaldfs/unet_conus_model/Evaldf_0.0005.csv",3.11376485761393,3.06913108089765
"unet_conus_model","1","U-Net baseline","MSASample","CONUS Model",5e-04,45,6,7,794,1150.17551534482,1520821.34690222,4011194.89530824,2901106.78065382,5546050.42304606,-0.421195564082229,910.179821480569,2772965.39190108,2546634.8501144,1847405.62476457,3510517.11269078,0.0369777713802011,"/Users/9oy/Documents/Projects/IM3/EvaluationP/Script/Revision/5_UrbanScaling/data/model_evaldfs/unet_conus_model/Evaldf_0.0005.csv",3.11376485761393,3.06913108089765
"unet_conus_model","1","U-Net baseline","MSASample","CONUS Model",5e-04,46,6,8,842,1173.20648114397,2383497.00602477,4168587.78988914,3014173.82045747,5765136.71642715,-0.242774341377472,1504.48706738476,6679005.85108356,6755785.34507676,4869312.30077867,9373117.35405745,-0.00496401813919723,"/Users/9oy/Documents/Projects/IM3/EvaluationP/Script/Revision/5_UrbanScaling/data/model_evaldfs/unet_conus_model/Evaldf_0.0005.csv",3.11376485761393,3.06913108089765
"unet_conus_model","1","U-Net baseline","MSASample","CONUS Model",5e-04,47,6,9,1391,938.58955947403,1712394.89602719,2703211.74442061,1960217.09985605,3727828.78779608,-0.198276140910382,727.689718266758,2253482.5107051,1649338.894412,1199924.37648653,2267075.19400974,0.13554429130599,"/Users/9oy/Documents/Projects/IM3/EvaluationP/Script/Revision/5_UrbanScaling/data/model_evaldfs/unet_conus_model/Evaldf_0.0005.csv",3.11376485761393,3.06913108089765
"unet_conus_model","1","U-Net baseline","MSASample","CONUS Model",5e-04,48,6,10,2337,758.706411491097,1334729.39350535,1788548.53117291,1300504.43471039,2459742.36071956,-0.127107504323711,432.907072112222,1157303.49963683,601794.369339094,440747.180968937,821687.531096796,0.283999146446125,"/Users/9oy/Documents/Projects/IM3/EvaluationP/Script/Revision/5_UrbanScaling/data/model_evaldfs/unet_conus_model/Evaldf_0.0005.csv",3.11376485761393,3.06913108089765
"unet_conus_model","1","U-Net baseline","MSASample","CONUS Model",5e-04,49,6,11,1784,1031.4311942828,1653526.098767,3246416.73077137,2351268.05216116,4482356.48000455,-0.292993213800676,790.747009849885,1867973.02927979,1938089.13062028,1408491.04585597,2666818.14504952,-0.0160031445265159,"/Users/9oy/Documents/Projects/IM3/EvaluationP/Script/Revision/5_UrbanScaling/data/model_evaldfs/unet_conus_model/Evaldf_0.0005.csv",3.11376485761393,3.06913108089765
"unet_conus_model","1","U-Net baseline","MSASample","CONUS Model",5e-04,50,6,12,1799,979.724708058652,1042584.98515555,2937941.50843974,2129256.35571919,4053762.84721609,-0.449931679038831,697.966707392815,606519.087996735,1521073.15705145,1107201.68880575,2089649.58461906,-0.399305628977548,"/Users/9oy/Documents/Projects/IM3/EvaluationP/Script/Revision/5_UrbanScaling/data/model_evaldfs/unet_conus_model/Evaldf_0.0005.csv",3.11376485761393,3.06913108089765
"unet_conus_model","1","U-Net baseline","MSASample","CONUS Model",5e-04,51,6,13,2220,934.220487084492,1775011.37656509,2678837.44181855,1942658.66060525,3693994.31058731,-0.17874521947323,826.698205302608,3231376.39946596,2112803.12238609,1534586.32726044,2908886.22859913,0.184528518743143,"/Users/9oy/Documents/Projects/IM3/EvaluationP/Script/Revision/5_UrbanScaling/data/model_evaldfs/unet_conus_model/Evaldf_0.0005.csv",3.11376485761393,3.06913108089765
"unet_conus_model","1","U-Net baseline","MSASample","CONUS Model",5e-04,52,6,14,2343,1006.82818856947,930748.824420241,3097775.97709584,2244308.59215437,4275800.59080041,-0.522217511182764,614.676786264456,1032449.41655927,1188541.08163993,866562.281267088,1630153.92347827,-0.0611454144209842,"/Users/9oy/Documents/Projects/IM3/EvaluationP/Script/Revision/5_UrbanScaling/data/model_evaldfs/unet_conus_model/Evaldf_0.0005.csv",3.11376485761393,3.06913108089765
"unet_conus_model","1","U-Net baseline","MSASample","CONUS Model",5e-04,53,6,15,2667,867.863818913921,1187465.48855377,2321823.65069668,1685351.19937574,3198659.76120066,-0.29120823418812,625.389577303888,895042.157953957,1229083.3305036,895922.653737882,1686134.20703145,-0.137737836794611,"/Users/9oy/Documents/Projects/IM3/EvaluationP/Script/Revision/5_UrbanScaling/data/model_evaldfs/unet_conus_model/Evaldf_0.0005.csv",3.11376485761393,3.06913108089765
"unet_conus_model","1","U-Net baseline","MSASample","CONUS Model",5e-04,54,6,16,2060,856.476048150371,961980.521134776,2263045.41960292,1642964.36420167,3117154.99299602,-0.3715269921629,681.054275436625,803461.307266405,1450339.02710266,1056046.44676685,1991847.32828467,-0.256504566496438,"/Users/9oy/Documents/Projects/IM3/EvaluationP/Script/Revision/5_UrbanScaling/data/model_evaldfs/unet_conus_model/Evaldf_0.0005.csv",3.11376485761393,3.06913108089765
"unet_conus_model","1","U-Net baseline","MSASample","CONUS Model",5e-04,55,7,5,256,1427.08472004548,1706943.65500807,6097405.62094314,4397760.21586467,8453929.60993877,-0.552925901184319,832.259801957495,1396697.43707579,2140483.72060941,1554557.5948064,2947250.44186252,-0.185409592946458,"/Users/9oy/Documents/Projects/IM3/EvaluationP/Script/Revision/5_UrbanScaling/data/model_evaldfs/unet_conus_model/Evaldf_0.0005.csv",3.11376485761393,3.06913108089765
"unet_conus_model","1","U-Net baseline","MSASample","CONUS Model",5e-04,56,7,6,1440,954.422125781446,1513772.0407112,2792435.40424275,2024481.99970144,3851699.09538259,-0.265922656046964,1298.05081345611,6011821.84378054,5072770.40408238,3663197.92461287,7024736.33751409,0.0737608956917206,"/Users/9oy/Documents/Projects/IM3/EvaluationP/Script/Revision/5_UrbanScaling/data/model_evaldfs/unet_conus_model/Evaldf_0.0005.csv",3.11376485761393,3.06913108089765
"unet_conus_model","1","U-Net baseline","MSASample","CONUS Model",5e-04,57,7,7,1468,1196.09799539287,2012986.17639423,4327936.57206098,3128617.14292777,5987001.32233322,-0.332440094849979,1181.37426202109,6830594.79169797,4225111.45029169,3054772.02534888,5843829.46395065,0.208620353355097,"/Users/9oy/Documents/Projects/IM3/EvaluationP/Script/Revision/5_UrbanScaling/data/model_evaldfs/unet_conus_model/Evaldf_0.0005.csv",3.11376485761393,3.06913108089765
"unet_conus_model","1","U-Net baseline","MSASample","CONUS Model",5e-04,58,7,8,1181,1026.43781591959,1415656.60364018,3215975.73009671,2329365.89336902,4440049.51133395,-0.356354843460869,1050.11801577532,7428508.19374722,3361570.14880052,2434108.21426945,4642420.4967807,0.34435942824005,"/Users/9oy/Documents/Projects/IM3/EvaluationP/Script/Revision/5_UrbanScaling/data/model_evaldfs/unet_conus_model/Evaldf_0.0005.csv",3.11376485761393,3.06913108089765
"unet_conus_model","1","U-Net baseline","MSASample","CONUS Model",5e-04,59,7,9,1236,795.366658069652,991306.369416355,1960129.99659839,1424402.48001641,2697348.29689467,-0.296076978244909,1201.43129069522,7251579.66513516,4365478.04666436,3155575.10387965,6039279.03743383,0.220400813890621,"/Users/9oy/Documents/Projects/IM3/EvaluationP/Script/Revision/5_UrbanScaling/data/model_evaldfs/unet_conus_model/Evaldf_0.0005.csv",3.11376485761393,3.06913108089765
"unet_conus_model","1","U-Net baseline","MSASample","CONUS Model",5e-04,60,7,10,1155,931.160414133977,1146578.05330257,2661829.57353293,1930406.13068078,3670386.53987064,-0.3657766211933,1109.84690137856,4906835.70819768,3742671.2992855,2708137.83234758,5172406.03014391,0.11761983027071,"/Users/9oy/Documents/Projects/IM3/EvaluationP/Script/Revision/5_UrbanScaling/data/model_evaldfs/unet_conus_model/Evaldf_0.0005.csv",3.11376485761393,3.06913108089765
"unet_conus_model","1","U-Net baseline","MSASample","CONUS Model",5e-04,61,7,11,1226,1101.36617784744,1533769.50548853,3687351.85737067,2668372.48142696,5095451.93360108,-0.380954482324439,655.994553274368,1453492.31057747,1348535.49462251,982392.460978863,1851142.03588733,0.0325503566144324,"/Users/9oy/Documents/Projects/IM3/EvaluationP/Script/Revision/5_UrbanScaling/data/model_evaldfs/unet_conus_model/Evaldf_0.0005.csv",3.11376485761393,3.06913108089765
"unet_conus_model","1","U-Net baseline","MSASample","CONUS Model",5e-04,62,7,12,2081,954.338439331172,1931228.54110474,2791960.10068146,2024139.6903967,3851039.1554397,-0.160075536462265,792.044902540006,2553495.8108499,1944269.31642137,1412952.67950271,2675378.46781116,0.118378727320311,"/Users/9oy/Documents/Projects/IM3/EvaluationP/Script/Revision/5_UrbanScaling/data/model_evaldfs/unet_conus_model/Evaldf_0.0005.csv",3.11376485761393,3.06913108089765
"unet_conus_model","1","U-Net baseline","MSASample","CONUS Model",5e-04,63,7,13,2157,493.836254236448,891850.129132399,777082.942173315,568164.579134998,1062822.14906124,0.0598245037113342,255.966596164736,439550.930781802,216981.561305101,159991.116490936,294272.575746833,0.30658637417387,"/Users/9oy/Documents/Projects/IM3/EvaluationP/Script/Revision/5_UrbanScaling/data/model_evaldfs/unet_conus_model/Evaldf_0.0005.csv",3.11376485761393,3.06913108089765
"unet_conus_model","1","U-Net baseline","MSASample","CONUS Model",5e-04,64,7,14,2805,1159.83079623244,1621837.93179156,4076821.20117551,2948254.54825648,5637393.52702197,-0.400314211291704,724.231158505416,1545285.25060957,1634155.1981685,1188950.72005517,2246067.19745057,-0.0242846403733731,"/Users/9oy/Documents/Projects/IM3/EvaluationP/Script/Revision/5_UrbanScaling/data/model_evaldfs/unet_conus_model/Evaldf_0.0005.csv",3.11376485761393,3.06913108089765
"unet_conus_model","1","U-Net baseline","MSASample","CONUS Model",5e-04,65,7,15,3917,1296.37486761803,3134065.171727,5060063.47203372,3654082.51696467,7007023.57490235,-0.208047941323855,1155.25252711303,4779601.99271333,4045638.63135385,2925852.75204905,5593990.30728401,0.0724046458491493,"/Users/9oy/Documents/Projects/IM3/EvaluationP/Script/Revision/5_UrbanScaling/data/model_evaldfs/unet_conus_model/Evaldf_0.0005.csv",3.11376485761393,3.06913108089765
"unet_conus_model","1","U-Net baseline","MSASample","CONUS Model",5e-04,66,7,16,3141,1001.31995807391,2291901.33225248,3064960.54336038,2220690.62052063,4230207.95672726,-0.126228970962844,1229.96104597647,7213943.35294946,4568969.7683616,3301673.04796849,6322698.95925853,0.198354443268808,"/Users/9oy/Documents/Projects/IM3/EvaluationP/Script/Revision/5_UrbanScaling/data/model_evaldfs/unet_conus_model/Evaldf_0.0005.csv",3.11376485761393,3.06913108089765
"unet_conus_model","1","U-Net baseline","MSASample","CONUS Model",5e-04,67,8,5,180,855.586336718281,985561.113986186,2258483.93682687,1639674.63296651,3110830.39912417,-0.360133446284289,1244.22591636228,1770535.18860355,4672400.49397937,3375915.04981642,6466787.83499777,-0.421435498583696,"/Users/9oy/Documents/Projects/IM3/EvaluationP/Script/Revision/5_UrbanScaling/data/model_evaldfs/unet_conus_model/Evaldf_0.0005.csv",3.11376485761393,3.06913108089765
"unet_conus_model","1","U-Net baseline","MSASample","CONUS Model",5e-04,68,8,6,1595,1046.24288795296,1961302.4907835,3337530.59913141,2416815.98682512,4609002.32407496,-0.230880676215115,1195.48231173973,5477007.77771436,4323612.85040426,3125512.24516207,5980980.59257855,0.102696558697917,"/Users/9oy/Documents/Projects/IM3/EvaluationP/Script/Revision/5_UrbanScaling/data/model_evaldfs/unet_conus_model/Evaldf_0.0005.csv",3.11376485761393,3.06913108089765
"unet_conus_model","1","U-Net baseline","MSASample","CONUS Model",5e-04,69,8,7,2014,1194.48783058553,2475383.23324214,4316633.3981567,3120500.20347832,5971261.87439816,-0.241502721615396,928.312433080921,7649795.89366982,2646047.70595034,1919036.35277941,3648481.41205059,0.461052177900682,"/Users/9oy/Documents/Projects/IM3/EvaluationP/Script/Revision/5_UrbanScaling/data/model_evaldfs/unet_conus_model/Evaldf_0.0005.csv",3.11376485761393,3.06913108089765
"unet_conus_model","1","U-Net baseline","MSASample","CONUS Model",5e-04,70,8,8,1604,1063.64786785885,1514378.63527671,3446159.0183604,2494948.5601083,4760022.77951222,-0.357100839497726,946.876299027523,10406212.2773141,2749736.04161591,1993728.76030616,3792415.72329049,0.57800167473335,"/Users/9oy/Documents/Projects/IM3/EvaluationP/Script/Revision/5_UrbanScaling/data/model_evaldfs/unet_conus_model/Evaldf_0.0005.csv",3.11376485761393,3.06913108089765
"unet_conus_model","1","U-Net baseline","MSASample","CONUS Model",5e-04,71,8,9,1141,1028.66794044305,1180482.1363145,3229553.99535991,2339135.5609643,4458920.28790561,-0.437083130480713,844.450768536356,3342836.78021573,2201770.28594474,1598769.17359882,3032202.81709387,0.181343165538517,"/Users/9oy/Documents/Projects/IM3/EvaluationP/Script/Revision/5_UrbanScaling/data/model_evaldfs/unet_conus_model/Evaldf_0.0005.csv",3.11376485761393,3.06913108089765
"unet_conus_model","1","U-Net baseline","MSASample","CONUS Model",5e-04,72,8,10,1749,1772.94941784584,4009051.84961859,9291918.26288907,6683148.99321129,12919021.4211766,-0.365063707761377,1909.30696942455,8171242.01270831,10729390.8508537,7709699.48477834,14931817.8040103,-0.118286992626641,"/Users/9oy/Documents/Projects/IM3/EvaluationP/Script/Revision/5_UrbanScaling/data/model_evaldfs/unet_conus_model/Evaldf_0.0005.csv",3.11376485761393,3.06913108089765
"unet_conus_model","1","U-Net baseline","MSASample","CONUS Model",5e-04,73,8,11,1656,1105.07494784869,1366201.26937223,3711494.88125879,2685727.72670188,5129036.02128218,-0.43403418141503,978.77751534797,1770610.36496054,2932429.99363894,2125288.32441319,4046107.80044048,-0.21910465072734,"/Users/9oy/Documents/Projects/IM3/EvaluationP/Script/Revision/5_UrbanScaling/data/model_evaldfs/unet_conus_model/Evaldf_0.0005.csv",3.11376485761393,3.06913108089765
"unet_conus_model","1","U-Net baseline","MSASample","CONUS Model",5e-04,74,8,12,1418,899.252964702978,1195147.56230712,2487619.5600501,1804874.16422752,3428632.97519273,-0.318362432991288,936.440919742935,1880688.50229895,2691211.47580185,1951572.63583312,3711170.71150967,-0.155630956548689,"/Users/9oy/Documents/Projects/IM3/EvaluationP/Script/Revision/5_UrbanScaling/data/model_evaldfs/unet_conus_model/Evaldf_0.0005.csv",3.11376485761393,3.06913108089765
"unet_conus_model","1","U-Net baseline","MSASample","CONUS Model",5e-04,75,8,13,180,204.83456365842,212859.768734483,140781.09558025,104102.371184058,190382.953311735,0.179549245340661,592.693337638552,538871.484006976,1107411.96381441,807789.080407869,1518170.13542704,-0.312824008842993,"/Users/9oy/Documents/Projects/IM3/EvaluationP/Script/Revision/5_UrbanScaling/data/model_evaldfs/unet_conus_model/Evaldf_0.0005.csv",3.11376485761393,3.06913108089765
"unet_conus_model","1","U-Net baseline","MSASample","CONUS Model",5e-04,76,8,14,4417,918.189662197413,1782076.7069754,2590321.55726102,1878885.78921315,3571140.83704957,-0.162427286167497,1216.17159755223,4068648.38380041,4470053.69319648,3230661.23518302,6184919.60792899,-0.0408625804419245,"/Users/9oy/Documents/Projects/IM3/EvaluationP/Script/Revision/5_UrbanScaling/data/model_evaldfs/unet_conus_model/Evaldf_0.0005.csv",3.11376485761393,3.06913108089765
"unet_conus_model","1","U-Net baseline","MSASample","CONUS Model",5e-04,77,8,15,2931,463.20012682922,822906.324675781,686233.088365217,502152.625975423,937794.262556167,0.078878745458853,788.600225938371,809308.014211478,1927887.71544455,1401126.17812614,2652688.31700281,-0.376967894971413,"/Users/9oy/Documents/Projects/IM3/EvaluationP/Script/Revision/5_UrbanScaling/data/model_evaldfs/unet_conus_model/Evaldf_0.0005.csv",3.11376485761393,3.06913108089765
"unet_conus_model","1","U-Net baseline","MSASample","CONUS Model",5e-04,78,8,16,35,173.939342474484,340890.577579744,102494.835753905,75950.4592779757,138316.363799347,0.52191301340455,305.374695354039,236294.989904333,305648.663041884,224859.319892721,415464.679266407,-0.111767986946383,"/Users/9oy/Documents/Projects/IM3/EvaluationP/Script/Revision/5_UrbanScaling/data/model_evaldfs/unet_conus_model/Evaldf_0.0005.csv",3.11376485761393,3.06913108089765
"unet_conus_model","1","U-Net baseline","MSASample","CONUS Model",5e-04,79,9,5,861,678.702280734697,767808.074025056,1440631.49469189,1049024.64471949,1978427.40296455,-0.273300230263901,522.963589678479,1610113.25376242,868526.80653533,634556.48632796,1188765.42896229,0.26807319773064,"/Users/9oy/Documents/Projects/IM3/EvaluationP/Script/Revision/5_UrbanScaling/data/model_evaldfs/unet_conus_model/Evaldf_0.0005.csv",3.11376485761393,3.06913108089765
"unet_conus_model","1","U-Net baseline","MSASample","CONUS Model",5e-04,80,9,6,1697,791.614233648967,1668685.5143151,1942217.53934915,1411471.45976082,2672536.48245549,-0.065923375838384,787.79014517315,3831196.41517572,1924045.0343419,1398351.90426909,2647366.0048475,0.299119184718498,"/Users/9oy/Documents/Projects/IM3/EvaluationP/Script/Revision/5_UrbanScaling/data/model_evaldfs/unet_conus_model/Evaldf_0.0005.csv",3.11376485761393,3.06913108089765
"unet_conus_model","1","U-Net baseline","MSASample","CONUS Model",5e-04,81,9,7,2248,1051.04480868966,1913824.1712794,3367331.95087489,2438252.69557492,4650430.40369089,-0.245383895809649,597.335393158405,4586798.08781329,1124311.64063128,820034.169707593,1541492.67427448,0.610622915600731,"/Users/9oy/Documents/Projects/IM3/EvaluationP/Script/Revision/5_UrbanScaling/data/model_evaldfs/unet_conus_model/Evaldf_0.0005.csv",3.11376485761393,3.06913108089765
"unet_conus_model","1","U-Net baseline","MSASample","CONUS Model",5e-04,82,9,8,1464,977.570458222484,1594881.73043578,2925413.65486997,2120236.8192462,4036362.81306648,-0.263458801026937,1163.00822556604,7105420.11457003,4098530.89560854,2963850.28846924,5667612.6886738,0.238961547847324,"/Users/9oy/Documents/Projects/IM3/EvaluationP/Script/Revision/5_UrbanScaling/data/model_evaldfs/unet_conus_model/Evaldf_0.0005.csv",3.11376485761393,3.06913108089765
"unet_conus_model","1","U-Net baseline","MSASample","CONUS Model",5e-04,83,9,9,1423,1077.00682682729,1800305.79474082,3530679.16603816,2555729.60760096,4877548.60155075,-0.292511975500575,767.090833342516,1898132.83409414,1827118.00996751,1328361.84368034,2513140.70652499,0.0165600032268059,"/Users/9oy/Documents/Projects/IM3/EvaluationP/Script/Revision/5_UrbanScaling/data/model_evaldfs/unet_conus_model/Evaldf_0.0005.csv",3.11376485761393,3.06913108089765
"unet_conus_model","1","U-Net baseline","MSASample","CONUS Model",5e-04,84,9,10,1692,1364.70496497639,1925734.28139975,5590654.68228794,4034581.39933135,7746880.45252183,-0.462866306374274,957.598877366374,2446849.68883005,2810507.01471514,2037496.72390109,3876791.35239997,-0.0601773823320428,"/Users/9oy/Documents/Projects/IM3/EvaluationP/Script/Revision/5_UrbanScaling/data/model_evaldfs/unet_conus_model/Evaldf_0.0005.csv",3.11376485761393,3.06913108089765
"unet_conus_model","1","U-Net baseline","MSASample","CONUS Model",5e-04,85,9,11,1663,1326.50451875958,2732793.72421042,5290862.13735486,3819624.33547317,7328789.35148674,-0.286919593714855,1255.1810252176,7194605.82769646,4752594.95675978,3433470.69359092,6578520.9307832,0.180076202326128,"/Users/9oy/Documents/Projects/IM3/EvaluationP/Script/Revision/5_UrbanScaling/data/model_evaldfs/unet_conus_model/Evaldf_0.0005.csv",3.11376485761393,3.06913108089765
"unet_conus_model","1","U-Net baseline","MSASample","CONUS Model",5e-04,86,9,12,2144,1112.69962333879,1417039.12878183,3761369.26264651,2721577.63286209,5198418.21124304,-0.423964128635616,803.426761161533,1377410.66346724,1998874.96506018,1452369.84486769,2751021.81449406,-0.161722187864502,"/Users/9oy/Documents/Projects/IM3/EvaluationP/Script/Revision/5_UrbanScaling/data/model_evaldfs/unet_conus_model/Evaldf_0.0005.csv",3.11376485761393,3.06913108089765
"unet_conus_model","1","U-Net baseline","MSASample","CONUS Model",5e-04,87,9,13,1169,825.893440600855,927283.532077703,2108812.20133863,1531706.77639806,2903355.24333997,-0.356825358619796,678.42266324901,581185.791516377,1439479.51476671,1048191.35609349,1976834.9179634,-0.393890500429934,"/Users/9oy/Documents/Projects/IM3/EvaluationP/Script/Revision/5_UrbanScaling/data/model_evaldfs/unet_conus_model/Evaldf_0.0005.csv",3.11376485761393,3.06913108089765
"unet_conus_model","1","U-Net baseline","MSASample","CONUS Model",5e-04,88,9,14,89,345.99715646402,411742.8093798,389508.78544726,286094.090142563,530304.886287577,0.0241087657319814,483.14763940328,389491.767438766,744764.648601189,544688.129624864,1018333.88986844,-0.281520771443482,"/Users/9oy/Documents/Projects/IM3/EvaluationP/Script/Revision/5_UrbanScaling/data/model_evaldfs/unet_conus_model/Evaldf_0.0005.csv",3.11376485761393,3.06913108089765
"unet_conus_model","1","U-Net baseline","MSASample","CONUS Model",5e-04,89,10,5,11,41.1385282708061,16923.7850828792,6239.68748212605,4710.15071951776,8265.91380892939,0.43333466316759,0,0,0,0,0,NA,"/Users/9oy/Documents/Projects/IM3/EvaluationP/Script/Revision/5_UrbanScaling/data/model_evaldfs/unet_conus_model/Evaldf_0.0005.csv",3.11376485761393,3.06913108089765
"unet_conus_model","1","U-Net baseline","MSASample","CONUS Model",5e-04,90,10,6,540,406.415486834854,650060.613651606,532364.69656225,390214.107773939,726299.138087559,0.0867446056987623,392.633466133176,678205.569726434,497878.042451059,365097.756239843,678948.421123842,0.134238378748734,"/Users/9oy/Documents/Projects/IM3/EvaluationP/Script/Revision/5_UrbanScaling/data/model_evaldfs/unet_conus_model/Evaldf_0.0005.csv",3.11376485761393,3.06913108089765
"unet_conus_model","1","U-Net baseline","MSASample","CONUS Model",5e-04,91,10,7,2166,218.146735788495,451354.728123069,159085.259153023,117542.504309072,215310.366480179,0.452888056464255,65.9979350819489,244861.16653676,15619.7714371839,11719.5134518941,20818.0365807281,1.19524523958022,"/Users/9oy/Documents/Projects/IM3/EvaluationP/Script/Revision/5_UrbanScaling/data/model_evaldfs/unet_conus_model/Evaldf_0.0005.csv",3.11376485761393,3.06913108089765
"unet_conus_model","1","U-Net baseline","MSASample","CONUS Model",5e-04,92,10,8,310,363.171626851298,637286.114386856,427918.313875472,314110.337563557,582961.021819208,0.172973582244506,422.343926117569,857660.806415707,573615.783010418,420242.85052389,782964.103038202,0.174694471624493,"/Users/9oy/Documents/Projects/IM3/EvaluationP/Script/Revision/5_UrbanScaling/data/model_evaldfs/unet_conus_model/Evaldf_0.0005.csv",3.11376485761393,3.06913108089765
"unet_conus_model","1","U-Net baseline","MSASample","CONUS Model",5e-04,93,10,9,1581,760.677708903974,1625910.13857134,1797580.88745697,1307028.54856844,2472246.72367696,-0.0435919026901141,557.114142758181,1693581.74777007,982009.888885921,716885.845389827,1345184.07368659,0.236690303341977,"/Users/9oy/Documents/Projects/IM3/EvaluationP/Script/Revision/5_UrbanScaling/data/model_evaldfs/unet_conus_model/Evaldf_0.0005.csv",3.11376485761393,3.06913108089765
"unet_conus_model","1","U-Net baseline","MSASample","CONUS Model",5e-04,94,10,10,1043,1183.71205529663,1500716.71833794,4241357.6674443,3066440.22841556,5866448.88639608,-0.451206176709308,989.426300230363,1500713.71006978,2994681.88988178,2170103.91310894,4132576.12569253,-0.3000528460982,"/Users/9oy/Documents/Projects/IM3/EvaluationP/Script/Revision/5_UrbanScaling/data/model_evaldfs/unet_conus_model/Evaldf_0.0005.csv",3.11376485761393,3.06913108089765
"unet_conus_model","1","U-Net baseline","MSASample","CONUS Model",5e-04,95,10,11,2489,1270.74420223179,2039515.61897304,4867659.17834509,3516041.19884046,6738858.99981525,-0.37779312680918,1029.82299084122,5302846.27341038,3236597.50207388,2344203.31175646,4468709.40668613,0.214420342728336,"/Users/9oy/Documents/Projects/IM3/EvaluationP/Script/Revision/5_UrbanScaling/data/model_evaldfs/unet_conus_model/Evaldf_0.0005.csv",3.11376485761393,3.06913108089765
"unet_conus_model","1","U-Net baseline","MSASample","CONUS Model",5e-04,96,10,12,1490,952.785382011139,924147.932787147,2783146.51334197,2017792.15496042,3838801.97754041,-0.478794573141962,550.153533001823,879606.67503288,958331.713744386,699713.330180622,1312537.05475524,-0.0372273439322629,"/Users/9oy/Documents/Projects/IM3/EvaluationP/Script/Revision/5_UrbanScaling/data/model_evaldfs/unet_conus_model/Evaldf_0.0005.csv",3.11376485761393,3.06913108089765
"unet_conus_model","1","U-Net baseline","MSASample","CONUS Model",5e-04,97,10,13,323,489.494869071781,518237.426755808,763875.978326099,558571.65661342,1044640.38472953,-0.168494078710684,288.264149193542,303228.778749071,273279.985250615,201195.338396449,371191.255889926,0.0451625912416359,"/Users/9oy/Documents/Projects/IM3/EvaluationP/Script/Revision/5_UrbanScaling/data/model_evaldfs/unet_conus_model/Evaldf_0.0005.csv",3.11376485761393,3.06913108089765
"unet_conus_model","1","U-Net baseline","MSASample","CONUS Model",5e-04,98,11,9,1483,748.91942418214,1415805.67907978,1744031.94668566,1268346.6874584,2398119.89981639,-0.0905507859149666,723.861362016473,1292791.54934371,1632535.75502897,1187780.26621617,2243826.62959899,-0.101334197199452,"/Users/9oy/Documents/Projects/IM3/EvaluationP/Script/Revision/5_UrbanScaling/data/model_evaldfs/unet_conus_model/Evaldf_0.0005.csv",3.11376485761393,3.06913108089765
"unet_conus_model","1","U-Net baseline","MSASample","CONUS Model",5e-04,99,11,10,1600,1280.88710023409,2197473.31726131,4943367.47353131,3570362.68377379,6844369.6460938,-0.352099285298073,848.991217894146,1925273.24509007,2224810.43194923,1615388.00988572,3064143.98758619,-0.0628006366135237,"/Users/9oy/Documents/Projects/IM3/EvaluationP/Script/Revision/5_UrbanScaling/data/model_evaldfs/unet_conus_model/Evaldf_0.0005.csv",3.11376485761393,3.06913108089765
"unet_conus_model","1","U-Net baseline","MSASample","CONUS Model",5e-04,100,11,11,2218,1040.2286968984,2125941.75306807,3300386.95777893,2390096.04765907,4557370.85618201,-0.191013500761743,934.015168190648,5985965.28678542,2677694.63671249,1941835.3958356,3692408.00886394,0.349373145273413,"/Users/9oy/Documents/Projects/IM3/EvaluationP/Script/Revision/5_UrbanScaling/data/model_evaldfs/unet_conus_model/Evaldf_0.0005.csv",3.11376485761393,3.06913108089765
"unet_conus_model","1","U-Net baseline","MSASample","CONUS Model",5e-04,101,11,12,4341,1014.75502422036,1864618.60966657,3145297.65138839,2278508.03054138,4341831.22605837,-0.22707173630672,956.38611475605,1304734.19120053,2803601.29250715,2032523.46016503,3867202.69723703,-0.332194208094181,"/Users/9oy/Documents/Projects/IM3/EvaluationP/Script/Revision/5_UrbanScaling/data/model_evaldfs/unet_conus_model/Evaldf_0.0005.csv",3.11376485761393,3.06913108089765
"unet_conus_model","1","U-Net baseline","MSASample","CONUS Model",5e-04,102,11,13,855,679.305349003384,1158408.58420717,1443117.56188123,1050822.93491838,1981864.14495396,-0.0954399446888235,1039.40080721279,1207289.01423203,3295289.69524865,2386429.08640227,4550285.71244187,-0.436082351498042,"/Users/9oy/Documents/Projects/IM3/EvaluationP/Script/Revision/5_UrbanScaling/data/model_evaldfs/unet_conus_model/Evaldf_0.0005.csv",3.11376485761393,3.06913108089765
"unet_conus_model","1","U-Net baseline","MSASample","CONUS Model",5e-04,103,12,9,156,928.289629413263,1290186.07540299,2645921.52482623,1918945.44593139,3648306.27696182,-0.311924608966037,2165.45513946649,14098777.8418376,13699737.5852217,9828161.73001036,19096430.7527466,0.0124692188547669,"/Users/9oy/Documents/Projects/IM3/EvaluationP/Script/Revision/5_UrbanScaling/data/model_evaldfs/unet_conus_model/Evaldf_0.0005.csv",3.11376485761393,3.06913108089765
"unet_conus_model","1","U-Net baseline","MSASample","CONUS Model",5e-04,104,12,10,1485,805.669997376544,1394849.63280692,2009723.61872249,1460200.10629712,2766051.72553601,-0.158608944027146,994.441513579448,2088964.40383936,3024219.99222827,2191366.44145338,4173608.93567729,-0.160682340439566,"/Users/9oy/Documents/Projects/IM3/EvaluationP/Script/Revision/5_UrbanScaling/data/model_evaldfs/unet_conus_model/Evaldf_0.0005.csv",3.11376485761393,3.06913108089765
"unet_conus_model","1","U-Net baseline","MSASample","CONUS Model",5e-04,105,12,11,2575,970.64811808567,1187728.11636876,2885333.13433089,2091378.77957215,3980697.98612514,-0.385478925705443,1067.68940591525,3583007.32768692,3471624.46064977,2513262.57324267,4795430.65817906,0.0137149566589502,"/Users/9oy/Documents/Projects/IM3/EvaluationP/Script/Revision/5_UrbanScaling/data/model_evaldfs/unet_conus_model/Evaldf_0.0005.csv",3.11376485761393,3.06913108089765
"unet_conus_model","1","U-Net baseline","MSASample","CONUS Model",5e-04,106,12,12,5417,839.115503234741,941401.401054844,2174845.55244192,1579346.92877844,2994879.14326386,-0.363653580466752,982.226450640545,2295147.61792145,2952522.75017013,2139753.92633128,4074015.4664507,-0.109382629219541,"/Users/9oy/Documents/Projects/IM3/EvaluationP/Script/Revision/5_UrbanScaling/data/model_evaldfs/unet_conus_model/Evaldf_0.0005.csv",3.11376485761393,3.06913108089765
"unet_conus_model","1","U-Net baseline","MSASample","CONUS Model",5e-04,107,12,13,1890,685.909306472778,1632799.33074746,1470477.45144476,1070612.29300375,2019689.05955753,0.0454744443516845,1137.45602827051,1321323.88637679,3925529.84829224,2839554.92875699,5426830.95641995,-0.472888997857899,"/Users/9oy/Documents/Projects/IM3/EvaluationP/Script/Revision/5_UrbanScaling/data/model_evaldfs/unet_conus_model/Evaldf_0.0005.csv",3.11376485761393,3.06913108089765
"unet_conus_model","1","U-Net baseline","MSASample","CONUS Model",0.001,1,1,4,376,452.370242197982,414139.391791745,655428.859816064,479757.344843619,895425.562311742,-0.199379018948607,673.284322352117,776669.807421671,1418389.92386548,1032935.34472159,1947682.38535336,-0.261559214866573,"/Users/9oy/Documents/Projects/IM3/EvaluationP/Script/Revision/5_UrbanScaling/data/model_evaldfs/unet_conus_model/Evaldf_0.001.csv",2.42853693107422,3.06913108089765
"unet_conus_model","1","U-Net baseline","MSASample","CONUS Model",0.001,2,1,5,2873,603.576675512402,566006.164532142,1147228.94345513,836637.540273392,1573123.58739136,-0.306828934046289,919.540035845735,1253510.86855836,2597722.15738253,1884218.23128624,3581411.2690915,-0.31646459485402,"/Users/9oy/Documents/Projects/IM3/EvaluationP/Script/Revision/5_UrbanScaling/data/model_evaldfs/unet_conus_model/Evaldf_0.001.csv",2.42853693107422,3.06913108089765
"unet_conus_model","1","U-Net baseline","MSASample","CONUS Model",0.001,3,1,6,1631,540.726150378868,724727.571727314,926709.203855651,676774.821583185,1268944.88554081,-0.106768692305501,382.277176224914,608163.144087705,472701.090539566,346754.354811977,644393.698006926,0.109433493246531,"/Users/9oy/Documents/Projects/IM3/EvaluationP/Script/Revision/5_UrbanScaling/data/model_evaldfs/unet_conus_model/Evaldf_0.001.csv",2.42853693107422,3.06913108089765
"unet_conus_model","1","U-Net baseline","MSASample","CONUS Model",0.001,4,1,7,540,828.845452705784,1689892.51153858,2123469.47360089,1542282.19401217,2923668.97758484,-0.0991869406167434,820.132858823158,1685056.64388418,2080351.65564922,1511170.72044647,2863914.01885011,-0.0915222484036353,"/Users/9oy/Documents/Projects/IM3/EvaluationP/Script/Revision/5_UrbanScaling/data/model_evaldfs/unet_conus_model/Evaldf_0.001.csv",2.42853693107422,3.06913108089765
"unet_conus_model","1","U-Net baseline","MSASample","CONUS Model",0.001,5,2,3,348,353.447819947262,320208.679934554,405956.608099739,298093.415018795,552849.406785635,-0.103046514963576,583.114429750892,488822.873437225,1072931.80534022,782801.751128536,1470592.85093704,-0.341420599838488,"/Users/9oy/Documents/Projects/IM3/EvaluationP/Script/Revision/5_UrbanScaling/data/model_evaldfs/unet_conus_model/Evaldf_0.001.csv",2.42853693107422,3.06913108089765
"unet_conus_model","1","U-Net baseline","MSASample","CONUS Model",0.001,6,2,4,1396,633.819079310597,671179.010332819,1261447.87144266,919356.185035407,1730831.59527114,-0.274030941856642,1088.67011100457,3302729.19463101,3605282.68065437,2609371.29047683,4981300.76576843,-0.0380663568426028,"/Users/9oy/Documents/Projects/IM3/EvaluationP/Script/Revision/5_UrbanScaling/data/model_evaldfs/unet_conus_model/Evaldf_0.001.csv",2.42853693107422,3.06913108089765
"unet_conus_model","1","U-Net baseline","MSASample","CONUS Model",0.001,7,2,5,1481,951.185214292913,931355.313458415,2774079.70849491,2011262.11375916,3826213.48875302,-0.474003539040593,1117.40056776099,2449083.63757663,3792279.82981508,2743794.69148165,5241422.16335305,-0.189896759372848,"/Users/9oy/Documents/Projects/IM3/EvaluationP/Script/Revision/5_UrbanScaling/data/model_evaldfs/unet_conus_model/Evaldf_0.001.csv",2.42853693107422,3.06913108089765
"unet_conus_model","1","U-Net baseline","MSASample","CONUS Model",0.001,8,2,6,1384,699.320306805687,662524.132615918,1526804.98261015,1111346.27142596,2097576.16942569,-0.362581866378096,816.481194901174,1445455.32557506,2062407.48376139,1498221.92901256,2839048.43915773,-0.154369802362713,"/Users/9oy/Documents/Projects/IM3/EvaluationP/Script/Revision/5_UrbanScaling/data/model_evaldfs/unet_conus_model/Evaldf_0.001.csv",2.42853693107422,3.06913108089765
"unet_conus_model","1","U-Net baseline","MSASample","CONUS Model",0.001,9,2,7,2309,530.913031294672,979890.987844626,894339.579044597,653288.998951512,1224333.00412125,0.0396753125339939,391.641129620083,866225.085654845,495438.159967142,363320.382495047,675599.229159609,0.242641302575761,"/Users/9oy/Documents/Projects/IM3/EvaluationP/Script/Revision/5_UrbanScaling/data/model_evaldfs/unet_conus_model/Evaldf_0.001.csv",2.42853693107422,3.06913108089765
"unet_conus_model","1","U-Net baseline","MSASample","CONUS Model",0.001,10,2,8,427,518.452637486626,545106.555688191,854042.282755128,624043.357474549,1168810.16678931,-0.194997967621286,714.296708224943,1037885.38753054,1590919.99554161,1157699.78488831,2186254.55861023,-0.185498942791545,"/Users/9oy/Documents/Projects/IM3/EvaluationP/Script/Revision/5_UrbanScaling/data/model_evaldfs/unet_conus_model/Evaldf_0.001.csv",2.42853693107422,3.06913108089765
"unet_conus_model","1","U-Net baseline","MSASample","CONUS Model",0.001,11,3,3,527,482.312902848774,553301.902286722,742268.752316679,542874.799737531,1014898.64869789,-0.127599014862756,748.711936674946,967507.682325204,1743094.06972155,1267669.12896712,2396821.74667618,-0.255666403209717,"/Users/9oy/Documents/Projects/IM3/EvaluationP/Script/Revision/5_UrbanScaling/data/model_evaldfs/unet_conus_model/Evaldf_0.001.csv",2.42853693107422,3.06913108089765
"unet_conus_model","1","U-Net baseline","MSASample","CONUS Model",0.001,12,3,4,702,636.670633245627,679559.850507785,1272488.53912032,927349.260243422,1746081.17093611,-0.272426167344546,1298.66393956768,7280178.78945513,5077422.95427707,3666535.42661807,7031221.80941227,0.156498702951587,"/Users/9oy/Documents/Projects/IM3/EvaluationP/Script/Revision/5_UrbanScaling/data/model_evaldfs/unet_conus_model/Evaldf_0.001.csv",2.42853693107422,3.06913108089765
"unet_conus_model","1","U-Net baseline","MSASample","CONUS Model",0.001,13,3,5,1135,733.402818305968,568048.073196004,1674569.5326446,1218157.74668857,2301986.85456332,-0.46951809426516,896.596957145314,1312205.57855719,2473376.0037758,1794608.04622819,3408871.85305538,-0.275288263296267,"/Users/9oy/Documents/Projects/IM3/EvaluationP/Script/Revision/5_UrbanScaling/data/model_evaldfs/unet_conus_model/Evaldf_0.001.csv",2.42853693107422,3.06913108089765
"unet_conus_model","1","U-Net baseline","MSASample","CONUS Model",0.001,14,3,6,1243,884.759907886663,646412.711596362,2410378.99882294,1749197.90096865,3321480.61391413,-0.571575446578126,1255.7773463723,2394884.38474863,4756979.18300034,3436617.07075511,6584629.73371849,-0.298046698619346,"/Users/9oy/Documents/Projects/IM3/EvaluationP/Script/Revision/5_UrbanScaling/data/model_evaldfs/unet_conus_model/Evaldf_0.001.csv",2.42853693107422,3.06913108089765
"unet_conus_model","1","U-Net baseline","MSASample","CONUS Model",0.001,15,3,7,1433,829.872448717983,1151600.64906781,2128580.23507404,1545969.5628966,2930752.27733374,-0.266788124209354,872.297067332883,2967360.04739782,2344903.53803191,1701992.88215146,3230667.21390981,0.102245263132542,"/Users/9oy/Documents/Projects/IM3/EvaluationP/Script/Revision/5_UrbanScaling/data/model_evaldfs/unet_conus_model/Evaldf_0.001.csv",2.42853693107422,3.06913108089765
"unet_conus_model","1","U-Net baseline","MSASample","CONUS Model",0.001,16,3,8,487,688.421729510747,866891.82704965,1480951.71858474,1078187.66386286,2034170.92059966,-0.232575991555862,774.987524175917,1375231.96846462,1863808.60891756,1354858.58947204,2563944.7228429,-0.132025354055256,"/Users/9oy/Documents/Projects/IM3/EvaluationP/Script/Revision/5_UrbanScaling/data/model_evaldfs/unet_conus_model/Evaldf_0.001.csv",2.42853693107422,3.06913108089765
"unet_conus_model","1","U-Net baseline","MSASample","CONUS Model",0.001,17,3,9,431,670.117628472119,776925.737771574,1405467.85922528,1023586.90464915,1929821.39019489,-0.257441409576599,610.900175449458,638713.709103656,1174405.84728948,856324.110665345,1610639.09910945,-0.264511967114479,"/Users/9oy/Documents/Projects/IM3/EvaluationP/Script/Revision/5_UrbanScaling/data/model_evaldfs/unet_conus_model/Evaldf_0.001.csv",2.42853693107422,3.06913108089765
"unet_conus_model","1","U-Net baseline","MSASample","CONUS Model",0.001,18,3,10,15,211.7394135333,79060.2025200546,150139.85329469,110975.549673625,203125.603915874,-0.278538064676808,258.818089714603,85810.7424537562,221698.646556791,163445.99164498,300712.727124395,-0.412221382206662,"/Users/9oy/Documents/Projects/IM3/EvaluationP/Script/Revision/5_UrbanScaling/data/model_evaldfs/unet_conus_model/Evaldf_0.001.csv",2.42853693107422,3.06913108089765
"unet_conus_model","1","U-Net baseline","MSASample","CONUS Model",0.001,19,4,1,473,356.756187710016,389113.829097788,413365.751128344,303497.613441098,563006.879258583,-0.0262578249926071,212.961918125678,245472.609263059,151827.239056222,112214.478096018,205423.675363093,0.208653344432248,"/Users/9oy/Documents/Projects/IM3/EvaluationP/Script/Revision/5_UrbanScaling/data/model_evaldfs/unet_conus_model/Evaldf_0.001.csv",2.42853693107422,3.06913108089765
"unet_conus_model","1","U-Net baseline","MSASample","CONUS Model",0.001,20,4,2,320,86.0606644142707,56329.0666302893,26149.0562081519,19552.8516518512,34970.5072565388,0.333276536462243,327.102391751645,530926.127937993,349278.150543033,256729.838541717,475189.121528382,0.181862679622629,"/Users/9oy/Documents/Projects/IM3/EvaluationP/Script/Revision/5_UrbanScaling/data/model_evaldfs/unet_conus_model/Evaldf_0.001.csv",2.42853693107422,3.06913108089765
"unet_conus_model","1","U-Net baseline","MSASample","CONUS Model",0.001,21,4,3,205,155.09292045459,119493.871566573,82037.8385160416,60881.0926985585,110546.750231759,0.163331423055929,206.671442565237,238371.35404411,143242.265694176,105910.167704249,193733.492505626,0.221182881725673,"/Users/9oy/Documents/Projects/IM3/EvaluationP/Script/Revision/5_UrbanScaling/data/model_evaldfs/unet_conus_model/Evaldf_0.001.csv",2.42853693107422,3.06913108089765
"unet_conus_model","1","U-Net baseline","MSASample","CONUS Model",0.001,22,4,4,152,271.399895983183,315433.153524034,243098.849743748,179113.909980537,329941.157295686,0.113124433883568,635.537942798549,629591.243380593,1268097.39493246,924170.273477401,1740015.93557404,-0.304093931330306,"/Users/9oy/Documents/Projects/IM3/EvaluationP/Script/Revision/5_UrbanScaling/data/model_evaldfs/unet_conus_model/Evaldf_0.001.csv",2.42853693107422,3.06913108089765
"unet_conus_model","1","U-Net baseline","MSASample","CONUS Model",0.001,23,4,5,951,463.365570532807,331064.554532361,686708.990262073,502498.563067434,938448.92695439,-0.316860047682877,653.161070196998,1517233.25313809,1337250.79172562,974225.858165118,1835549.39030137,0.0548394888559319,"/Users/9oy/Documents/Projects/IM3/EvaluationP/Script/Revision/5_UrbanScaling/data/model_evaldfs/unet_conus_model/Evaldf_0.001.csv",2.42853693107422,3.06913108089765
"unet_conus_model","1","U-Net baseline","MSASample","CONUS Model",0.001,24,4,6,1767,672.126785973561,688293.574485163,1413659.81184088,1029513.42094086,1941144.25607747,-0.312571196606519,909.228821760083,3567706.25197583,2541471.90571006,1843685.02842345,3503352.98488417,0.147303776199519,"/Users/9oy/Documents/Projects/IM3/EvaluationP/Script/Revision/5_UrbanScaling/data/model_evaldfs/unet_conus_model/Evaldf_0.001.csv",2.42853693107422,3.06913108089765
"unet_conus_model","1","U-Net baseline","MSASample","CONUS Model",0.001,25,4,7,1023,690.814170965427,922851.677192341,1490959.28699755,1085425.17000632,2048008.15100989,-0.208333878673171,1820.67345309369,10780574.6070688,9783620.28431818,7034401.66373083,13607301.7213742,0.0421423206693129,"/Users/9oy/Documents/Projects/IM3/EvaluationP/Script/Revision/5_UrbanScaling/data/model_evaldfs/unet_conus_model/Evaldf_0.001.csv",2.42853693107422,3.06913108089765
"unet_conus_model","1","U-Net baseline","MSASample","CONUS Model",0.001,26,4,8,713,757.707529909136,793076.471263538,1783980.14305181,1297204.58331115,2453418.05891522,-0.352074950504884,1421.17684778826,5989638.3714483,6048498.67269786,4362718.5142456,8385674.22449303,-0.0042469873294891,"/Users/9oy/Documents/Projects/IM3/EvaluationP/Script/Revision/5_UrbanScaling/data/model_evaldfs/unet_conus_model/Evaldf_0.001.csv",2.42853693107422,3.06913108089765
"unet_conus_model","1","U-Net baseline","MSASample","CONUS Model",0.001,27,4,9,855,766.99440813066,698174.268235108,1826672.17315995,1328039.85346676,2512523.4152323,-0.417696774438552,879.806135614649,2591752.48512071,2384248.89851585,1730360.24197177,3285236.60691389,0.0362419329645811,"/Users/9oy/Documents/Projects/IM3/EvaluationP/Script/Revision/5_UrbanScaling/data/model_evaldfs/unet_conus_model/Evaldf_0.001.csv",2.42853693107422,3.06913108089765
"unet_conus_model","1","U-Net baseline","MSASample","CONUS Model",0.001,28,4,10,784,889.660741910114,627718.387784209,2436365.7332712,1767930.86470762,3357528.34273856,-0.588977632009379,758.082984722014,1172112.03772333,1785696.62233466,1298444.44217099,2455794.27463673,-0.182838550931053,"/Users/9oy/Documents/Projects/IM3/EvaluationP/Script/Revision/5_UrbanScaling/data/model_evaldfs/unet_conus_model/Evaldf_0.001.csv",2.42853693107422,3.06913108089765
"unet_conus_model","1","U-Net baseline","MSASample","CONUS Model",0.001,29,4,11,184,643.66029167717,299466.42709851,1299748.42003078,947082.547931729,1783736.75986508,-0.6375111570737,512.875978477372,356728.374502348,836299.123907189,611163.442319268,1144368.55384189,-0.370023986931484,"/Users/9oy/Documents/Projects/IM3/EvaluationP/Script/Revision/5_UrbanScaling/data/model_evaldfs/unet_conus_model/Evaldf_0.001.csv",2.42853693107422,3.06913108089765
"unet_conus_model","1","U-Net baseline","MSASample","CONUS Model",0.001,30,5,4,126,656.456444322821,739159.866486196,1350379.39220473,983726.824244256,1853689.92483471,-0.261717423328598,640.13877311343,1627828.24099768,1285979.37177063,937115.550609631,1764716.14791128,0.102374576551417,"/Users/9oy/Documents/Projects/IM3/EvaluationP/Script/Revision/5_UrbanScaling/data/model_evaldfs/unet_conus_model/Evaldf_0.001.csv",2.42853693107422,3.06913108089765
"unet_conus_model","1","U-Net baseline","MSASample","CONUS Model",0.001,31,5,5,844,754.55910946382,620990.163936694,1769617.90486006,1286830.04472564,2433536.22495579,-0.454794782504723,1317.30296865282,3739732.93605641,5219847.22637173,3768693.62502469,7229774.4995077,-0.144817203106626,"/Users/9oy/Documents/Projects/IM3/EvaluationP/Script/Revision/5_UrbanScaling/data/model_evaldfs/unet_conus_model/Evaldf_0.001.csv",2.42853693107422,3.06913108089765
"unet_conus_model","1","U-Net baseline","MSASample","CONUS Model",0.001,32,5,6,829,815.729578189949,689034.386687151,2058723.41507155,1495563.3561443,2833943.5319482,-0.475357107852702,2222.15039587044,14548170.1666346,14404620.708431,10330413.032276,20085653.6041179,0.00430654500264713,"/Users/9oy/Documents/Projects/IM3/EvaluationP/Script/Revision/5_UrbanScaling/data/model_evaldfs/unet_conus_model/Evaldf_0.001.csv",2.42853693107422,3.06913108089765
"unet_conus_model","1","U-Net baseline","MSASample","CONUS Model",0.001,33,5,7,705,899.193091727436,1360705.49897141,2487298.03817584,1804642.42994728,3428186.89622305,-0.261963687430672,1887.66308965929,5185850.92273785,10494534.7539303,7542046.02670868,14602835.7970011,-0.30614316212242,"/Users/9oy/Documents/Projects/IM3/EvaluationP/Script/Revision/5_UrbanScaling/data/model_evaldfs/unet_conus_model/Evaldf_0.001.csv",2.42853693107422,3.06913108089765
"unet_conus_model","1","U-Net baseline","MSASample","CONUS Model",0.001,34,5,8,1213,837.08610115629,1491178.68123261,2164646.22959742,1571989.199317,2980741.40798561,-0.161857243161262,2444.8747159892,39575884.8140339,17339350.2093309,12419833.7359809,24207495.2107302,0.358397815043498,"/Users/9oy/Documents/Projects/IM3/EvaluationP/Script/Revision/5_UrbanScaling/data/model_evaldfs/unet_conus_model/Evaldf_0.001.csv",2.42853693107422,3.06913108089765
"unet_conus_model","1","U-Net baseline","MSASample","CONUS Model",0.001,35,5,9,967,853.583475022649,837787.415611129,2248231.74874313,1632280.61712075,3096615.82882269,-0.428707243930634,1132.46179488706,1900084.45796615,3892139.16971136,2815560.73839382,5380366.01726563,-0.311415455181887,"/Users/9oy/Documents/Projects/IM3/EvaluationP/Script/Revision/5_UrbanScaling/data/model_evaldfs/unet_conus_model/Evaldf_0.001.csv",2.42853693107422,3.06913108089765
"unet_conus_model","1","U-Net baseline","MSASample","CONUS Model",0.001,36,5,10,1355,884.165499324026,544234.277796715,2407236.32853787,1746932.36525021,3317121.40475598,-0.645732837182777,1023.95525762421,1215529.80873862,3200893.1335787,2318513.52767522,4419088.66620445,-0.420505561219109,"/Users/9oy/Documents/Projects/IM3/EvaluationP/Script/Revision/5_UrbanScaling/data/model_evaldfs/unet_conus_model/Evaldf_0.001.csv",2.42853693107422,3.06913108089765
"unet_conus_model","1","U-Net baseline","MSASample","CONUS Model",0.001,37,5,11,3149,533.829114608075,532346.531957344,903900.314728337,660226.379316529,1237508.53428757,-0.229926108466675,527.458914235081,2451388.1358492,883078.62220764,645117.288597722,1208815.61660708,0.443412708500555,"/Users/9oy/Documents/Projects/IM3/EvaluationP/Script/Revision/5_UrbanScaling/data/model_evaldfs/unet_conus_model/Evaldf_0.001.csv",2.42853693107422,3.06913108089765
"unet_conus_model","1","U-Net baseline","MSASample","CONUS Model",0.001,38,5,12,2408,558.577512988786,495391.244699939,987023.534546265,720521.620941652,1352097.46582622,-0.29937918128027,629.473575385321,1272769.37688923,1244712.64764082,907239.557048012,1707718.27921415,0.00968061506597652,"/Users/9oy/Documents/Projects/IM3/EvaluationP/Script/Revision/5_UrbanScaling/data/model_evaldfs/unet_conus_model/Evaldf_0.001.csv",2.42853693107422,3.06913108089765
"unet_conus_model","1","U-Net baseline","MSASample","CONUS Model",0.001,39,5,13,627,774.296710649161,555452.994677693,1860584.74722207,1352530.56172559,2559480.50236944,-0.525002143785166,529.765267232991,245348.627639153,890590.0150762,650568.138290938,1219166.03084353,-0.559894188602199,"/Users/9oy/Documents/Projects/IM3/EvaluationP/Script/Revision/5_UrbanScaling/data/model_evaldfs/unet_conus_model/Evaldf_0.001.csv",2.42853693107422,3.06913108089765
"unet_conus_model","1","U-Net baseline","MSASample","CONUS Model",0.001,40,5,14,372,313.491666694048,273702.653348287,321617.423548913,236527.480840286,437318.178685914,-0.0700605609161427,389.763262602793,376776.019954145,490836.908872074,359968.365309771,669283.454682939,-0.114853958230867,"/Users/9oy/Documents/Projects/IM3/EvaluationP/Script/Revision/5_UrbanScaling/data/model_evaldfs/unet_conus_model/Evaldf_0.001.csv",2.42853693107422,3.06913108089765
"unet_conus_model","1","U-Net baseline","MSASample","CONUS Model",0.001,41,5,15,221,394.396717551708,304567.934190994,502227.72921175,368266.216494058,684919.443305115,-0.217216509886333,464.215407895675,439048.294986287,689156.084555248,504277.351466182,941815.267924777,-0.195805299948753,"/Users/9oy/Documents/Projects/IM3/EvaluationP/Script/Revision/5_UrbanScaling/data/model_evaldfs/unet_conus_model/Evaldf_0.001.csv",2.42853693107422,3.06913108089765
"unet_conus_model","1","U-Net baseline","MSASample","CONUS Model",0.001,42,5,16,74,352.890983952012,293375.694051414,404715.954133322,297188.423646431,551148.666964614,-0.13972619482787,512.885626498752,173133.206799764,836329.664860772,611185.613808974,1144410.62178657,-0.683997128440116,"/Users/9oy/Documents/Projects/IM3/EvaluationP/Script/Revision/5_UrbanScaling/data/model_evaldfs/unet_conus_model/Evaldf_0.001.csv",2.42853693107422,3.06913108089765
"unet_conus_model","1","U-Net baseline","MSASample","CONUS Model",0.001,43,6,5,1020,810.077312247054,1702341.94005996,2031121.01922714,1475643.34618485,2795697.622608,-0.0766890016637643,1038.68675336805,18703882.5606851,3290896.38093141,2383268.5140759,4544179.10783618,0.754617558883984,"/Users/9oy/Documents/Projects/IM3/EvaluationP/Script/Revision/5_UrbanScaling/data/model_evaldfs/unet_conus_model/Evaldf_0.001.csv",2.42853693107422,3.06913108089765
"unet_conus_model","1","U-Net baseline","MSASample","CONUS Model",0.001,44,6,6,1894,779.860229211795,955955.589192074,1886625.21422874,1371334.24767611,2595541.31678357,-0.295247917632688,1669.87340621542,9407703.01028866,8271931.05964477,5954109.68112573,11492036.1095161,0.0558766925558535,"/Users/9oy/Documents/Projects/IM3/EvaluationP/Script/Revision/5_UrbanScaling/data/model_evaldfs/unet_conus_model/Evaldf_0.001.csv",2.42853693107422,3.06913108089765
"unet_conus_model","1","U-Net baseline","MSASample","CONUS Model",0.001,45,6,7,794,1010.60913842597,1377433.36956405,3120399.15522196,2260590.01361625,4307234.31903245,-0.355139551702114,910.179821480569,2772965.39190108,2546634.8501144,1847405.62476457,3510517.11269078,0.0369777713802011,"/Users/9oy/Documents/Projects/IM3/EvaluationP/Script/Revision/5_UrbanScaling/data/model_evaldfs/unet_conus_model/Evaldf_0.001.csv",2.42853693107422,3.06913108089765
"unet_conus_model","1","U-Net baseline","MSASample","CONUS Model",0.001,46,6,8,842,917.409637120616,1393410.5311999,2586051.36554736,1875808.89154396,3565214.82300088,-0.268558058274059,1504.48706738476,6679005.85108356,6755785.34507676,4869312.30077867,9373117.35405745,-0.00496401813919723,"/Users/9oy/Documents/Projects/IM3/EvaluationP/Script/Revision/5_UrbanScaling/data/model_evaldfs/unet_conus_model/Evaldf_0.001.csv",2.42853693107422,3.06913108089765
"unet_conus_model","1","U-Net baseline","MSASample","CONUS Model",0.001,47,6,9,1391,669.171063053446,1038352.37038481,1401616.42139688,1020800.48038706,1924498.10758759,-0.130284418404856,727.689718266758,2253482.5107051,1649338.894412,1199924.37648653,2267075.19400974,0.13554429130599,"/Users/9oy/Documents/Projects/IM3/EvaluationP/Script/Revision/5_UrbanScaling/data/model_evaldfs/unet_conus_model/Evaldf_0.001.csv",2.42853693107422,3.06913108089765
"unet_conus_model","1","U-Net baseline","MSASample","CONUS Model",0.001,48,6,10,2337,498.339886375992,573130.169878552,790899.449169946,578199.090981265,1081845.24751803,-0.139868002519152,432.907072112222,1157303.49963683,601794.369339094,440747.180968937,821687.531096796,0.283999146446125,"/Users/9oy/Documents/Projects/IM3/EvaluationP/Script/Revision/5_UrbanScaling/data/model_evaldfs/unet_conus_model/Evaldf_0.001.csv",2.42853693107422,3.06913108089765
"unet_conus_model","1","U-Net baseline","MSASample","CONUS Model",0.001,49,6,11,1784,931.077628004209,1128488.66976441,2661370.17843619,1930075.17361824,3669748.89034579,-0.372608083114115,790.747009849885,1867973.02927979,1938089.13062028,1408491.04585597,2666818.14504952,-0.0160031445265159,"/Users/9oy/Documents/Projects/IM3/EvaluationP/Script/Revision/5_UrbanScaling/data/model_evaldfs/unet_conus_model/Evaldf_0.001.csv",2.42853693107422,3.06913108089765
"unet_conus_model","1","U-Net baseline","MSASample","CONUS Model",0.001,50,6,12,1799,857.606857627306,620578.534438965,2268849.43390174,1647150.1429853,3125202.5054538,-0.563008926617379,697.966707392815,606519.087996735,1521073.15705145,1107201.68880575,2089649.58461906,-0.399305628977548,"/Users/9oy/Documents/Projects/IM3/EvaluationP/Script/Revision/5_UrbanScaling/data/model_evaldfs/unet_conus_model/Evaldf_0.001.csv",2.42853693107422,3.06913108089765
"unet_conus_model","1","U-Net baseline","MSASample","CONUS Model",0.001,51,6,13,2220,722.743820660527,1136447.40286671,1627646.45792119,1184246.47613108,2237062.170232,-0.156010736947387,826.698205302608,3231376.39946596,2112803.12238609,1534586.32726044,2908886.22859913,0.184528518743143,"/Users/9oy/Documents/Projects/IM3/EvaluationP/Script/Revision/5_UrbanScaling/data/model_evaldfs/unet_conus_model/Evaldf_0.001.csv",2.42853693107422,3.06913108089765
"unet_conus_model","1","U-Net baseline","MSASample","CONUS Model",0.001,52,6,14,2343,805.199233797604,489675.863960267,2007444.5692243,1458555.17397477,2762894.24658944,-0.612734863869029,614.676786264456,1032449.41655927,1188541.08163993,866562.281267088,1630153.92347827,-0.0611454144209842,"/Users/9oy/Documents/Projects/IM3/EvaluationP/Script/Revision/5_UrbanScaling/data/model_evaldfs/unet_conus_model/Evaldf_0.001.csv",2.42853693107422,3.06913108089765
"unet_conus_model","1","U-Net baseline","MSASample","CONUS Model",0.001,53,6,15,2667,900.627077078638,1113619.99556326,2495004.17331149,1810196.50977542,3438878.48154898,-0.350334256094882,625.389577303888,895042.157953957,1229083.3305036,895922.653737882,1686134.20703145,-0.137737836794611,"/Users/9oy/Documents/Projects/IM3/EvaluationP/Script/Revision/5_UrbanScaling/data/model_evaldfs/unet_conus_model/Evaldf_0.001.csv",2.42853693107422,3.06913108089765
"unet_conus_model","1","U-Net baseline","MSASample","CONUS Model",0.001,54,6,16,2060,756.151625145812,750705.382443845,1776875.49302269,1292072.62067651,2443582.86614843,-0.374187467833344,681.054275436625,803461.307266405,1450339.02710266,1056046.44676685,1991847.32828467,-0.256504566496438,"/Users/9oy/Documents/Projects/IM3/EvaluationP/Script/Revision/5_UrbanScaling/data/model_evaldfs/unet_conus_model/Evaldf_0.001.csv",2.42853693107422,3.06913108089765
"unet_conus_model","1","U-Net baseline","MSASample","CONUS Model",0.001,55,7,5,256,982.473303395744,563168.629904175,2953963.41243209,2140791.09327281,4076016.51062897,-0.719766656501689,832.259801957495,1396697.43707579,2140483.72060941,1554557.5948064,2947250.44186252,-0.185409592946458,"/Users/9oy/Documents/Projects/IM3/EvaluationP/Script/Revision/5_UrbanScaling/data/model_evaldfs/unet_conus_model/Evaldf_0.001.csv",2.42853693107422,3.06913108089765
"unet_conus_model","1","U-Net baseline","MSASample","CONUS Model",0.001,56,7,6,1440,779.143545547398,895964.761665057,1883260.87569867,1368904.9734158,2590882.19767909,-0.322619554955625,1298.05081345611,6011821.84378054,5072770.40408238,3663197.92461287,7024736.33751409,0.0737608956917206,"/Users/9oy/Documents/Projects/IM3/EvaluationP/Script/Revision/5_UrbanScaling/data/model_evaldfs/unet_conus_model/Evaldf_0.001.csv",2.42853693107422,3.06913108089765
"unet_conus_model","1","U-Net baseline","MSASample","CONUS Model",0.001,57,7,7,1468,997.244104403868,1106982.7618555,3040787.63315649,2203291.78914091,4196625.01150734,-0.438845232312928,1181.37426202109,6830594.79169797,4225111.45029169,3054772.02534888,5843829.46395065,0.208620353355097,"/Users/9oy/Documents/Projects/IM3/EvaluationP/Script/Revision/5_UrbanScaling/data/model_evaldfs/unet_conus_model/Evaldf_0.001.csv",2.42853693107422,3.06913108089765
"unet_conus_model","1","U-Net baseline","MSASample","CONUS Model",0.001,58,7,8,1181,831.007210631535,838980.104174383,2134234.21202714,1550048.78866108,2938588.58192564,-0.405490415455875,1050.11801577532,7428508.19374722,3361570.14880052,2434108.21426945,4642420.4967807,0.34435942824005,"/Users/9oy/Documents/Projects/IM3/EvaluationP/Script/Revision/5_UrbanScaling/data/model_evaldfs/unet_conus_model/Evaldf_0.001.csv",2.42853693107422,3.06913108089765
"unet_conus_model","1","U-Net baseline","MSASample","CONUS Model",0.001,59,7,9,1236,735.669001140858,742277.414233591,1684629.06639092,1225426.93953811,2315907.21548755,-0.355938043497914,1201.43129069522,7251579.66513516,4365478.04666436,3155575.10387965,6039279.03743383,0.220400813890621,"/Users/9oy/Documents/Projects/IM3/EvaluationP/Script/Revision/5_UrbanScaling/data/model_evaldfs/unet_conus_model/Evaldf_0.001.csv",2.42853693107422,3.06913108089765
"unet_conus_model","1","U-Net baseline","MSASample","CONUS Model",0.001,60,7,10,1155,845.764852427467,1031476.2836891,2208426.54043115,1603570.44156337,3041430.33450145,-0.330623710895047,1109.84690137856,4906835.70819768,3742671.2992855,2708137.83234758,5172406.03014391,0.11761983027071,"/Users/9oy/Documents/Projects/IM3/EvaluationP/Script/Revision/5_UrbanScaling/data/model_evaldfs/unet_conus_model/Evaldf_0.001.csv",2.42853693107422,3.06913108089765
"unet_conus_model","1","U-Net baseline","MSASample","CONUS Model",0.001,61,7,11,1226,818.136741127067,1110236.04556312,2070533.45061532,1504085.84410636,2850308.56909908,-0.270666927883493,655.994553274368,1453492.31057747,1348535.49462251,982392.460978863,1851142.03588733,0.0325503566144324,"/Users/9oy/Documents/Projects/IM3/EvaluationP/Script/Revision/5_UrbanScaling/data/model_evaldfs/unet_conus_model/Evaldf_0.001.csv",2.42853693107422,3.06913108089765
"unet_conus_model","1","U-Net baseline","MSASample","CONUS Model",0.001,62,7,12,2081,572.643532400485,633825.877235383,1035846.13200658,755920.300871473,1419431.662248,-0.213325282493441,792.044902540006,2553495.8108499,1944269.31642137,1412952.67950271,2675378.46781116,0.118378727320311,"/Users/9oy/Documents/Projects/IM3/EvaluationP/Script/Revision/5_UrbanScaling/data/model_evaldfs/unet_conus_model/Evaldf_0.001.csv",2.42853693107422,3.06913108089765
"unet_conus_model","1","U-Net baseline","MSASample","CONUS Model",0.001,63,7,13,2157,319.986481229597,514693.056655387,334678.65126781,246068.286886257,455198.030724765,0.186920299402986,255.966596164736,439550.930781802,216981.561305101,159991.116490936,294272.575746833,0.30658637417387,"/Users/9oy/Documents/Projects/IM3/EvaluationP/Script/Revision/5_UrbanScaling/data/model_evaldfs/unet_conus_model/Evaldf_0.001.csv",2.42853693107422,3.06913108089765
"unet_conus_model","1","U-Net baseline","MSASample","CONUS Model",0.001,64,7,14,2805,885.796889400127,1054110.80711261,2415866.33560927,1753153.64851517,3329092.20847432,-0.36018663619393,724.231158505416,1545285.25060957,1634155.1981685,1188950.72005517,2246067.19745057,-0.0242846403733731,"/Users/9oy/Documents/Projects/IM3/EvaluationP/Script/Revision/5_UrbanScaling/data/model_evaldfs/unet_conus_model/Evaldf_0.001.csv",2.42853693107422,3.06913108089765
"unet_conus_model","1","U-Net baseline","MSASample","CONUS Model",0.001,65,7,15,3917,1053.81925362604,2005293.39779097,3384609.06521615,2450679.89411497,4674449.14036004,-0.227330589360929,1155.25252711303,4779601.99271333,4045638.63135385,2925852.75204905,5593990.30728401,0.0724046458491493,"/Users/9oy/Documents/Projects/IM3/EvaluationP/Script/Revision/5_UrbanScaling/data/model_evaldfs/unet_conus_model/Evaldf_0.001.csv",2.42853693107422,3.06913108089765
"unet_conus_model","1","U-Net baseline","MSASample","CONUS Model",0.001,66,7,16,3141,763.366110629052,1211509.50406972,1809934.52533734,1315951.28888402,2489349.73025192,-0.174336039035591,1229.96104597647,7213943.35294946,4568969.7683616,3301673.04796849,6322698.95925853,0.198354443268808,"/Users/9oy/Documents/Projects/IM3/EvaluationP/Script/Revision/5_UrbanScaling/data/model_evaldfs/unet_conus_model/Evaldf_0.001.csv",2.42853693107422,3.06913108089765
"unet_conus_model","1","U-Net baseline","MSASample","CONUS Model",0.001,67,8,5,180,440.485616053017,397183.469244002,622414.565733855,455747.557010545,850031.746036765,-0.195088582566775,1244.22591636228,1770535.18860355,4672400.49397937,3375915.04981642,6466787.83499777,-0.421435498583696,"/Users/9oy/Documents/Projects/IM3/EvaluationP/Script/Revision/5_UrbanScaling/data/model_evaldfs/unet_conus_model/Evaldf_0.001.csv",2.42853693107422,3.06913108089765
"unet_conus_model","1","U-Net baseline","MSASample","CONUS Model",0.001,68,8,6,1595,873.232554422459,1200344.55360314,2349787.90990273,1705514.60435541,3237441.18486272,-0.291722738689895,1195.48231173973,5477007.77771436,4323612.85040426,3125512.24516207,5980980.59257855,0.102696558697917,"/Users/9oy/Documents/Projects/IM3/EvaluationP/Script/Revision/5_UrbanScaling/data/model_evaldfs/unet_conus_model/Evaldf_0.001.csv",2.42853693107422,3.06913108089765
"unet_conus_model","1","U-Net baseline","MSASample","CONUS Model",0.001,69,8,7,2014,961.699486986662,1307989.13209898,2833917.74703977,2054355.72800173,3909298.51511101,-0.335783105416887,928.312433080921,7649795.89366982,2646047.70595034,1919036.35277941,3648481.41205059,0.461052177900682,"/Users/9oy/Documents/Projects/IM3/EvaluationP/Script/Revision/5_UrbanScaling/data/model_evaldfs/unet_conus_model/Evaldf_0.001.csv",2.42853693107422,3.06913108089765
"unet_conus_model","1","U-Net baseline","MSASample","CONUS Model",0.001,70,8,8,1604,930.66505283898,910446.873350268,2659081.29802954,1928426.21451944,3666571.88970669,-0.465477006738478,946.876299027523,10406212.2773141,2749736.04161591,1993728.76030616,3792415.72329049,0.57800167473335,"/Users/9oy/Documents/Projects/IM3/EvaluationP/Script/Revision/5_UrbanScaling/data/model_evaldfs/unet_conus_model/Evaldf_0.001.csv",2.42853693107422,3.06913108089765
"unet_conus_model","1","U-Net baseline","MSASample","CONUS Model",0.001,71,8,9,1141,804.068766022516,807445.08134798,2001976.89623684,1454608.76257439,2755319.22822522,-0.394346067887222,844.450768536356,3342836.78021573,2201770.28594474,1598769.17359882,3032202.81709387,0.181343165538517,"/Users/9oy/Documents/Projects/IM3/EvaluationP/Script/Revision/5_UrbanScaling/data/model_evaldfs/unet_conus_model/Evaldf_0.001.csv",2.42853693107422,3.06913108089765
"unet_conus_model","1","U-Net baseline","MSASample","CONUS Model",0.001,72,8,10,1749,1208.58345086087,1628398.02929643,4416069.39589944,3191901.55679704,6109733.8255535,-0.433275321333637,1909.30696942455,8171242.01270831,10729390.8508537,7709699.48477834,14931817.8040103,-0.118286992626641,"/Users/9oy/Documents/Projects/IM3/EvaluationP/Script/Revision/5_UrbanScaling/data/model_evaldfs/unet_conus_model/Evaldf_0.001.csv",2.42853693107422,3.06913108089765
"unet_conus_model","1","U-Net baseline","MSASample","CONUS Model",0.001,73,8,11,1656,845.295054675935,856471.099464864,2206045.74592359,1601853.14558209,3038129.83514112,-0.410901801165268,978.77751534797,1770610.36496054,2932429.99363894,2125288.32441319,4046107.80044048,-0.21910465072734,"/Users/9oy/Documents/Projects/IM3/EvaluationP/Script/Revision/5_UrbanScaling/data/model_evaldfs/unet_conus_model/Evaldf_0.001.csv",2.42853693107422,3.06913108089765
"unet_conus_model","1","U-Net baseline","MSASample","CONUS Model",0.001,74,8,12,1418,642.240811473393,563530.48819995,1294189.7344745,943058.868205251,1776057.81069293,-0.361080533397383,936.440919742935,1880688.50229895,2691211.47580185,1951572.63583312,3711170.71150967,-0.155630956548689,"/Users/9oy/Documents/Projects/IM3/EvaluationP/Script/Revision/5_UrbanScaling/data/model_evaldfs/unet_conus_model/Evaldf_0.001.csv",2.42853693107422,3.06913108089765
"unet_conus_model","1","U-Net baseline","MSASample","CONUS Model",0.001,75,8,13,180,109.317760178596,69099.9769304886,41603.4452676492,31013.3626822226,55809.7061538717,0.22034860543857,592.693337638552,538871.484006976,1107411.96381441,807789.080407869,1518170.13542704,-0.312824008842993,"/Users/9oy/Documents/Projects/IM3/EvaluationP/Script/Revision/5_UrbanScaling/data/model_evaldfs/unet_conus_model/Evaldf_0.001.csv",2.42853693107422,3.06913108089765
"unet_conus_model","1","U-Net baseline","MSASample","CONUS Model",0.001,76,8,14,4417,621.572788626859,747389.479896707,1214563.19709184,885408.03701606,1666083.54347159,-0.210873136760249,1216.17159755223,4068648.38380041,4470053.69319648,3230661.23518302,6184919.60792899,-0.0408625804419245,"/Users/9oy/Documents/Projects/IM3/EvaluationP/Script/Revision/5_UrbanScaling/data/model_evaldfs/unet_conus_model/Evaldf_0.001.csv",2.42853693107422,3.06913108089765
"unet_conus_model","1","U-Net baseline","MSASample","CONUS Model",0.001,77,8,15,2931,349.996084476553,392898.725739394,398295.671076234,292504.872544482,542348.03071167,-0.00592496595630472,788.600225938371,809308.014211478,1927887.71544455,1401126.17812614,2652688.31700281,-0.376967894971413,"/Users/9oy/Documents/Projects/IM3/EvaluationP/Script/Revision/5_UrbanScaling/data/model_evaldfs/unet_conus_model/Evaldf_0.001.csv",2.42853693107422,3.06913108089765
"unet_conus_model","1","U-Net baseline","MSASample","CONUS Model",0.001,78,8,16,35,92.7912053420266,31770.680453684,30264.9830884698,22608.6395016206,40514.1229873523,0.0210860809263576,305.374695354039,236294.989904333,305648.663041884,224859.319892721,415464.679266407,-0.111767986946383,"/Users/9oy/Documents/Projects/IM3/EvaluationP/Script/Revision/5_UrbanScaling/data/model_evaldfs/unet_conus_model/Evaldf_0.001.csv",2.42853693107422,3.06913108089765
"unet_conus_model","1","U-Net baseline","MSASample","CONUS Model",0.001,79,9,5,861,537.524620434251,831184.415215775,916087.288365734,669068.685051941,1254304.58584403,-0.0422394653456371,522.963589678479,1610113.25376242,868526.80653533,634556.48632796,1188765.42896229,0.26807319773064,"/Users/9oy/Documents/Projects/IM3/EvaluationP/Script/Revision/5_UrbanScaling/data/model_evaldfs/unet_conus_model/Evaldf_0.001.csv",2.42853693107422,3.06913108089765
"unet_conus_model","1","U-Net baseline","MSASample","CONUS Model",0.001,80,9,6,1697,563.389601798324,671237.441605002,1003597.48076925,732539.782771401,1374953.17946533,-0.174683389047886,787.79014517315,3831196.41517572,1924045.0343419,1398351.90426909,2647366.0048475,0.299119184718498,"/Users/9oy/Documents/Projects/IM3/EvaluationP/Script/Revision/5_UrbanScaling/data/model_evaldfs/unet_conus_model/Evaldf_0.001.csv",2.42853693107422,3.06913108089765
"unet_conus_model","1","U-Net baseline","MSASample","CONUS Model",0.001,81,9,7,2248,864.000121314495,1432729.51767447,2301799.18343418,1670911.73144743,3170891.30511318,-0.205903223168105,597.335393158405,4586798.08781329,1124311.64063128,820034.169707593,1541492.67427448,0.610622915600731,"/Users/9oy/Documents/Projects/IM3/EvaluationP/Script/Revision/5_UrbanScaling/data/model_evaldfs/unet_conus_model/Evaldf_0.001.csv",2.42853693107422,3.06913108089765
"unet_conus_model","1","U-Net baseline","MSASample","CONUS Model",0.001,82,9,8,1464,730.661267336926,848984.737447485,1662438.90300073,1209391.55967406,2285201.2519048,-0.291845810505989,1163.00822556604,7105420.11457003,4098530.89560854,2963850.28846924,5667612.6886738,0.238961547847324,"/Users/9oy/Documents/Projects/IM3/EvaluationP/Script/Revision/5_UrbanScaling/data/model_evaldfs/unet_conus_model/Evaldf_0.001.csv",2.42853693107422,3.06913108089765
"unet_conus_model","1","U-Net baseline","MSASample","CONUS Model",0.001,83,9,9,1423,634.478841838853,680353.798339206,1263998.19664449,921202.576401754,1734354.07373823,-0.269011640588003,767.090833342516,1898132.83409414,1827118.00996751,1328361.84368034,2513140.70652499,0.0165600032268059,"/Users/9oy/Documents/Projects/IM3/EvaluationP/Script/Revision/5_UrbanScaling/data/model_evaldfs/unet_conus_model/Evaldf_0.001.csv",2.42853693107422,3.06913108089765
"unet_conus_model","1","U-Net baseline","MSASample","CONUS Model",0.001,84,9,10,1692,922.094729995967,851214.536565507,2611750.92894685,1894326.27258894,3600880.70020391,-0.486892726194989,957.598877366374,2446849.68883005,2810507.01471514,2037496.72390109,3876791.35239997,-0.0601773823320428,"/Users/9oy/Documents/Projects/IM3/EvaluationP/Script/Revision/5_UrbanScaling/data/model_evaldfs/unet_conus_model/Evaldf_0.001.csv",2.42853693107422,3.06913108089765
"unet_conus_model","1","U-Net baseline","MSASample","CONUS Model",0.001,85,9,11,1663,1003.04397509368,1365754.6943535,3075213.2030139,2228069.85851119,4244452.30380263,-0.352502528637063,1255.1810252176,7194605.82769646,4752594.95675978,3433470.69359092,6578520.9307832,0.180076202326128,"/Users/9oy/Documents/Projects/IM3/EvaluationP/Script/Revision/5_UrbanScaling/data/model_evaldfs/unet_conus_model/Evaldf_0.001.csv",2.42853693107422,3.06913108089765
"unet_conus_model","1","U-Net baseline","MSASample","CONUS Model",0.001,86,9,12,2144,822.689108917519,955037.723809403,2092957.84047703,1520267.0956492,2881383.49803834,-0.340739953737931,803.426761161533,1377410.66346724,1998874.96506018,1452369.84486769,2751021.81449406,-0.161722187864502,"/Users/9oy/Documents/Projects/IM3/EvaluationP/Script/Revision/5_UrbanScaling/data/model_evaldfs/unet_conus_model/Evaldf_0.001.csv",2.42853693107422,3.06913108089765
"unet_conus_model","1","U-Net baseline","MSASample","CONUS Model",0.001,87,9,13,1169,576.746053966901,382744.845993624,1050301.01746853,766398.630668103,1439371.34430133,-0.438404434962593,678.42266324901,581185.791516377,1439479.51476671,1048191.35609349,1976834.9179634,-0.393890500429934,"/Users/9oy/Documents/Projects/IM3/EvaluationP/Script/Revision/5_UrbanScaling/data/model_evaldfs/unet_conus_model/Evaldf_0.001.csv",2.42853693107422,3.06913108089765
"unet_conus_model","1","U-Net baseline","MSASample","CONUS Model",0.001,88,9,14,89,53.9196870567738,21343.1536892095,10550.2350175398,7936.4211610319,14024.8931687051,0.305996457581554,483.14763940328,389491.767438766,744764.648601189,544688.129624864,1018333.88986844,-0.281520771443482,"/Users/9oy/Documents/Projects/IM3/EvaluationP/Script/Revision/5_UrbanScaling/data/model_evaldfs/unet_conus_model/Evaldf_0.001.csv",2.42853693107422,3.06913108089765
"unet_conus_model","1","U-Net baseline","MSASample","CONUS Model",0.001,89,10,5,11,160.97261792185,215821.99412147,88183.1436760116,65410.3109495577,118884.419225295,0.388710123850048,0,0,0,0,0,NA,"/Users/9oy/Documents/Projects/IM3/EvaluationP/Script/Revision/5_UrbanScaling/data/model_evaldfs/unet_conus_model/Evaldf_0.001.csv",2.42853693107422,3.06913108089765
"unet_conus_model","1","U-Net baseline","MSASample","CONUS Model",0.001,90,10,6,540,293.393168363448,595639.410958209,282798.367887868,208155.837457867,384206.937728709,0.323506526781157,392.633466133176,678205.569726434,497878.042451059,365097.756239843,678948.421123842,0.134238378748734,"/Users/9oy/Documents/Projects/IM3/EvaluationP/Script/Revision/5_UrbanScaling/data/model_evaldfs/unet_conus_model/Evaldf_0.001.csv",2.42853693107422,3.06913108089765
"unet_conus_model","1","U-Net baseline","MSASample","CONUS Model",0.001,91,10,7,2166,344.107069248612,951187.070257129,385388.762401755,283087.853703593,524658.674833391,0.392366891310578,65.9979350819489,244861.16653676,15619.7714371839,11719.5134518941,20818.0365807281,1.19524523958022,"/Users/9oy/Documents/Projects/IM3/EvaluationP/Script/Revision/5_UrbanScaling/data/model_evaldfs/unet_conus_model/Evaldf_0.001.csv",2.42853693107422,3.06913108089765
"unet_conus_model","1","U-Net baseline","MSASample","CONUS Model",0.001,92,10,8,310,362.754781735196,387466.452997016,426965.341721332,313415.439059972,581654.189015019,-0.0421585161677556,422.343926117569,857660.806415707,573615.783010418,420242.85052389,782964.103038202,0.174694471624493,"/Users/9oy/Documents/Projects/IM3/EvaluationP/Script/Revision/5_UrbanScaling/data/model_evaldfs/unet_conus_model/Evaldf_0.001.csv",2.42853693107422,3.06913108089765
"unet_conus_model","1","U-Net baseline","MSASample","CONUS Model",0.001,93,10,9,1581,537.403807690992,890085.681348235,915687.623008026,668778.718711684,1253753.74465462,-0.0123155293637863,557.114142758181,1693581.74777007,982009.888885921,716885.845389827,1345184.07368659,0.236690303341977,"/Users/9oy/Documents/Projects/IM3/EvaluationP/Script/Revision/5_UrbanScaling/data/model_evaldfs/unet_conus_model/Evaldf_0.001.csv",2.42853693107422,3.06913108089765
"unet_conus_model","1","U-Net baseline","MSASample","CONUS Model",0.001,94,10,10,1043,992.972822705663,969889.164065246,3015555.28791697,2185129.43631922,4161572.09881436,-0.492645188068345,989.426300230363,1500713.71006978,2994681.88988178,2170103.91310894,4132576.12569253,-0.3000528460982,"/Users/9oy/Documents/Projects/IM3/EvaluationP/Script/Revision/5_UrbanScaling/data/model_evaldfs/unet_conus_model/Evaldf_0.001.csv",2.42853693107422,3.06913108089765
"unet_conus_model","1","U-Net baseline","MSASample","CONUS Model",0.001,95,10,11,2489,955.03854606586,1219253.57182084,2795937.6188636,2027004.25095673,3856561.80291038,-0.360433440949157,1029.82299084122,5302846.27341038,3236597.50207388,2344203.31175646,4468709.40668613,0.214420342728336,"/Users/9oy/Documents/Projects/IM3/EvaluationP/Script/Revision/5_UrbanScaling/data/model_evaldfs/unet_conus_model/Evaldf_0.001.csv",2.42853693107422,3.06913108089765
"unet_conus_model","1","U-Net baseline","MSASample","CONUS Model",0.001,96,10,12,1490,852.876234698002,825176.901332759,2244616.95178438,1629673.5238162,3091604.04621388,-0.434595175936627,550.153533001823,879606.67503288,958331.713744386,699713.330180622,1312537.05475524,-0.0372273439322629,"/Users/9oy/Documents/Projects/IM3/EvaluationP/Script/Revision/5_UrbanScaling/data/model_evaldfs/unet_conus_model/Evaldf_0.001.csv",2.42853693107422,3.06913108089765
"unet_conus_model","1","U-Net baseline","MSASample","CONUS Model",0.001,97,10,13,323,316.394566626415,347635.363226431,327424.066247078,240769.356759225,445266.459988016,0.0260133509933839,288.264149193542,303228.778749071,273279.985250615,201195.338396449,371191.255889926,0.0451625912416359,"/Users/9oy/Documents/Projects/IM3/EvaluationP/Script/Revision/5_UrbanScaling/data/model_evaldfs/unet_conus_model/Evaldf_0.001.csv",2.42853693107422,3.06913108089765
"unet_conus_model","1","U-Net baseline","MSASample","CONUS Model",0.001,98,11,9,1483,517.655326013459,592502.05432467,851494.425791333,622193.955428841,1165300.22644464,-0.157491948778181,723.861362016473,1292791.54934371,1632535.75502897,1187780.26621617,2243826.62959899,-0.101334197199452,"/Users/9oy/Documents/Projects/IM3/EvaluationP/Script/Revision/5_UrbanScaling/data/model_evaldfs/unet_conus_model/Evaldf_0.001.csv",2.42853693107422,3.06913108089765
"unet_conus_model","1","U-Net baseline","MSASample","CONUS Model",0.001,99,11,10,1600,890.454510976399,999267.847164565,2440587.41763612,1770974.00990462,3363384.73055545,-0.38781245434566,848.991217894146,1925273.24509007,2224810.43194923,1615388.00988572,3064143.98758619,-0.0628006366135237,"/Users/9oy/Documents/Projects/IM3/EvaluationP/Script/Revision/5_UrbanScaling/data/model_evaldfs/unet_conus_model/Evaldf_0.001.csv",2.42853693107422,3.06913108089765
"unet_conus_model","1","U-Net baseline","MSASample","CONUS Model",0.001,100,11,11,2218,814.577099302901,1076069.002484,2053080.7133195,1491491.29343842,2826124.72090744,-0.280565902064024,934.015168190648,5985965.28678542,2677694.63671249,1941835.3958356,3692408.00886394,0.349373145273413,"/Users/9oy/Documents/Projects/IM3/EvaluationP/Script/Revision/5_UrbanScaling/data/model_evaldfs/unet_conus_model/Evaldf_0.001.csv",2.42853693107422,3.06913108089765
"unet_conus_model","1","U-Net baseline","MSASample","CONUS Model",0.001,101,11,12,4341,663.370219574726,777717.849788718,1378125.57981515,1003804.30943698,1892032.23764409,-0.248466727089633,956.38611475605,1304734.19120053,2803601.29250715,2032523.46016503,3867202.69723703,-0.332194208094181,"/Users/9oy/Documents/Projects/IM3/EvaluationP/Script/Revision/5_UrbanScaling/data/model_evaldfs/unet_conus_model/Evaldf_0.001.csv",2.42853693107422,3.06913108089765
"unet_conus_model","1","U-Net baseline","MSASample","CONUS Model",0.001,102,11,13,855,406.203710422935,494477.442368578,531826.301251079,389822.083418759,725559.753367204,-0.0316233271336561,1039.40080721279,1207289.01423203,3295289.69524865,2386429.08640227,4550285.71244187,-0.436082351498042,"/Users/9oy/Documents/Projects/IM3/EvaluationP/Script/Revision/5_UrbanScaling/data/model_evaldfs/unet_conus_model/Evaldf_0.001.csv",2.42853693107422,3.06913108089765
"unet_conus_model","1","U-Net baseline","MSASample","CONUS Model",0.001,103,12,9,156,556.879752022058,397647.277026547,981207.994222402,716304.319239858,1344078.35059217,-0.392263065011876,2165.45513946649,14098777.8418376,13699737.5852217,9828161.73001036,19096430.7527466,0.0124692188547669,"/Users/9oy/Documents/Projects/IM3/EvaluationP/Script/Revision/5_UrbanScaling/data/model_evaldfs/unet_conus_model/Evaldf_0.001.csv",2.42853693107422,3.06913108089765
"unet_conus_model","1","U-Net baseline","MSASample","CONUS Model",0.001,104,12,10,1485,575.724793620792,664646.222533513,1046693.61388753,763783.717847413,1434394.9677804,-0.197229033633328,994.441513579448,2088964.40383936,3024219.99222827,2191366.44145338,4173608.93567729,-0.160682340439566,"/Users/9oy/Documents/Projects/IM3/EvaluationP/Script/Revision/5_UrbanScaling/data/model_evaldfs/unet_conus_model/Evaldf_0.001.csv",2.42853693107422,3.06913108089765
"unet_conus_model","1","U-Net baseline","MSASample","CONUS Model",0.001,105,12,11,2575,783.242672885952,744797.495425306,1902542.76313365,1382827.37978502,2617585.54861342,-0.407296219568391,1067.68940591525,3583007.32768692,3471624.46064977,2513262.57324267,4795430.65817906,0.0137149566589502,"/Users/9oy/Documents/Projects/IM3/EvaluationP/Script/Revision/5_UrbanScaling/data/model_evaldfs/unet_conus_model/Evaldf_0.001.csv",2.42853693107422,3.06913108089765
"unet_conus_model","1","U-Net baseline","MSASample","CONUS Model",0.001,106,12,12,5417,678.655000936441,579796.441875436,1440436.67799334,1048883.72370296,1978158.08980565,-0.395218625500438,982.226450640545,2295147.61792145,2952522.75017013,2139753.92633128,4074015.4664507,-0.109382629219541,"/Users/9oy/Documents/Projects/IM3/EvaluationP/Script/Revision/5_UrbanScaling/data/model_evaldfs/unet_conus_model/Evaldf_0.001.csv",2.42853693107422,3.06913108089765
"unet_conus_model","1","U-Net baseline","MSASample","CONUS Model",0.001,107,12,13,1890,451.932008467562,478901.855157594,654196.80372479,478861.473051446,893731.239802107,-0.135461898513283,1137.45602827051,1321323.88637679,3925529.84829224,2839554.92875699,5426830.95641995,-0.472888997857899,"/Users/9oy/Documents/Projects/IM3/EvaluationP/Script/Revision/5_UrbanScaling/data/model_evaldfs/unet_conus_model/Evaldf_0.001.csv",2.42853693107422,3.06913108089765
"single_latent_los_angeles_model","2A","single-latent cGAN","LALegacy","Los Angeles Model",1e-04,1,1,4,376,485.770023072548,561929.889041613,752632.10814821,550403.769492369,1029162.81030934,-0.126900609053672,673.284322352117,776669.807421671,1418389.92386548,1032935.34472159,1947682.38535336,-0.261559214866573,"/Users/9oy/Documents/Projects/IM3/EvaluationP/Script/Revision/5_UrbanScaling/data/model_evaldfs/single_latent_los_angeles_model/Evaldf_0.0001.csv",2.21744653767504,3.06913108089765
"single_latent_los_angeles_model","2A","single-latent cGAN","LALegacy","Los Angeles Model",1e-04,2,1,5,2873,475.65855792099,316085.146327068,722517.31041538,528523.458295123,987716.355171462,-0.359044168909832,919.540035845735,1253510.86855836,2597722.15738253,1884218.23128624,3581411.2690915,-0.31646459485402,"/Users/9oy/Documents/Projects/IM3/EvaluationP/Script/Revision/5_UrbanScaling/data/model_evaldfs/single_latent_los_angeles_model/Evaldf_0.0001.csv",2.21744653767504,3.06913108089765
"single_latent_los_angeles_model","2A","single-latent cGAN","LALegacy","Los Angeles Model",1e-04,3,1,6,1631,337.616396481537,290146.635127132,371402.158963149,272880.71889878,505493.991071074,-0.107226885614456,382.277176224914,608163.144087705,472701.090539566,346754.354811977,644393.698006926,0.109433493246531,"/Users/9oy/Documents/Projects/IM3/EvaluationP/Script/Revision/5_UrbanScaling/data/model_evaldfs/single_latent_los_angeles_model/Evaldf_0.0001.csv",2.21744653767504,3.06913108089765
"single_latent_los_angeles_model","2A","single-latent cGAN","LALegacy","Los Angeles Model",1e-04,4,1,7,540,486.878867368032,437324.471080316,755970.828975046,552829.200952681,1033758.5157882,-0.237701257927887,820.132858823158,1685056.64388418,2080351.65564922,1511170.72044647,2863914.01885011,-0.0915222484036353,"/Users/9oy/Documents/Projects/IM3/EvaluationP/Script/Revision/5_UrbanScaling/data/model_evaldfs/single_latent_los_angeles_model/Evaldf_0.0001.csv",2.21744653767504,3.06913108089765
"single_latent_los_angeles_model","2A","single-latent cGAN","LALegacy","Los Angeles Model",1e-04,5,2,3,348,277.563872581973,147728.080909326,253931.657196761,187041.49562775,344743.214922874,-0.235253790874487,583.114429750892,488822.873437225,1072931.80534022,782801.751128536,1470592.85093704,-0.341420599838488,"/Users/9oy/Documents/Projects/IM3/EvaluationP/Script/Revision/5_UrbanScaling/data/model_evaldfs/single_latent_los_angeles_model/Evaldf_0.0001.csv",2.21744653767504,3.06913108089765
"single_latent_los_angeles_model","2A","single-latent cGAN","LALegacy","Los Angeles Model",1e-04,6,2,4,1396,688.998984852799,663383.034773545,1483363.38288343,1079931.81687178,2037505.41590038,-0.349483193399134,1088.67011100457,3302729.19463101,3605282.68065437,2609371.29047683,4981300.76576843,-0.0380663568426028,"/Users/9oy/Documents/Projects/IM3/EvaluationP/Script/Revision/5_UrbanScaling/data/model_evaldfs/single_latent_los_angeles_model/Evaldf_0.0001.csv",2.21744653767504,3.06913108089765
"single_latent_los_angeles_model","2A","single-latent cGAN","LALegacy","Los Angeles Model",1e-04,7,2,5,1481,841.639598609503,801966.158659126,2187563.52884981,1588521.27985782,3012508.7107314,-0.43580463186034,1117.40056776099,2449083.63757663,3792279.82981508,2743794.69148165,5241422.16335305,-0.189896759372848,"/Users/9oy/Documents/Projects/IM3/EvaluationP/Script/Revision/5_UrbanScaling/data/model_evaldfs/single_latent_los_angeles_model/Evaldf_0.0001.csv",2.21744653767504,3.06913108089765
"single_latent_los_angeles_model","2A","single-latent cGAN","LALegacy","Los Angeles Model",1e-04,8,2,6,1384,665.588840488536,588424.562153823,1387087.2747856,1010288.52886839,1904417.45392002,-0.372412994653972,816.481194901174,1445455.32557506,2062407.48376139,1498221.92901256,2839048.43915773,-0.154369802362713,"/Users/9oy/Documents/Projects/IM3/EvaluationP/Script/Revision/5_UrbanScaling/data/model_evaldfs/single_latent_los_angeles_model/Evaldf_0.0001.csv",2.21744653767504,3.06913108089765
"single_latent_los_angeles_model","2A","single-latent cGAN","LALegacy","Los Angeles Model",1e-04,9,2,7,2309,334.095037416993,435106.304806774,363919.002472775,267418.626911328,495242.391640482,0.0775906429893184,391.641129620083,866225.085654845,495438.159967142,363320.382495047,675599.229159609,0.242641302575761,"/Users/9oy/Documents/Projects/IM3/EvaluationP/Script/Revision/5_UrbanScaling/data/model_evaldfs/single_latent_los_angeles_model/Evaldf_0.0001.csv",2.21744653767504,3.06913108089765
"single_latent_los_angeles_model","2A","single-latent cGAN","LALegacy","Los Angeles Model",1e-04,10,2,8,427,376.868736940672,275656.881610864,459804.672881896,337355.810757697,626698.371458847,-0.222204541728517,714.296708224943,1037885.38753054,1590919.99554161,1157699.78488831,2186254.55861023,-0.185498942791545,"/Users/9oy/Documents/Projects/IM3/EvaluationP/Script/Revision/5_UrbanScaling/data/model_evaldfs/single_latent_los_angeles_model/Evaldf_0.0001.csv",2.21744653767504,3.06913108089765
"single_latent_los_angeles_model","2A","single-latent cGAN","LALegacy","Los Angeles Model",1e-04,11,3,3,527,323.797538902808,162967.029091245,342460.094534482,251751.203003848,465852.456509509,-0.322510223849327,748.711936674946,967507.682325204,1743094.06972155,1267669.12896712,2396821.74667618,-0.255666403209717,"/Users/9oy/Documents/Projects/IM3/EvaluationP/Script/Revision/5_UrbanScaling/data/model_evaldfs/single_latent_los_angeles_model/Evaldf_0.0001.csv",2.21744653767504,3.06913108089765
"single_latent_los_angeles_model","2A","single-latent cGAN","LALegacy","Los Angeles Model",1e-04,12,3,4,702,718.204185586233,1469027.06855376,1607858.4568336,1169943.7738946,2209686.37544477,-0.0392180159859371,1298.66393956768,7280178.78945513,5077422.95427707,3666535.42661807,7031221.80941227,0.156498702951587,"/Users/9oy/Documents/Projects/IM3/EvaluationP/Script/Revision/5_UrbanScaling/data/model_evaldfs/single_latent_los_angeles_model/Evaldf_0.0001.csv",2.21744653767504,3.06913108089765
"single_latent_los_angeles_model","2A","single-latent cGAN","LALegacy","Los Angeles Model",1e-04,13,3,5,1135,580.308774628363,410767.081249491,1062932.74593963,775554.574302331,1456797.57405483,-0.412910154548275,896.596957145314,1312205.57855719,2473376.0037758,1794608.04622819,3408871.85305538,-0.275288263296267,"/Users/9oy/Documents/Projects/IM3/EvaluationP/Script/Revision/5_UrbanScaling/data/model_evaldfs/single_latent_los_angeles_model/Evaldf_0.0001.csv",2.21744653767504,3.06913108089765
"single_latent_los_angeles_model","2A","single-latent cGAN","LALegacy","Los Angeles Model",1e-04,14,3,6,1243,897.542990469203,794297.031263024,2478444.81521689,1798261.46342017,3415904.0979461,-0.494196314046588,1255.7773463723,2394884.38474863,4756979.18300034,3436617.07075511,6584629.73371849,-0.298046698619346,"/Users/9oy/Documents/Projects/IM3/EvaluationP/Script/Revision/5_UrbanScaling/data/model_evaldfs/single_latent_los_angeles_model/Evaldf_0.0001.csv",2.21744653767504,3.06913108089765
"single_latent_los_angeles_model","2A","single-latent cGAN","LALegacy","Los Angeles Model",1e-04,15,3,7,1433,676.224061387617,687270.024254311,1430437.19243701,1041650.40770982,1964335.19956637,-0.318341391304675,872.297067332883,2967360.04739782,2344903.53803191,1701992.88215146,3230667.21390981,0.102245263132542,"/Users/9oy/Documents/Projects/IM3/EvaluationP/Script/Revision/5_UrbanScaling/data/model_evaldfs/single_latent_los_angeles_model/Evaldf_0.0001.csv",2.21744653767504,3.06913108089765
"single_latent_los_angeles_model","2A","single-latent cGAN","LALegacy","Los Angeles Model",1e-04,16,3,8,487,611.273428812793,536106.500333686,1175799.22146931,857333.369661107,1612562.69513262,-0.341082095182068,774.987524175917,1375231.96846462,1863808.60891756,1354858.58947204,2563944.7228429,-0.132025354055256,"/Users/9oy/Documents/Projects/IM3/EvaluationP/Script/Revision/5_UrbanScaling/data/model_evaldfs/single_latent_los_angeles_model/Evaldf_0.0001.csv",2.21744653767504,3.06913108089765
"single_latent_los_angeles_model","2A","single-latent cGAN","LALegacy","Los Angeles Model",1e-04,17,3,9,431,393.573257154174,236117.115587616,500194.088027607,366784.865563579,682127.724417791,-0.326011085113696,610.900175449458,638713.709103656,1174405.84728948,856324.110665345,1610639.09910945,-0.264511967114479,"/Users/9oy/Documents/Projects/IM3/EvaluationP/Script/Revision/5_UrbanScaling/data/model_evaldfs/single_latent_los_angeles_model/Evaldf_0.0001.csv",2.21744653767504,3.06913108089765
"single_latent_los_angeles_model","2A","single-latent cGAN","LALegacy","Los Angeles Model",1e-04,18,3,10,15,283.934770783373,108347.895856817,265368.604187771,195408.771131395,360375.308031668,-0.389029058470817,258.818089714603,85810.7424537562,221698.646556791,163445.99164498,300712.727124395,-0.412221382206662,"/Users/9oy/Documents/Projects/IM3/EvaluationP/Script/Revision/5_UrbanScaling/data/model_evaldfs/single_latent_los_angeles_model/Evaldf_0.0001.csv",2.21744653767504,3.06913108089765
"single_latent_los_angeles_model","2A","single-latent cGAN","LALegacy","Los Angeles Model",1e-04,19,4,1,473,330.672492140801,198749.515525968,356716.627660718,262160.780749286,485376.767974026,-0.254017274924897,212.961918125678,245472.609263059,151827.239056222,112214.478096018,205423.675363093,0.208653344432248,"/Users/9oy/Documents/Projects/IM3/EvaluationP/Script/Revision/5_UrbanScaling/data/model_evaldfs/single_latent_los_angeles_model/Evaldf_0.0001.csv",2.21744653767504,3.06913108089765
"single_latent_los_angeles_model","2A","single-latent cGAN","LALegacy","Los Angeles Model",1e-04,20,4,2,320,390.149838964358,194960.526219288,491782.417483802,360657.186427967,670581.247920086,-0.401826309123662,327.102391751645,530926.127937993,349278.150543033,256729.838541717,475189.121528382,0.181862679622629,"/Users/9oy/Documents/Projects/IM3/EvaluationP/Script/Revision/5_UrbanScaling/data/model_evaldfs/single_latent_los_angeles_model/Evaldf_0.0001.csv",2.21744653767504,3.06913108089765
"single_latent_los_angeles_model","2A","single-latent cGAN","LALegacy","Los Angeles Model",1e-04,21,4,3,205,256.288051878728,193412.518085619,217510.869364425,160378.815464282,294995.184711318,-0.0509963850642768,206.671442565237,238371.35404411,143242.265694176,105910.167704249,193733.492505626,0.221182881725673,"/Users/9oy/Documents/Projects/IM3/EvaluationP/Script/Revision/5_UrbanScaling/data/model_evaldfs/single_latent_los_angeles_model/Evaldf_0.0001.csv",2.21744653767504,3.06913108089765
"single_latent_los_angeles_model","2A","single-latent cGAN","LALegacy","Los Angeles Model",1e-04,22,4,4,152,382.445707766094,423434.546432396,473105.732332559,347049.218595528,644948.963930073,-0.0481719225782725,635.537942798549,629591.243380593,1268097.39493246,924170.273477401,1740015.93557404,-0.304093931330306,"/Users/9oy/Documents/Projects/IM3/EvaluationP/Script/Revision/5_UrbanScaling/data/model_evaldfs/single_latent_los_angeles_model/Evaldf_0.0001.csv",2.21744653767504,3.06913108089765
"single_latent_los_angeles_model","2A","single-latent cGAN","LALegacy","Los Angeles Model",1e-04,23,4,5,951,350.961686010837,253491.414616409,400431.640711374,294063.102354697,545275.818689402,-0.198565131598792,653.161070196998,1517233.25313809,1337250.79172562,974225.858165118,1835549.39030137,0.0548394888559319,"/Users/9oy/Documents/Projects/IM3/EvaluationP/Script/Revision/5_UrbanScaling/data/model_evaldfs/single_latent_los_angeles_model/Evaldf_0.0001.csv",2.21744653767504,3.06913108089765
"single_latent_los_angeles_model","2A","single-latent cGAN","LALegacy","Los Angeles Model",1e-04,24,4,6,1767,502.310859197856,708062.476088388,803179.755013462,587116.931999289,1098755.09239149,-0.0547411736176726,909.228821760083,3567706.25197583,2541471.90571006,1843685.02842345,3503352.98488417,0.147303776199519,"/Users/9oy/Documents/Projects/IM3/EvaluationP/Script/Revision/5_UrbanScaling/data/model_evaldfs/single_latent_los_angeles_model/Evaldf_0.0001.csv",2.21744653767504,3.06913108089765
"single_latent_los_angeles_model","2A","single-latent cGAN","LALegacy","Los Angeles Model",1e-04,25,4,7,1023,927.530657900841,1903635.02419346,2641723.51944329,1915920.98799695,3642479.62045443,-0.142303676157711,1820.67345309369,10780574.6070688,9783620.28431818,7034401.66373083,13607301.7213742,0.0421423206693129,"/Users/9oy/Documents/Projects/IM3/EvaluationP/Script/Revision/5_UrbanScaling/data/model_evaldfs/single_latent_los_angeles_model/Evaldf_0.0001.csv",2.21744653767504,3.06913108089765
"single_latent_los_angeles_model","2A","single-latent cGAN","LALegacy","Los Angeles Model",1e-04,26,4,8,713,809.325797119288,1027199.04809706,2027464.66218104,1473004.50412611,2790631.62731576,-0.295298685121717,1421.17684778826,5989638.3714483,6048498.67269786,4362718.5142456,8385674.22449303,-0.0042469873294891,"/Users/9oy/Documents/Projects/IM3/EvaluationP/Script/Revision/5_UrbanScaling/data/model_evaldfs/single_latent_los_angeles_model/Evaldf_0.0001.csv",2.21744653767504,3.06913108089765
"single_latent_los_angeles_model","2A","single-latent cGAN","LALegacy","Los Angeles Model",1e-04,27,4,9,855,572.421258992172,555223.560768005,1035065.74458833,755354.571522996,1418355.21490265,-0.270500048873147,879.806135614649,2591752.48512071,2384248.89851585,1730360.24197177,3285236.60691389,0.0362419329645811,"/Users/9oy/Documents/Projects/IM3/EvaluationP/Script/Revision/5_UrbanScaling/data/model_evaldfs/single_latent_los_angeles_model/Evaldf_0.0001.csv",2.21744653767504,3.06913108089765
"single_latent_los_angeles_model","2A","single-latent cGAN","LALegacy","Los Angeles Model",1e-04,28,4,10,784,554.363557678959,266220.558599767,972619.630663178,710075.924430893,1332236.33333233,-0.562701440448098,758.082984722014,1172112.03772333,1785696.62233466,1298444.44217099,2455794.27463673,-0.182838550931053,"/Users/9oy/Documents/Projects/IM3/EvaluationP/Script/Revision/5_UrbanScaling/data/model_evaldfs/single_latent_los_angeles_model/Evaldf_0.0001.csv",2.21744653767504,3.06913108089765
"single_latent_los_angeles_model","2A","single-latent cGAN","LALegacy","Los Angeles Model",1e-04,29,4,11,184,450.416085437082,159489.017827652,649943.587442783,475768.722330433,887882.382828456,-0.61014487965686,512.875978477372,356728.374502348,836299.123907189,611163.442319268,1144368.55384189,-0.370023986931484,"/Users/9oy/Documents/Projects/IM3/EvaluationP/Script/Revision/5_UrbanScaling/data/model_evaldfs/single_latent_los_angeles_model/Evaldf_0.0001.csv",2.21744653767504,3.06913108089765
"single_latent_los_angeles_model","2A","single-latent cGAN","LALegacy","Los Angeles Model",1e-04,30,5,4,126,450.128739871132,314829.710748368,649138.900304669,475183.57440279,886775.836934909,-0.314261925084954,640.13877311343,1627828.24099768,1285979.37177063,937115.550609631,1764716.14791128,0.102374576551417,"/Users/9oy/Documents/Projects/IM3/EvaluationP/Script/Revision/5_UrbanScaling/data/model_evaldfs/single_latent_los_angeles_model/Evaldf_0.0001.csv",2.21744653767504,3.06913108089765
"single_latent_los_angeles_model","2A","single-latent cGAN","LALegacy","Los Angeles Model",1e-04,31,5,5,844,773.143872404719,559616.437281461,1855210.75315824,1348649.81254052,2552039.01459822,-0.520502790610365,1317.30296865282,3739732.93605641,5219847.22637173,3768693.62502469,7229774.4995077,-0.144817203106626,"/Users/9oy/Documents/Projects/IM3/EvaluationP/Script/Revision/5_UrbanScaling/data/model_evaldfs/single_latent_los_angeles_model/Evaldf_0.0001.csv",2.21744653767504,3.06913108089765
"single_latent_los_angeles_model","2A","single-latent cGAN","LALegacy","Los Angeles Model",1e-04,32,5,6,829,1042.50682318196,1190612.85196578,3314432.9499991,2400200.51479663,4576895.01869412,-0.444638671598502,2222.15039587044,14548170.1666346,14404620.708431,10330413.032276,20085653.6041179,0.00430654500264713,"/Users/9oy/Documents/Projects/IM3/EvaluationP/Script/Revision/5_UrbanScaling/data/model_evaldfs/single_latent_los_angeles_model/Evaldf_0.0001.csv",2.21744653767504,3.06913108089765
"single_latent_los_angeles_model","2A","single-latent cGAN","LALegacy","Los Angeles Model",1e-04,33,5,7,705,1126.53018641456,1067071.32839123,3852661.05078536,2787190.41916663,5325433.47959579,-0.557567351543386,1887.66308965929,5185850.92273785,10494534.7539303,7542046.02670868,14602835.7970011,-0.30614316212242,"/Users/9oy/Documents/Projects/IM3/EvaluationP/Script/Revision/5_UrbanScaling/data/model_evaldfs/single_latent_los_angeles_model/Evaldf_0.0001.csv",2.21744653767504,3.06913108089765
"single_latent_los_angeles_model","2A","single-latent cGAN","LALegacy","Los Angeles Model",1e-04,34,5,8,1213,880.012595720962,2493683.62183744,2385335.1738568,1731143.38450399,3286743.28341019,0.0192919406319488,2444.8747159892,39575884.8140339,17339350.2093309,12419833.7359809,24207495.2107302,0.358397815043498,"/Users/9oy/Documents/Projects/IM3/EvaluationP/Script/Revision/5_UrbanScaling/data/model_evaldfs/single_latent_los_angeles_model/Evaldf_0.0001.csv",2.21744653767504,3.06913108089765
"single_latent_los_angeles_model","2A","single-latent cGAN","LALegacy","Los Angeles Model",1e-04,35,5,9,967,757.690792991126,464724.983400769,1783903.64496145,1297149.32651234,2453312.158796,-0.58417537229238,1132.46179488706,1900084.45796615,3892139.16971136,2815560.73839382,5380366.01726563,-0.311415455181887,"/Users/9oy/Documents/Projects/IM3/EvaluationP/Script/Revision/5_UrbanScaling/data/model_evaldfs/single_latent_los_angeles_model/Evaldf_0.0001.csv",2.21744653767504,3.06913108089765
"single_latent_los_angeles_model","2A","single-latent cGAN","LALegacy","Los Angeles Model",1e-04,36,5,10,1355,765.002675959697,353487.501018565,1817474.89280785,1321397.31964282,2499789.37968467,-0.711094357921536,1023.95525762421,1215529.80873862,3200893.1335787,2318513.52767522,4419088.66620445,-0.420505561219109,"/Users/9oy/Documents/Projects/IM3/EvaluationP/Script/Revision/5_UrbanScaling/data/model_evaldfs/single_latent_los_angeles_model/Evaldf_0.0001.csv",2.21744653767504,3.06913108089765
"single_latent_los_angeles_model","2A","single-latent cGAN","LALegacy","Los Angeles Model",1e-04,37,5,11,3149,410.117278609454,655527.06938252,541818.349026328,397097.215909097,739282.75389576,0.0827369215766246,527.458914235081,2451388.1358492,883078.62220764,645117.288597722,1208815.61660708,0.443412708500555,"/Users/9oy/Documents/Projects/IM3/EvaluationP/Script/Revision/5_UrbanScaling/data/model_evaldfs/single_latent_los_angeles_model/Evaldf_0.0001.csv",2.21744653767504,3.06913108089765
"single_latent_los_angeles_model","2A","single-latent cGAN","LALegacy","Los Angeles Model",1e-04,38,5,12,2408,453.143803508369,477542.519600029,657606.403388114,481340.686962435,898420.169934236,-0.13895398695198,629.473575385321,1272769.37688923,1244712.64764082,907239.557048012,1707718.27921415,0.00968061506597652,"/Users/9oy/Documents/Projects/IM3/EvaluationP/Script/Revision/5_UrbanScaling/data/model_evaldfs/single_latent_los_angeles_model/Evaldf_0.0001.csv",2.21744653767504,3.06913108089765
"single_latent_los_angeles_model","2A","single-latent cGAN","LALegacy","Los Angeles Model",1e-04,39,5,13,627,530.460313711497,258814.382651686,892859.709940829,652215.145088687,1222293.69808213,-0.537794819006547,529.765267232991,245348.627639153,890590.0150762,650568.138290938,1219166.03084353,-0.559894188602199,"/Users/9oy/Documents/Projects/IM3/EvaluationP/Script/Revision/5_UrbanScaling/data/model_evaldfs/single_latent_los_angeles_model/Evaldf_0.0001.csv",2.21744653767504,3.06913108089765
"single_latent_los_angeles_model","2A","single-latent cGAN","LALegacy","Los Angeles Model",1e-04,40,5,14,372,302.408726888968,155262.535458282,299912.030666134,220666.664584387,407615.832267617,-0.285927213417313,389.763262602793,376776.019954145,490836.908872074,359968.365309771,669283.454682939,-0.114853958230867,"/Users/9oy/Documents/Projects/IM3/EvaluationP/Script/Revision/5_UrbanScaling/data/model_evaldfs/single_latent_los_angeles_model/Evaldf_0.0001.csv",2.21744653767504,3.06913108089765
"single_latent_los_angeles_model","2A","single-latent cGAN","LALegacy","Los Angeles Model",1e-04,41,5,15,221,389.118300089603,252561.441807953,489261.389971568,358820.550125565,667120.954006518,-0.287173896627329,464.215407895675,439048.294986287,689156.084555248,504277.351466182,941815.267924777,-0.195805299948753,"/Users/9oy/Documents/Projects/IM3/EvaluationP/Script/Revision/5_UrbanScaling/data/model_evaldfs/single_latent_los_angeles_model/Evaldf_0.0001.csv",2.21744653767504,3.06913108089765
"single_latent_los_angeles_model","2A","single-latent cGAN","LALegacy","Los Angeles Model",1e-04,42,5,16,74,501.95203557686,108591.607307356,802066.316140518,586308.400708546,1097221.82849468,-0.868414016599205,512.885626498752,173133.206799764,836329.664860772,611185.613808974,1144410.62178657,-0.683997128440116,"/Users/9oy/Documents/Projects/IM3/EvaluationP/Script/Revision/5_UrbanScaling/data/model_evaldfs/single_latent_los_angeles_model/Evaldf_0.0001.csv",2.21744653767504,3.06913108089765
"single_latent_los_angeles_model","2A","single-latent cGAN","LALegacy","Los Angeles Model",1e-04,43,6,5,1020,626.994672398647,819010.848985469,1235214.55083255,900362.271331944,1694601.2012824,-0.178452744354356,1038.68675336805,18703882.5606851,3290896.38093141,2383268.5140759,4544179.10783618,0.754617558883984,"/Users/9oy/Documents/Projects/IM3/EvaluationP/Script/Revision/5_UrbanScaling/data/model_evaldfs/single_latent_los_angeles_model/Evaldf_0.0001.csv",2.21744653767504,3.06913108089765
"single_latent_los_angeles_model","2A","single-latent cGAN","LALegacy","Los Angeles Model",1e-04,44,6,6,1894,995.46823718527,1408515.78607076,3030284.4205572,2195731.65226579,4182033.65606907,-0.332721674273064,1669.87340621542,9407703.01028866,8271931.05964477,5954109.68112573,11492036.1095161,0.0558766925558535,"/Users/9oy/Documents/Projects/IM3/EvaluationP/Script/Revision/5_UrbanScaling/data/model_evaldfs/single_latent_los_angeles_model/Evaldf_0.0001.csv",2.21744653767504,3.06913108089765
"single_latent_los_angeles_model","2A","single-latent cGAN","LALegacy","Los Angeles Model",1e-04,45,6,7,794,737.662125779739,722782.277813045,1693500.64466801,1231837.45683441,2328184.14278541,-0.369777870924543,910.179821480569,2772965.39190108,2546634.8501144,1847405.62476457,3510517.11269078,0.0369777713802011,"/Users/9oy/Documents/Projects/IM3/EvaluationP/Script/Revision/5_UrbanScaling/data/model_evaldfs/single_latent_los_angeles_model/Evaldf_0.0001.csv",2.21744653767504,3.06913108089765
"single_latent_los_angeles_model","2A","single-latent cGAN","LALegacy","Los Angeles Model",1e-04,46,6,8,842,809.675309876754,645866.729863067,2029164.75413121,1474231.48726666,2792987.14955719,-0.497174396596552,1504.48706738476,6679005.85108356,6755785.34507676,4869312.30077867,9373117.35405745,-0.00496401813919723,"/Users/9oy/Documents/Projects/IM3/EvaluationP/Script/Revision/5_UrbanScaling/data/model_evaldfs/single_latent_los_angeles_model/Evaldf_0.0001.csv",2.21744653767504,3.06913108089765
"single_latent_los_angeles_model","2A","single-latent cGAN","LALegacy","Los Angeles Model",1e-04,47,6,9,1391,615.75761021669,738276.519138497,1192601.51886312,869503.112407684,1635759.96738671,-0.208276302195321,727.689718266758,2253482.5107051,1649338.894412,1199924.37648653,2267075.19400974,0.13554429130599,"/Users/9oy/Documents/Projects/IM3/EvaluationP/Script/Revision/5_UrbanScaling/data/model_evaldfs/single_latent_los_angeles_model/Evaldf_0.0001.csv",2.21744653767504,3.06913108089765
"single_latent_los_angeles_model","2A","single-latent cGAN","LALegacy","Los Angeles Model",1e-04,48,6,10,2337,381.402609198118,556459.969684476,470603.963945454,345226.145086544,641515.986066626,0.0727783467911227,432.907072112222,1157303.49963683,601794.369339094,440747.180968937,821687.531096796,0.283999146446125,"/Users/9oy/Documents/Projects/IM3/EvaluationP/Script/Revision/5_UrbanScaling/data/model_evaldfs/single_latent_los_angeles_model/Evaldf_0.0001.csv",2.21744653767504,3.06913108089765
"single_latent_los_angeles_model","2A","single-latent cGAN","LALegacy","Los Angeles Model",1e-04,49,6,11,1784,631.71921675042,551380.00808922,1253347.43677043,913491.446265527,1719643.68542363,-0.356620461758398,790.747009849885,1867973.02927979,1938089.13062028,1408491.04585597,2666818.14504952,-0.0160031445265159,"/Users/9oy/Documents/Projects/IM3/EvaluationP/Script/Revision/5_UrbanScaling/data/model_evaldfs/single_latent_los_angeles_model/Evaldf_0.0001.csv",2.21744653767504,3.06913108089765
"single_latent_los_angeles_model","2A","single-latent cGAN","LALegacy","Los Angeles Model",1e-04,50,6,12,1799,544.537129470325,285998.225893693,939430.515115283,686003.288668947,1286480.26519252,-0.516501323957588,697.966707392815,606519.087996735,1521073.15705145,1107201.68880575,2089649.58461906,-0.399305628977548,"/Users/9oy/Documents/Projects/IM3/EvaluationP/Script/Revision/5_UrbanScaling/data/model_evaldfs/single_latent_los_angeles_model/Evaldf_0.0001.csv",2.21744653767504,3.06913108089765
"single_latent_los_angeles_model","2A","single-latent cGAN","LALegacy","Los Angeles Model",1e-04,51,6,13,2220,651.700685929069,870698.165392027,1331452.58555566,970029.589466913,1827538.05330525,-0.184458075982791,826.698205302608,3231376.39946596,2112803.12238609,1534586.32726044,2908886.22859913,0.184528518743143,"/Users/9oy/Documents/Projects/IM3/EvaluationP/Script/Revision/5_UrbanScaling/data/model_evaldfs/single_latent_los_angeles_model/Evaldf_0.0001.csv",2.21744653767504,3.06913108089765
"single_latent_los_angeles_model","2A","single-latent cGAN","LALegacy","Los Angeles Model",1e-04,52,6,14,2343,554.634907787126,420329.112543065,973544.051233671,710746.343872814,1333510.93236447,-0.364766136546803,614.676786264456,1032449.41655927,1188541.08163993,866562.281267088,1630153.92347827,-0.0611454144209842,"/Users/9oy/Documents/Projects/IM3/EvaluationP/Script/Revision/5_UrbanScaling/data/model_evaldfs/single_latent_los_angeles_model/Evaldf_0.0001.csv",2.21744653767504,3.06913108089765
"single_latent_los_angeles_model","2A","single-latent cGAN","LALegacy","Los Angeles Model",1e-04,53,6,15,2667,591.09207211134,489058.599087682,1101611.25419167,803585.745058876,1510165.35923349,-0.352667464592723,625.389577303888,895042.157953957,1229083.3305036,895922.653737882,1686134.20703145,-0.137737836794611,"/Users/9oy/Documents/Projects/IM3/EvaluationP/Script/Revision/5_UrbanScaling/data/model_evaldfs/single_latent_los_angeles_model/Evaldf_0.0001.csv",2.21744653767504,3.06913108089765
"single_latent_los_angeles_model","2A","single-latent cGAN","LALegacy","Los Angeles Model",1e-04,54,6,16,2060,621.707801145163,468398.576525745,1215075.39495747,885778.954332057,1666790.80397026,-0.413987660003531,681.054275436625,803461.307266405,1450339.02710266,1056046.44676685,1991847.32828467,-0.256504566496438,"/Users/9oy/Documents/Projects/IM3/EvaluationP/Script/Revision/5_UrbanScaling/data/model_evaldfs/single_latent_los_angeles_model/Evaldf_0.0001.csv",2.21744653767504,3.06913108089765
"single_latent_los_angeles_model","2A","single-latent cGAN","LALegacy","Los Angeles Model",1e-04,55,7,5,256,932.088051864783,589672.627042679,2666979.83084809,1934116.44924178,3677535.24920328,-0.655408763296069,832.259801957495,1396697.43707579,2140483.72060941,1554557.5948064,2947250.44186252,-0.185409592946458,"/Users/9oy/Documents/Projects/IM3/EvaluationP/Script/Revision/5_UrbanScaling/data/model_evaldfs/single_latent_los_angeles_model/Evaldf_0.0001.csv",2.21744653767504,3.06913108089765
"single_latent_los_angeles_model","2A","single-latent cGAN","LALegacy","Los Angeles Model",1e-04,56,7,6,1440,815.7648201158,961117.167867168,2058896.08291507,1495687.96094176,2834182.79142522,-0.33085809249285,1298.05081345611,6011821.84378054,5072770.40408238,3663197.92461287,7024736.33751409,0.0737608956917206,"/Users/9oy/Documents/Projects/IM3/EvaluationP/Script/Revision/5_UrbanScaling/data/model_evaldfs/single_latent_los_angeles_model/Evaldf_0.0001.csv",2.21744653767504,3.06913108089765
"single_latent_los_angeles_model","2A","single-latent cGAN","LALegacy","Los Angeles Model",1e-04,57,7,7,1468,835.57410381141,1002942.57470389,2157062.38080739,1566518.10827951,2970229.3833071,-0.332586637377269,1181.37426202109,6830594.79169797,4225111.45029169,3054772.02534888,5843829.46395065,0.208620353355097,"/Users/9oy/Documents/Projects/IM3/EvaluationP/Script/Revision/5_UrbanScaling/data/model_evaldfs/single_latent_los_angeles_model/Evaldf_0.0001.csv",2.21744653767504,3.06913108089765
"single_latent_los_angeles_model","2A","single-latent cGAN","LALegacy","Los Angeles Model",1e-04,58,7,8,1181,821.294537957486,1074809.15798499,2086075.91568259,1515301.27905553,2871846.53384793,-0.287998750845219,1050.11801577532,7428508.19374722,3361570.14880052,2434108.21426945,4642420.4967807,0.34435942824005,"/Users/9oy/Documents/Projects/IM3/EvaluationP/Script/Revision/5_UrbanScaling/data/model_evaldfs/single_latent_los_angeles_model/Evaldf_0.0001.csv",2.21744653767504,3.06913108089765
"single_latent_los_angeles_model","2A","single-latent cGAN","LALegacy","Los Angeles Model",1e-04,59,7,9,1236,630.742441154244,694276.559562849,1249588.04811548,910769.552592216,1714451.57070614,-0.255234359990472,1201.43129069522,7251579.66513516,4365478.04666436,3155575.10387965,6039279.03743383,0.220400813890621,"/Users/9oy/Documents/Projects/IM3/EvaluationP/Script/Revision/5_UrbanScaling/data/model_evaldfs/single_latent_los_angeles_model/Evaldf_0.0001.csv",2.21744653767504,3.06913108089765
"single_latent_los_angeles_model","2A","single-latent cGAN","LALegacy","Los Angeles Model",1e-04,60,7,10,1155,707.42826059422,814007.780687832,1561356.94682763,1136328.02396211,2145362.48688715,-0.282873643759963,1109.84690137856,4906835.70819768,3742671.2992855,2708137.83234758,5172406.03014391,0.11761983027071,"/Users/9oy/Documents/Projects/IM3/EvaluationP/Script/Revision/5_UrbanScaling/data/model_evaldfs/single_latent_los_angeles_model/Evaldf_0.0001.csv",2.21744653767504,3.06913108089765
"single_latent_los_angeles_model","2A","single-latent cGAN","LALegacy","Los Angeles Model",1e-04,61,7,11,1226,585.485377574817,697402.997989705,1081416.99910252,788951.348842849,1482300.1794257,-0.190509382107037,655.994553274368,1453492.31057747,1348535.49462251,982392.460978863,1851142.03588733,0.0325503566144324,"/Users/9oy/Documents/Projects/IM3/EvaluationP/Script/Revision/5_UrbanScaling/data/model_evaldfs/single_latent_los_angeles_model/Evaldf_0.0001.csv",2.21744653767504,3.06913108089765
"single_latent_los_angeles_model","2A","single-latent cGAN","LALegacy","Los Angeles Model",1e-04,62,7,12,2081,654.908702725273,787523.472455952,1344205.52418186,979258.967488971,1845158.99392199,-0.232202168878867,792.044902540006,2553495.8108499,1944269.31642137,1412952.67950271,2675378.46781116,0.118378727320311,"/Users/9oy/Documents/Projects/IM3/EvaluationP/Script/Revision/5_UrbanScaling/data/model_evaldfs/single_latent_los_angeles_model/Evaldf_0.0001.csv",2.21744653767504,3.06913108089765
"single_latent_los_angeles_model","2A","single-latent cGAN","LALegacy","Los Angeles Model",1e-04,63,7,13,2157,285.262379394648,373365.112817165,267782.657249102,197174.584906995,363675.42783069,0.14435128827699,255.966596164736,439550.930781802,216981.561305101,159991.116490936,294272.575746833,0.30658637417387,"/Users/9oy/Documents/Projects/IM3/EvaluationP/Script/Revision/5_UrbanScaling/data/model_evaldfs/single_latent_los_angeles_model/Evaldf_0.0001.csv",2.21744653767504,3.06913108089765
"single_latent_los_angeles_model","2A","single-latent cGAN","LALegacy","Los Angeles Model",1e-04,64,7,14,2805,640.228838277893,661703.411026956,1286330.6382274,937369.830512857,1765201.37194646,-0.288689240521728,724.231158505416,1545285.25060957,1634155.1981685,1188950.72005517,2246067.19745057,-0.0242846403733731,"/Users/9oy/Documents/Projects/IM3/EvaluationP/Script/Revision/5_UrbanScaling/data/model_evaldfs/single_latent_los_angeles_model/Evaldf_0.0001.csv",2.21744653767504,3.06913108089765
"single_latent_los_angeles_model","2A","single-latent cGAN","LALegacy","Los Angeles Model",1e-04,65,7,15,3917,1010.30315742823,1823351.83903291,3118565.36056113,2259270.29966127,4304686.30050592,-0.23308437124827,1155.25252711303,4779601.99271333,4045638.63135385,2925852.75204905,5593990.30728401,0.0724046458491493,"/Users/9oy/Documents/Projects/IM3/EvaluationP/Script/Revision/5_UrbanScaling/data/model_evaldfs/single_latent_los_angeles_model/Evaldf_0.0001.csv",2.21744653767504,3.06913108089765
"single_latent_los_angeles_model","2A","single-latent cGAN","LALegacy","Los Angeles Model",1e-04,66,7,16,3141,1296.36812194125,3492763.03419927,5060012.3578966,3654045.84957098,7006952.32520754,-0.160982455487844,1229.96104597647,7213943.35294946,4568969.7683616,3301673.04796849,6322698.95925853,0.198354443268808,"/Users/9oy/Documents/Projects/IM3/EvaluationP/Script/Revision/5_UrbanScaling/data/model_evaldfs/single_latent_los_angeles_model/Evaldf_0.0001.csv",2.21744653767504,3.06913108089765
"single_latent_los_angeles_model","2A","single-latent cGAN","LALegacy","Los Angeles Model",1e-04,67,8,5,180,468.458978536663,418327.223579237,701438.529874954,513204.810309507,958712.781543121,-0.224473489723185,1244.22591636228,1770535.18860355,4672400.49397937,3375915.04981642,6466787.83499777,-0.421435498583696,"/Users/9oy/Documents/Projects/IM3/EvaluationP/Script/Revision/5_UrbanScaling/data/model_evaldfs/single_latent_los_angeles_model/Evaldf_0.0001.csv",2.21744653767504,3.06913108089765
"single_latent_los_angeles_model","2A","single-latent cGAN","LALegacy","Los Angeles Model",1e-04,68,8,6,1595,831.421598336049,1121282.04441799,2136300.72085862,1551539.71357774,2941452.75818775,-0.279947519375056,1195.48231173973,5477007.77771436,4323612.85040426,3125512.24516207,5980980.59257855,0.102696558697917,"/Users/9oy/Documents/Projects/IM3/EvaluationP/Script/Revision/5_UrbanScaling/data/model_evaldfs/single_latent_los_angeles_model/Evaldf_0.0001.csv",2.21744653767504,3.06913108089765
"single_latent_los_angeles_model","2A","single-latent cGAN","LALegacy","Los Angeles Model",1e-04,69,8,7,2014,857.491691962931,1609706.39727776,2268258.00273549,1646723.61385143,3124382.45477046,-0.148945781778851,928.312433080921,7649795.89366982,2646047.70595034,1919036.35277941,3648481.41205059,0.461052177900682,"/Users/9oy/Documents/Projects/IM3/EvaluationP/Script/Revision/5_UrbanScaling/data/model_evaldfs/single_latent_los_angeles_model/Evaldf_0.0001.csv",2.21744653767504,3.06913108089765
"single_latent_los_angeles_model","2A","single-latent cGAN","LALegacy","Los Angeles Model",1e-04,70,8,8,1604,665.462666570078,1075500.09504363,1386576.86404522,1009919.22949128,1903712.04326306,-0.110333496328916,946.876299027523,10406212.2773141,2749736.04161591,1993728.76030616,3792415.72329049,0.57800167473335,"/Users/9oy/Documents/Projects/IM3/EvaluationP/Script/Revision/5_UrbanScaling/data/model_evaldfs/single_latent_los_angeles_model/Evaldf_0.0001.csv",2.21744653767504,3.06913108089765
"single_latent_los_angeles_model","2A","single-latent cGAN","LALegacy","Los Angeles Model",1e-04,71,8,9,1141,713.657629380819,979866.84890344,1588157.93990163,1155703.14777817,2182433.8256079,-0.209726625408684,844.450768536356,3342836.78021573,2201770.28594474,1598769.17359882,3032202.81709387,0.181343165538517,"/Users/9oy/Documents/Projects/IM3/EvaluationP/Script/Revision/5_UrbanScaling/data/model_evaldfs/single_latent_los_angeles_model/Evaldf_0.0001.csv",2.21744653767504,3.06913108089765
"single_latent_los_angeles_model","2A","single-latent cGAN","LALegacy","Los Angeles Model",1e-04,72,8,10,1749,1432.25729006009,2660830.34377091,6140382.32364391,4428551.3761646,8513911.63337319,-0.363178228272631,1909.30696942455,8171242.01270831,10729390.8508537,7709699.48477834,14931817.8040103,-0.118286992626641,"/Users/9oy/Documents/Projects/IM3/EvaluationP/Script/Revision/5_UrbanScaling/data/model_evaldfs/single_latent_los_angeles_model/Evaldf_0.0001.csv",2.21744653767504,3.06913108089765
"single_latent_los_angeles_model","2A","single-latent cGAN","LALegacy","Los Angeles Model",1e-04,73,8,11,1656,764.452811032646,864493.103768647,1814939.73062208,1319566.31535008,2496279.41201018,-0.322100674662027,978.77751534797,1770610.36496054,2932429.99363894,2125288.32441319,4046107.80044048,-0.21910465072734,"/Users/9oy/Documents/Projects/IM3/EvaluationP/Script/Revision/5_UrbanScaling/data/model_evaldfs/single_latent_los_angeles_model/Evaldf_0.0001.csv",2.21744653767504,3.06913108089765
"single_latent_los_angeles_model","2A","single-latent cGAN","LALegacy","Los Angeles Model",1e-04,74,8,12,1418,623.384636027401,594833.186210395,1221445.54016679,890391.923486193,1675587.085013,-0.312478917967058,936.440919742935,1880688.50229895,2691211.47580185,1951572.63583312,3711170.71150967,-0.155630956548689,"/Users/9oy/Documents/Projects/IM3/EvaluationP/Script/Revision/5_UrbanScaling/data/model_evaldfs/single_latent_los_angeles_model/Evaldf_0.0001.csv",2.21744653767504,3.06913108089765
"single_latent_los_angeles_model","2A","single-latent cGAN","LALegacy","Los Angeles Model",1e-04,75,8,13,180,244.416036544779,138106.301288961,198377.7287929,146360.391530321,268882.331275239,-0.157279419448707,592.693337638552,538871.484006976,1107411.96381441,807789.080407869,1518170.13542704,-0.312824008842993,"/Users/9oy/Documents/Projects/IM3/EvaluationP/Script/Revision/5_UrbanScaling/data/model_evaldfs/single_latent_los_angeles_model/Evaldf_0.0001.csv",2.21744653767504,3.06913108089765
"single_latent_los_angeles_model","2A","single-latent cGAN","LALegacy","Los Angeles Model",1e-04,76,8,14,4417,717.597424024528,1102094.39865304,1605222.51131275,1168038.43351769,2206039.83300877,-0.163316446448516,1216.17159755223,4068648.38380041,4470053.69319648,3230661.23518302,6184919.60792899,-0.0408625804419245,"/Users/9oy/Documents/Projects/IM3/EvaluationP/Script/Revision/5_UrbanScaling/data/model_evaldfs/single_latent_los_angeles_model/Evaldf_0.0001.csv",2.21744653767504,3.06913108089765
"single_latent_los_angeles_model","2A","single-latent cGAN","LALegacy","Los Angeles Model",1e-04,77,8,15,2931,667.012253963819,575516.821955534,1392851.71211184,1014459.23125238,1912384.28530822,-0.383846860091951,788.600225938371,809308.014211478,1927887.71544455,1401126.17812614,2652688.31700281,-0.376967894971413,"/Users/9oy/Documents/Projects/IM3/EvaluationP/Script/Revision/5_UrbanScaling/data/model_evaldfs/single_latent_los_angeles_model/Evaldf_0.0001.csv",2.21744653767504,3.06913108089765
"single_latent_los_angeles_model","2A","single-latent cGAN","LALegacy","Los Angeles Model",1e-04,78,8,16,35,505.486061347994,521476.158814518,813065.120772279,594294.934237049,1112368.37558631,-0.192890873047622,305.374695354039,236294.989904333,305648.663041884,224859.319892721,415464.679266407,-0.111767986946383,"/Users/9oy/Documents/Projects/IM3/EvaluationP/Script/Revision/5_UrbanScaling/data/model_evaldfs/single_latent_los_angeles_model/Evaldf_0.0001.csv",2.21744653767504,3.06913108089765
"single_latent_los_angeles_model","2A","single-latent cGAN","LALegacy","Los Angeles Model",1e-04,79,9,5,861,393.7815525531,229673.396432162,500708.122233511,367159.30363862,682833.367385869,-0.338473943524986,522.963589678479,1610113.25376242,868526.80653533,634556.48632796,1188765.42896229,0.26807319773064,"/Users/9oy/Documents/Projects/IM3/EvaluationP/Script/Revision/5_UrbanScaling/data/model_evaldfs/single_latent_los_angeles_model/Evaldf_0.0001.csv",2.21744653767504,3.06913108089765
"single_latent_los_angeles_model","2A","single-latent cGAN","LALegacy","Los Angeles Model",1e-04,80,9,6,1697,588.663151471053,1882260.7900036,1092840.49954885,797229.964409224,1498062.55506113,0.236123014255872,787.79014517315,3831196.41517572,1924045.0343419,1398351.90426909,2647366.0048475,0.299119184718498,"/Users/9oy/Documents/Projects/IM3/EvaluationP/Script/Revision/5_UrbanScaling/data/model_evaldfs/single_latent_los_angeles_model/Evaldf_0.0001.csv",2.21744653767504,3.06913108089765
"single_latent_los_angeles_model","2A","single-latent cGAN","LALegacy","Los Angeles Model",1e-04,81,9,7,2248,394.568008905251,527030.228212453,502651.257875052,368574.719497204,685500.859603285,0.0205687515055104,597.335393158405,4586798.08781329,1124311.64063128,820034.169707593,1541492.67427448,0.610622915600731,"/Users/9oy/Documents/Projects/IM3/EvaluationP/Script/Revision/5_UrbanScaling/data/model_evaldfs/single_latent_los_angeles_model/Evaldf_0.0001.csv",2.21744653767504,3.06913108089765
"single_latent_los_angeles_model","2A","single-latent cGAN","LALegacy","Los Angeles Model",1e-04,82,9,8,1464,836.454234902666,1044916.74978837,2161475.35659332,1569701.70412244,2976346.20953167,-0.315668597541047,1163.00822556604,7105420.11457003,4098530.89560854,2963850.28846924,5667612.6886738,0.238961547847324,"/Users/9oy/Documents/Projects/IM3/EvaluationP/Script/Revision/5_UrbanScaling/data/model_evaldfs/single_latent_los_angeles_model/Evaldf_0.0001.csv",2.21744653767504,3.06913108089765
"single_latent_los_angeles_model","2A","single-latent cGAN","LALegacy","Los Angeles Model",1e-04,83,9,9,1423,695.685632296555,966817.692950682,1511437.58249636,1100234.14059148,2076324.92167016,-0.194045627439654,767.090833342516,1898132.83409414,1827118.00996751,1328361.84368034,2513140.70652499,0.0165600032268059,"/Users/9oy/Documents/Projects/IM3/EvaluationP/Script/Revision/5_UrbanScaling/data/model_evaldfs/single_latent_los_angeles_model/Evaldf_0.0001.csv",2.21744653767504,3.06913108089765
"single_latent_los_angeles_model","2A","single-latent cGAN","LALegacy","Los Angeles Model",1e-04,84,9,10,1692,800.085536075833,859871.257266445,1982769.05258362,1440744.51871828,2728709.40323325,-0.362838699617187,957.598877366374,2446849.68883005,2810507.01471514,2037496.72390109,3876791.35239997,-0.0601773823320428,"/Users/9oy/Documents/Projects/IM3/EvaluationP/Script/Revision/5_UrbanScaling/data/model_evaldfs/single_latent_los_angeles_model/Evaldf_0.0001.csv",2.21744653767504,3.06913108089765
"single_latent_los_angeles_model","2A","single-latent cGAN","LALegacy","Los Angeles Model",1e-04,85,9,11,1663,936.824881813497,1178960.57898878,2693354.02486182,1953116.0523121,3714144.83775909,-0.358794158714583,1255.1810252176,7194605.82769646,4752594.95675978,3433470.69359092,6578520.9307832,0.180076202326128,"/Users/9oy/Documents/Projects/IM3/EvaluationP/Script/Revision/5_UrbanScaling/data/model_evaldfs/single_latent_los_angeles_model/Evaldf_0.0001.csv",2.21744653767504,3.06913108089765
"single_latent_los_angeles_model","2A","single-latent cGAN","LALegacy","Los Angeles Model",1e-04,86,9,12,2144,705.820637921874,682215.659011382,1554476.28267728,1131353.46220651,2135845.77599067,-0.357662416588942,803.426761161533,1377410.66346724,1998874.96506018,1452369.84486769,2751021.81449406,-0.161722187864502,"/Users/9oy/Documents/Projects/IM3/EvaluationP/Script/Revision/5_UrbanScaling/data/model_evaldfs/single_latent_los_angeles_model/Evaldf_0.0001.csv",2.21744653767504,3.06913108089765
"single_latent_los_angeles_model","2A","single-latent cGAN","LALegacy","Los Angeles Model",1e-04,87,9,13,1169,482.261905561397,296507.711893269,742116.400032993,542764.110760239,1014688.96023085,-0.398436035722497,678.42266324901,581185.791516377,1439479.51476671,1048191.35609349,1976834.9179634,-0.393890500429934,"/Users/9oy/Documents/Projects/IM3/EvaluationP/Script/Revision/5_UrbanScaling/data/model_evaldfs/single_latent_los_angeles_model/Evaldf_0.0001.csv",2.21744653767504,3.06913108089765
"single_latent_los_angeles_model","2A","single-latent cGAN","LALegacy","Los Angeles Model",1e-04,88,9,14,89,129.46236652234,53613.0521728881,57772.7146451588,42973.3051147578,77668.8353050305,-0.0324522426399122,483.14763940328,389491.767438766,744764.648601189,544688.129624864,1018333.88986844,-0.281520771443482,"/Users/9oy/Documents/Projects/IM3/EvaluationP/Script/Revision/5_UrbanScaling/data/model_evaldfs/single_latent_los_angeles_model/Evaldf_0.0001.csv",2.21744653767504,3.06913108089765
"single_latent_los_angeles_model","2A","single-latent cGAN","LALegacy","Los Angeles Model",1e-04,89,10,5,11,9.50238167820509,241.674783191489,362.820677923591,279.086889137241,471.676920173059,-0.176460692805575,0,0,0,0,0,NA,"/Users/9oy/Documents/Projects/IM3/EvaluationP/Script/Revision/5_UrbanScaling/data/model_evaldfs/single_latent_los_angeles_model/Evaldf_0.0001.csv",2.21744653767504,3.06913108089765
"single_latent_los_angeles_model","2A","single-latent cGAN","LALegacy","Los Angeles Model",1e-04,90,10,6,540,295.263277277478,229551.452865809,286308.195229533,210722.071701725,389007.103022523,-0.0959537335333496,392.633466133176,678205.569726434,497878.042451059,365097.756239843,678948.421123842,0.134238378748734,"/Users/9oy/Documents/Projects/IM3/EvaluationP/Script/Revision/5_UrbanScaling/data/model_evaldfs/single_latent_los_angeles_model/Evaldf_0.0001.csv",2.21744653767504,3.06913108089765
"single_latent_los_angeles_model","2A","single-latent cGAN","LALegacy","Los Angeles Model",1e-04,91,10,7,2166,340.732416844435,388713.374509384,378085.512906287,277758.404370115,514651.052211294,0.0120394468826697,65.9979350819489,244861.16653676,15619.7714371839,11719.5134518941,20818.0365807281,1.19524523958022,"/Users/9oy/Documents/Projects/IM3/EvaluationP/Script/Revision/5_UrbanScaling/data/model_evaldfs/single_latent_los_angeles_model/Evaldf_0.0001.csv",2.21744653767504,3.06913108089765
"single_latent_los_angeles_model","2A","single-latent cGAN","LALegacy","Los Angeles Model",1e-04,92,10,8,310,399.724516742501,380577.819824905,515482.070907348,377920.018118145,703116.407408352,-0.13177009070025,422.343926117569,857660.806415707,573615.783010418,420242.85052389,782964.103038202,0.174694471624493,"/Users/9oy/Documents/Projects/IM3/EvaluationP/Script/Revision/5_UrbanScaling/data/model_evaldfs/single_latent_los_angeles_model/Evaldf_0.0001.csv",2.21744653767504,3.06913108089765
"single_latent_los_angeles_model","2A","single-latent cGAN","LALegacy","Los Angeles Model",1e-04,93,10,9,1581,539.930222501079,1073777.57119688,924062.958882246,674855.041519764,1265297.43343883,0.0652127664116866,557.114142758181,1693581.74777007,982009.888885921,716885.845389827,1345184.07368659,0.236690303341977,"/Users/9oy/Documents/Projects/IM3/EvaluationP/Script/Revision/5_UrbanScaling/data/model_evaldfs/single_latent_los_angeles_model/Evaldf_0.0001.csv",2.21744653767504,3.06913108089765
"single_latent_los_angeles_model","2A","single-latent cGAN","LALegacy","Los Angeles Model",1e-04,94,10,10,1043,819.292651491248,659439.100542524,2076216.22485115,1508186.59551545,2858183.34757307,-0.498097886098509,989.426300230363,1500713.71006978,2994681.88988178,2170103.91310894,4132576.12569253,-0.3000528460982,"/Users/9oy/Documents/Projects/IM3/EvaluationP/Script/Revision/5_UrbanScaling/data/model_evaldfs/single_latent_los_angeles_model/Evaldf_0.0001.csv",2.21744653767504,3.06913108089765
"single_latent_los_angeles_model","2A","single-latent cGAN","LALegacy","Los Angeles Model",1e-04,95,10,11,2489,787.925038102879,907122.794760798,1924684.65146469,1398813.68675408,2648251.90278184,-0.326693502704879,1029.82299084122,5302846.27341038,3236597.50207388,2344203.31175646,4468709.40668613,0.214420342728336,"/Users/9oy/Documents/Projects/IM3/EvaluationP/Script/Revision/5_UrbanScaling/data/model_evaldfs/single_latent_los_angeles_model/Evaldf_0.0001.csv",2.21744653767504,3.06913108089765
"single_latent_los_angeles_model","2A","single-latent cGAN","LALegacy","Los Angeles Model",1e-04,96,10,12,1490,508.732189828096,281367.710556425,823231.903104583,601676.677516578,1126370.34409651,-0.466247935695323,550.153533001823,879606.67503288,958331.713744386,699713.330180622,1312537.05475524,-0.0372273439322629,"/Users/9oy/Documents/Projects/IM3/EvaluationP/Script/Revision/5_UrbanScaling/data/model_evaldfs/single_latent_los_angeles_model/Evaldf_0.0001.csv",2.21744653767504,3.06913108089765
"single_latent_los_angeles_model","2A","single-latent cGAN","LALegacy","Los Angeles Model",1e-04,97,10,13,323,351.4761190867,283832.391075398,401571.859683919,294894.890891632,546838.766865108,-0.150701316011653,288.264149193542,303228.778749071,273279.985250615,201195.338396449,371191.255889926,0.0451625912416359,"/Users/9oy/Documents/Projects/IM3/EvaluationP/Script/Revision/5_UrbanScaling/data/model_evaldfs/single_latent_los_angeles_model/Evaldf_0.0001.csv",2.21744653767504,3.06913108089765
"single_latent_los_angeles_model","2A","single-latent cGAN","LALegacy","Los Angeles Model",1e-04,98,11,9,1483,448.582775895314,368626.291900488,644817.854732618,472041.338221645,880834.012013464,-0.242850746787309,723.861362016473,1292791.54934371,1632535.75502897,1187780.26621617,2243826.62959899,-0.101334197199452,"/Users/9oy/Documents/Projects/IM3/EvaluationP/Script/Revision/5_UrbanScaling/data/model_evaldfs/single_latent_los_angeles_model/Evaldf_0.0001.csv",2.21744653767504,3.06913108089765
"single_latent_los_angeles_model","2A","single-latent cGAN","LALegacy","Los Angeles Model",1e-04,99,11,10,1600,862.557762639611,792821.542571306,2294345.40056031,1665536.6619995,3160555.35562498,-0.46148335673357,848.991217894146,1925273.24509007,2224810.43194923,1615388.00988572,3064143.98758619,-0.0628006366135237,"/Users/9oy/Documents/Projects/IM3/EvaluationP/Script/Revision/5_UrbanScaling/data/model_evaldfs/single_latent_los_angeles_model/Evaldf_0.0001.csv",2.21744653767504,3.06913108089765
"single_latent_los_angeles_model","2A","single-latent cGAN","LALegacy","Los Angeles Model",1e-04,100,11,11,2218,747.94668204257,848426.528343403,1739637.11037018,1265171.66735851,2392036.87045542,-0.311844424124699,934.015168190648,5985965.28678542,2677694.63671249,1941835.3958356,3692408.00886394,0.349373145273413,"/Users/9oy/Documents/Projects/IM3/EvaluationP/Script/Revision/5_UrbanScaling/data/model_evaldfs/single_latent_los_angeles_model/Evaldf_0.0001.csv",2.21744653767504,3.06913108089765
"single_latent_los_angeles_model","2A","single-latent cGAN","LALegacy","Los Angeles Model",1e-04,101,11,12,4341,603.279104264802,488573.948520571,1146131.20460246,835842.289187489,1571608.37057004,-0.370304030769091,956.38611475605,1304734.19120053,2803601.29250715,2032523.46016503,3867202.69723703,-0.332194208094181,"/Users/9oy/Documents/Projects/IM3/EvaluationP/Script/Revision/5_UrbanScaling/data/model_evaldfs/single_latent_los_angeles_model/Evaldf_0.0001.csv",2.21744653767504,3.06913108089765
"single_latent_los_angeles_model","2A","single-latent cGAN","LALegacy","Los Angeles Model",1e-04,102,11,13,855,468.445341514267,295611.001762842,701398.890859255,513176.000482477,958658.245194753,-0.375244481611265,1039.40080721279,1207289.01423203,3295289.69524865,2386429.08640227,4550285.71244187,-0.436082351498042,"/Users/9oy/Documents/Projects/IM3/EvaluationP/Script/Revision/5_UrbanScaling/data/model_evaldfs/single_latent_los_angeles_model/Evaldf_0.0001.csv",2.21744653767504,3.06913108089765
"single_latent_los_angeles_model","2A","single-latent cGAN","LALegacy","Los Angeles Model",1e-04,103,12,9,156,429.573647034316,431431.014049557,592831.267023818,434225.82520285,809368.975225934,-0.138019739291334,2165.45513946649,14098777.8418376,13699737.5852217,9828161.73001036,19096430.7527466,0.0124692188547669,"/Users/9oy/Documents/Projects/IM3/EvaluationP/Script/Revision/5_UrbanScaling/data/model_evaldfs/single_latent_los_angeles_model/Evaldf_0.0001.csv",2.21744653767504,3.06913108089765
"single_latent_los_angeles_model","2A","single-latent cGAN","LALegacy","Los Angeles Model",1e-04,104,12,10,1485,691.768533083355,588207.655056033,1494960.49588938,1088318.76726084,2053540.70103449,-0.405099044438436,994.441513579448,2088964.40383936,3024219.99222827,2191366.44145338,4173608.93567729,-0.160682340439566,"/Users/9oy/Documents/Projects/IM3/EvaluationP/Script/Revision/5_UrbanScaling/data/model_evaldfs/single_latent_los_angeles_model/Evaldf_0.0001.csv",2.21744653767504,3.06913108089765
"single_latent_los_angeles_model","2A","single-latent cGAN","LALegacy","Los Angeles Model",1e-04,105,12,11,2575,767.480739226872,1123530.28034109,1828921.3377906,1329664.22952358,2515637.54634827,-0.211610245187531,1067.68940591525,3583007.32768692,3471624.46064977,2513262.57324267,4795430.65817906,0.0137149566589502,"/Users/9oy/Documents/Projects/IM3/EvaluationP/Script/Revision/5_UrbanScaling/data/model_evaldfs/single_latent_los_angeles_model/Evaldf_0.0001.csv",2.21744653767504,3.06913108089765
"single_latent_los_angeles_model","2A","single-latent cGAN","LALegacy","Los Angeles Model",1e-04,106,12,12,5417,582.571042042755,415094.424129802,1070991.68428362,781395.613903566,1467916.08168181,-0.411639199127418,982.226450640545,2295147.61792145,2952522.75017013,2139753.92633128,4074015.4664507,-0.109382629219541,"/Users/9oy/Documents/Projects/IM3/EvaluationP/Script/Revision/5_UrbanScaling/data/model_evaldfs/single_latent_los_angeles_model/Evaldf_0.0001.csv",2.21744653767504,3.06913108089765
"single_latent_los_angeles_model","2A","single-latent cGAN","LALegacy","Los Angeles Model",1e-04,107,12,13,1890,384.890355305725,355379.663554197,478994.17301809,351339.956257638,653029.675955897,-0.129637658369619,1137.45602827051,1321323.88637679,3925529.84829224,2839554.92875699,5426830.95641995,-0.472888997857899,"/Users/9oy/Documents/Projects/IM3/EvaluationP/Script/Revision/5_UrbanScaling/data/model_evaldfs/single_latent_los_angeles_model/Evaldf_0.0001.csv",2.21744653767504,3.06913108089765
"single_latent_los_angeles_model","2A","single-latent cGAN","LALegacy","Los Angeles Model",2e-04,1,1,4,376,458.946646184158,411567.007094575,674052.807986462,493298.134311887,921039.745240908,-0.214253369578336,673.284322352117,776669.807421671,1418389.92386548,1032935.34472159,1947682.38535336,-0.261559214866573,"/Users/9oy/Documents/Projects/IM3/EvaluationP/Script/Revision/5_UrbanScaling/data/model_evaldfs/single_latent_los_angeles_model/Evaldf_0.0002.csv",2.24018578968798,3.06913108089765
"single_latent_los_angeles_model","2A","single-latent cGAN","LALegacy","Los Angeles Model",2e-04,2,1,5,2873,463.910244402512,306683.945210916,688276.885041489,503638.267754369,940605.789537539,-0.351072143111392,919.540035845735,1253510.86855836,2597722.15738253,1884218.23128624,3581411.2690915,-0.31646459485402,"/Users/9oy/Documents/Projects/IM3/EvaluationP/Script/Revision/5_UrbanScaling/data/model_evaldfs/single_latent_los_angeles_model/Evaldf_0.0002.csv",2.24018578968798,3.06913108089765
"single_latent_los_angeles_model","2A","single-latent cGAN","LALegacy","Los Angeles Model",2e-04,3,1,6,1631,338.065962343369,340774.035497024,372362.836220964,273581.881639888,506810.17678294,-0.0384998323131809,382.277176224914,608163.144087705,472701.090539566,346754.354811977,644393.698006926,0.109433493246531,"/Users/9oy/Documents/Projects/IM3/EvaluationP/Script/Revision/5_UrbanScaling/data/model_evaldfs/single_latent_los_angeles_model/Evaldf_0.0002.csv",2.24018578968798,3.06913108089765
"single_latent_los_angeles_model","2A","single-latent cGAN","LALegacy","Los Angeles Model",2e-04,4,1,7,540,524.681208276832,411815.584368879,874073.069821133,638581.756115492,1196407.07563272,-0.326844962202849,820.132858823158,1685056.64388418,2080351.65564922,1511170.72044647,2863914.01885011,-0.0915222484036353,"/Users/9oy/Documents/Projects/IM3/EvaluationP/Script/Revision/5_UrbanScaling/data/model_evaldfs/single_latent_los_angeles_model/Evaldf_0.0002.csv",2.24018578968798,3.06913108089765
"single_latent_los_angeles_model","2A","single-latent cGAN","LALegacy","Los Angeles Model",2e-04,5,2,3,348,351.707618169194,175987.630809806,402085.480404206,295269.57155672,547542.818921402,-0.358836245953084,583.114429750892,488822.873437225,1072931.80534022,782801.751128536,1470592.85093704,-0.341420599838488,"/Users/9oy/Documents/Projects/IM3/EvaluationP/Script/Revision/5_UrbanScaling/data/model_evaldfs/single_latent_los_angeles_model/Evaldf_0.0002.csv",2.24018578968798,3.06913108089765
"single_latent_los_angeles_model","2A","single-latent cGAN","LALegacy","Los Angeles Model",2e-04,6,2,4,1396,668.203215131029,545495.491588774,1397683.68702013,1017955.18770983,1919062.56046217,-0.408617730773828,1088.67011100457,3302729.19463101,3605282.68065437,2609371.29047683,4981300.76576843,-0.0380663568426028,"/Users/9oy/Documents/Projects/IM3/EvaluationP/Script/Revision/5_UrbanScaling/data/model_evaldfs/single_latent_los_angeles_model/Evaldf_0.0002.csv",2.24018578968798,3.06913108089765
"single_latent_los_angeles_model","2A","single-latent cGAN","LALegacy","Los Angeles Model",2e-04,7,2,5,1481,833.343272961302,791054.123581122,2145896.58962987,1558462.72378868,2954752.84913487,-0.433402590806407,1117.40056776099,2449083.63757663,3792279.82981508,2743794.69148165,5241422.16335305,-0.189896759372848,"/Users/9oy/Documents/Projects/IM3/EvaluationP/Script/Revision/5_UrbanScaling/data/model_evaldfs/single_latent_los_angeles_model/Evaldf_0.0002.csv",2.24018578968798,3.06913108089765
"single_latent_los_angeles_model","2A","single-latent cGAN","LALegacy","Los Angeles Model",2e-04,8,2,6,1384,649.586246749086,564963.597611821,1323079.21693069,963969.414674783,1815969.0417818,-0.369565381791609,816.481194901174,1445455.32557506,2062407.48376139,1498221.92901256,2839048.43915773,-0.154369802362713,"/Users/9oy/Documents/Projects/IM3/EvaluationP/Script/Revision/5_UrbanScaling/data/model_evaldfs/single_latent_los_angeles_model/Evaldf_0.0002.csv",2.24018578968798,3.06913108089765
"single_latent_los_angeles_model","2A","single-latent cGAN","LALegacy","Los Angeles Model",2e-04,9,2,7,2309,374.526172989554,421862.918408117,454272.529895575,333323.609723927,619108.65416538,-0.0321451228496279,391.641129620083,866225.085654845,495438.159967142,363320.382495047,675599.229159609,0.242641302575761,"/Users/9oy/Documents/Projects/IM3/EvaluationP/Script/Revision/5_UrbanScaling/data/model_evaldfs/single_latent_los_angeles_model/Evaldf_0.0002.csv",2.24018578968798,3.06913108089765
"single_latent_los_angeles_model","2A","single-latent cGAN","LALegacy","Los Angeles Model",2e-04,10,2,8,427,360.456027583324,229283.229648191,421728.543394689,309596.63024505,574473.191691499,-0.264660705389666,714.296708224943,1037885.38753054,1590919.99554161,1157699.78488831,2186254.55861023,-0.185498942791545,"/Users/9oy/Documents/Projects/IM3/EvaluationP/Script/Revision/5_UrbanScaling/data/model_evaldfs/single_latent_los_angeles_model/Evaldf_0.0002.csv",2.24018578968798,3.06913108089765
"single_latent_los_angeles_model","2A","single-latent cGAN","LALegacy","Los Angeles Model",2e-04,11,3,3,527,277.669344074527,150342.027248212,254119.008996858,187178.582080048,344999.25160203,-0.227956750941024,748.711936674946,967507.682325204,1743094.06972155,1267669.12896712,2396821.74667618,-0.255666403209717,"/Users/9oy/Documents/Projects/IM3/EvaluationP/Script/Revision/5_UrbanScaling/data/model_evaldfs/single_latent_los_angeles_model/Evaldf_0.0002.csv",2.24018578968798,3.06913108089765
"single_latent_los_angeles_model","2A","single-latent cGAN","LALegacy","Los Angeles Model",2e-04,12,3,4,702,724.681127671264,1503520.06963623,1636126.79009372,1190375.67935414,2248794.99782353,-0.0367077262525302,1298.66393956768,7280178.78945513,5077422.95427707,3666535.42661807,7031221.80941227,0.156498702951587,"/Users/9oy/Documents/Projects/IM3/EvaluationP/Script/Revision/5_UrbanScaling/data/model_evaldfs/single_latent_los_angeles_model/Evaldf_0.0002.csv",2.24018578968798,3.06913108089765
"single_latent_los_angeles_model","2A","single-latent cGAN","LALegacy","Los Angeles Model",2e-04,13,3,5,1135,599.531021778868,474678.188817705,1132348.18150896,825856.820719869,1552584.38508626,-0.377580710371859,896.596957145314,1312205.57855719,2473376.0037758,1794608.04622819,3408871.85305538,-0.275288263296267,"/Users/9oy/Documents/Projects/IM3/EvaluationP/Script/Revision/5_UrbanScaling/data/model_evaldfs/single_latent_los_angeles_model/Evaldf_0.0002.csv",2.24018578968798,3.06913108089765
"single_latent_los_angeles_model","2A","single-latent cGAN","LALegacy","Los Angeles Model",2e-04,14,3,6,1243,967.356831508775,914977.694852235,2866370.55666322,2077724.77077433,3954364.0638427,-0.49592182706199,1255.7773463723,2394884.38474863,4756979.18300034,3436617.07075511,6584629.73371849,-0.298046698619346,"/Users/9oy/Documents/Projects/IM3/EvaluationP/Script/Revision/5_UrbanScaling/data/model_evaldfs/single_latent_los_angeles_model/Evaldf_0.0002.csv",2.24018578968798,3.06913108089765
"single_latent_los_angeles_model","2A","single-latent cGAN","LALegacy","Los Angeles Model",2e-04,15,3,7,1433,685.542601812142,656619.852034355,1468951.67811596,1069508.76851739,2017579.56190576,-0.349693500783678,872.297067332883,2967360.04739782,2344903.53803191,1701992.88215146,3230667.21390981,0.102245263132542,"/Users/9oy/Documents/Projects/IM3/EvaluationP/Script/Revision/5_UrbanScaling/data/model_evaldfs/single_latent_los_angeles_model/Evaldf_0.0002.csv",2.24018578968798,3.06913108089765
"single_latent_los_angeles_model","2A","single-latent cGAN","LALegacy","Los Angeles Model",2e-04,16,3,8,487,593.947012606431,453879.172526779,1111963.80858712,811087.355838566,1524451.71621399,-0.389150397942575,774.987524175917,1375231.96846462,1863808.60891756,1354858.58947204,2563944.7228429,-0.132025354055256,"/Users/9oy/Documents/Projects/IM3/EvaluationP/Script/Revision/5_UrbanScaling/data/model_evaldfs/single_latent_los_angeles_model/Evaldf_0.0002.csv",2.24018578968798,3.06913108089765
"single_latent_los_angeles_model","2A","single-latent cGAN","LALegacy","Los Angeles Model",2e-04,17,3,9,431,388.100891355219,238215.929790694,486781.050249409,357013.494856484,663716.622188672,-0.310362863448847,610.900175449458,638713.709103656,1174405.84728948,856324.110665345,1610639.09910945,-0.264511967114479,"/Users/9oy/Documents/Projects/IM3/EvaluationP/Script/Revision/5_UrbanScaling/data/model_evaldfs/single_latent_los_angeles_model/Evaldf_0.0002.csv",2.24018578968798,3.06913108089765
"single_latent_los_angeles_model","2A","single-latent cGAN","LALegacy","Los Angeles Model",2e-04,18,3,10,15,251.029946764342,90803.743790072,208931.458760245,154093.927548524,283284.066764656,-0.361900081900278,258.818089714603,85810.7424537562,221698.646556791,163445.99164498,300712.727124395,-0.412221382206662,"/Users/9oy/Documents/Projects/IM3/EvaluationP/Script/Revision/5_UrbanScaling/data/model_evaldfs/single_latent_los_angeles_model/Evaldf_0.0002.csv",2.24018578968798,3.06913108089765
"single_latent_los_angeles_model","2A","single-latent cGAN","LALegacy","Los Angeles Model",2e-04,19,4,1,473,354.795565309225,204778.267336027,408967.062182132,300289.305886757,556976.404657441,-0.300404467713782,212.961918125678,245472.609263059,151827.239056222,112214.478096018,205423.675363093,0.208653344432248,"/Users/9oy/Documents/Projects/IM3/EvaluationP/Script/Revision/5_UrbanScaling/data/model_evaldfs/single_latent_los_angeles_model/Evaldf_0.0002.csv",2.24018578968798,3.06913108089765
"single_latent_los_angeles_model","2A","single-latent cGAN","LALegacy","Los Angeles Model",2e-04,20,4,2,320,365.920190040804,342464.23217629,434227.739976707,318710.855606376,591613.767929364,-0.103102344853488,327.102391751645,530926.127937993,349278.150543033,256729.838541717,475189.121528382,0.181862679622629,"/Users/9oy/Documents/Projects/IM3/EvaluationP/Script/Revision/5_UrbanScaling/data/model_evaldfs/single_latent_los_angeles_model/Evaldf_0.0002.csv",2.24018578968798,3.06913108089765
"single_latent_los_angeles_model","2A","single-latent cGAN","LALegacy","Los Angeles Model",2e-04,21,4,3,205,312.987434868295,186623.805441166,320613.949535074,235794.370637589,435944.693499365,-0.235015373200377,206.671442565237,238371.35404411,143242.265694176,105910.167704249,193733.492505626,0.221182881725673,"/Users/9oy/Documents/Projects/IM3/EvaluationP/Script/Revision/5_UrbanScaling/data/model_evaldfs/single_latent_los_angeles_model/Evaldf_0.0002.csv",2.24018578968798,3.06913108089765
"single_latent_los_angeles_model","2A","single-latent cGAN","LALegacy","Los Angeles Model",2e-04,22,4,4,152,336.066895049114,266868.369346802,368100.251583669,270470.687316935,500970.35120551,-0.139669012317282,635.537942798549,629591.243380593,1268097.39493246,924170.273477401,1740015.93557404,-0.304093931330306,"/Users/9oy/Documents/Projects/IM3/EvaluationP/Script/Revision/5_UrbanScaling/data/model_evaldfs/single_latent_los_angeles_model/Evaldf_0.0002.csv",2.24018578968798,3.06913108089765
"single_latent_los_angeles_model","2A","single-latent cGAN","LALegacy","Los Angeles Model",2e-04,23,4,5,951,415.920539357722,305538.234021946,556801.075563074,408004.364283633,759863.042868517,-0.260634501399668,653.161070196998,1517233.25313809,1337250.79172562,974225.858165118,1835549.39030137,0.0548394888559319,"/Users/9oy/Documents/Projects/IM3/EvaluationP/Script/Revision/5_UrbanScaling/data/model_evaldfs/single_latent_los_angeles_model/Evaldf_0.0002.csv",2.24018578968798,3.06913108089765
"single_latent_los_angeles_model","2A","single-latent cGAN","LALegacy","Los Angeles Model",2e-04,24,4,6,1767,580.449729905709,1401089.57751659,1063434.01262497,775917.896011794,1457489.12999739,0.119755355862511,909.228821760083,3567706.25197583,2541471.90571006,1843685.02842345,3503352.98488417,0.147303776199519,"/Users/9oy/Documents/Projects/IM3/EvaluationP/Script/Revision/5_UrbanScaling/data/model_evaldfs/single_latent_los_angeles_model/Evaldf_0.0002.csv",2.24018578968798,3.06913108089765
"single_latent_los_angeles_model","2A","single-latent cGAN","LALegacy","Los Angeles Model",2e-04,25,4,7,1023,952.36304011608,2196491.18050393,2780752.06351509,2016067.65199701,3835477.46083021,-0.102432804374046,1820.67345309369,10780574.6070688,9783620.28431818,7034401.66373083,13607301.7213742,0.0421423206693129,"/Users/9oy/Documents/Projects/IM3/EvaluationP/Script/Revision/5_UrbanScaling/data/model_evaldfs/single_latent_los_angeles_model/Evaldf_0.0002.csv",2.24018578968798,3.06913108089765
"single_latent_los_angeles_model","2A","single-latent cGAN","LALegacy","Los Angeles Model",2e-04,26,4,8,713,775.388698544294,829832.120205711,1865682.03594304,1356211.42375399,2566538.96160659,-0.351847388871094,1421.17684778826,5989638.3714483,6048498.67269786,4362718.5142456,8385674.22449303,-0.0042469873294891,"/Users/9oy/Documents/Projects/IM3/EvaluationP/Script/Revision/5_UrbanScaling/data/model_evaldfs/single_latent_los_angeles_model/Evaldf_0.0002.csv",2.24018578968798,3.06913108089765
"single_latent_los_angeles_model","2A","single-latent cGAN","LALegacy","Los Angeles Model",2e-04,27,4,9,855,600.984843489243,571746.614719416,1137684.7984763,829723.166142802,1559950.05744035,-0.298818353314053,879.806135614649,2591752.48512071,2384248.89851585,1730360.24197177,3285236.60691389,0.0362419329645811,"/Users/9oy/Documents/Projects/IM3/EvaluationP/Script/Revision/5_UrbanScaling/data/model_evaldfs/single_latent_los_angeles_model/Evaldf_0.0002.csv",2.24018578968798,3.06913108089765
"single_latent_los_angeles_model","2A","single-latent cGAN","LALegacy","Los Angeles Model",2e-04,28,4,10,784,542.088984079174,359450.130745487,931248.776887861,680068.076160266,1275202.16704124,-0.413427069432924,758.082984722014,1172112.03772333,1785696.62233466,1298444.44217099,2455794.27463673,-0.182838550931053,"/Users/9oy/Documents/Projects/IM3/EvaluationP/Script/Revision/5_UrbanScaling/data/model_evaldfs/single_latent_los_angeles_model/Evaldf_0.0002.csv",2.24018578968798,3.06913108089765
"single_latent_los_angeles_model","2A","single-latent cGAN","LALegacy","Los Angeles Model",2e-04,29,4,11,184,448.102817233355,183636.110431921,643479.193316383,471067.844136436,878993.28596748,-0.544576423234124,512.875978477372,356728.374502348,836299.123907189,611163.442319268,1144368.55384189,-0.370023986931484,"/Users/9oy/Documents/Projects/IM3/EvaluationP/Script/Revision/5_UrbanScaling/data/model_evaldfs/single_latent_los_angeles_model/Evaldf_0.0002.csv",2.24018578968798,3.06913108089765
"single_latent_los_angeles_model","2A","single-latent cGAN","LALegacy","Los Angeles Model",2e-04,30,5,4,126,687.837656501892,742848.193956341,1478513.50795747,1076424.29303101,2030799.7574612,-0.298925224852126,640.13877311343,1627828.24099768,1285979.37177063,937115.550609631,1764716.14791128,0.102374576551417,"/Users/9oy/Documents/Projects/IM3/EvaluationP/Script/Revision/5_UrbanScaling/data/model_evaldfs/single_latent_los_angeles_model/Evaldf_0.0002.csv",2.24018578968798,3.06913108089765
"single_latent_los_angeles_model","2A","single-latent cGAN","LALegacy","Los Angeles Model",2e-04,31,5,5,844,844.544319470617,670428.921269362,2202243.82919518,1599110.75145523,3032859.28058124,-0.516512660923356,1317.30296865282,3739732.93605641,5219847.22637173,3768693.62502469,7229774.4995077,-0.144817203106626,"/Users/9oy/Documents/Projects/IM3/EvaluationP/Script/Revision/5_UrbanScaling/data/model_evaldfs/single_latent_los_angeles_model/Evaldf_0.0002.csv",2.24018578968798,3.06913108089765
"single_latent_los_angeles_model","2A","single-latent cGAN","LALegacy","Los Angeles Model",2e-04,32,5,6,829,1010.48803052464,1111054.40040149,3119673.27306497,2260067.62378327,4306225.72008899,-0.448373788482802,2222.15039587044,14548170.1666346,14404620.708431,10330413.032276,20085653.6041179,0.00430654500264713,"/Users/9oy/Documents/Projects/IM3/EvaluationP/Script/Revision/5_UrbanScaling/data/model_evaldfs/single_latent_los_angeles_model/Evaldf_0.0002.csv",2.24018578968798,3.06913108089765
"single_latent_los_angeles_model","2A","single-latent cGAN","LALegacy","Los Angeles Model",2e-04,33,5,7,705,1118.26089156402,1077526.99270975,3797950.07681771,2747870.06738324,5249311.07813837,-0.547121093425956,1887.66308965929,5185850.92273785,10494534.7539303,7542046.02670868,14602835.7970011,-0.30614316212242,"/Users/9oy/Documents/Projects/IM3/EvaluationP/Script/Revision/5_UrbanScaling/data/model_evaldfs/single_latent_los_angeles_model/Evaldf_0.0002.csv",2.24018578968798,3.06913108089765
"single_latent_los_angeles_model","2A","single-latent cGAN","LALegacy","Los Angeles Model",2e-04,34,5,8,1213,888.949790119332,1640908.55033288,2432587.52372146,1765207.36286467,3352287.207188,-0.170984096987379,2444.8747159892,39575884.8140339,17339350.2093309,12419833.7359809,24207495.2107302,0.358397815043498,"/Users/9oy/Documents/Projects/IM3/EvaluationP/Script/Revision/5_UrbanScaling/data/model_evaldfs/single_latent_los_angeles_model/Evaldf_0.0002.csv",2.24018578968798,3.06913108089765
"single_latent_los_angeles_model","2A","single-latent cGAN","LALegacy","Los Angeles Model",2e-04,35,5,9,967,775.303637759858,609606.800164153,1865284.7379872,1355924.52873224,2565988.79955438,-0.485695333873189,1132.46179488706,1900084.45796615,3892139.16971136,2815560.73839382,5380366.01726563,-0.311415455181887,"/Users/9oy/Documents/Projects/IM3/EvaluationP/Script/Revision/5_UrbanScaling/data/model_evaldfs/single_latent_los_angeles_model/Evaldf_0.0002.csv",2.24018578968798,3.06913108089765
"single_latent_los_angeles_model","2A","single-latent cGAN","LALegacy","Los Angeles Model",2e-04,36,5,10,1355,734.378347854441,383730.57288077,1678896.30488394,1221284.38236119,2307974.16495525,-0.640997471238216,1023.95525762421,1215529.80873862,3200893.1335787,2318513.52767522,4419088.66620445,-0.420505561219109,"/Users/9oy/Documents/Projects/IM3/EvaluationP/Script/Revision/5_UrbanScaling/data/model_evaldfs/single_latent_los_angeles_model/Evaldf_0.0002.csv",2.24018578968798,3.06913108089765
"single_latent_los_angeles_model","2A","single-latent cGAN","LALegacy","Los Angeles Model",2e-04,37,5,11,3149,394.738434501991,603882.915005555,503072.817695183,368881.786664896,686079.57631066,0.0793218908430846,527.458914235081,2451388.1358492,883078.62220764,645117.288597722,1208815.61660708,0.443412708500555,"/Users/9oy/Documents/Projects/IM3/EvaluationP/Script/Revision/5_UrbanScaling/data/model_evaldfs/single_latent_los_angeles_model/Evaldf_0.0002.csv",2.24018578968798,3.06913108089765
"single_latent_los_angeles_model","2A","single-latent cGAN","LALegacy","Los Angeles Model",2e-04,38,5,12,2408,479.450432454296,521092.913654888,733740.705335876,536678.65907619,1003161.60063737,-0.148627445628843,629.473575385321,1272769.37688923,1244712.64764082,907239.557048012,1707718.27921415,0.00968061506597652,"/Users/9oy/Documents/Projects/IM3/EvaluationP/Script/Revision/5_UrbanScaling/data/model_evaldfs/single_latent_los_angeles_model/Evaldf_0.0002.csv",2.24018578968798,3.06913108089765
"single_latent_los_angeles_model","2A","single-latent cGAN","LALegacy","Los Angeles Model",2e-04,39,5,13,627,504.699523129635,210843.729395849,810610.926085337,592512.938510924,1108988.56511099,-0.584851763830696,529.765267232991,245348.627639153,890590.0150762,650568.138290938,1219166.03084353,-0.559894188602199,"/Users/9oy/Documents/Projects/IM3/EvaluationP/Script/Revision/5_UrbanScaling/data/model_evaldfs/single_latent_los_angeles_model/Evaldf_0.0002.csv",2.24018578968798,3.06913108089765
"single_latent_los_angeles_model","2A","single-latent cGAN","LALegacy","Los Angeles Model",2e-04,40,5,14,372,298.026330935973,228949.552088688,291532.314417839,214541.337394862,396152.514857296,-0.104946902196204,389.763262602793,376776.019954145,490836.908872074,359968.365309771,669283.454682939,-0.114853958230867,"/Users/9oy/Documents/Projects/IM3/EvaluationP/Script/Revision/5_UrbanScaling/data/model_evaldfs/single_latent_los_angeles_model/Evaldf_0.0002.csv",2.24018578968798,3.06913108089765
"single_latent_los_angeles_model","2A","single-latent cGAN","LALegacy","Los Angeles Model",2e-04,41,5,15,221,330.035675187623,121358.927869103,355384.219516275,261188.025398993,483551.814016966,-0.466626408408681,464.215407895675,439048.294986287,689156.084555248,504277.351466182,941815.267924777,-0.195805299948753,"/Users/9oy/Documents/Projects/IM3/EvaluationP/Script/Revision/5_UrbanScaling/data/model_evaldfs/single_latent_los_angeles_model/Evaldf_0.0002.csv",2.24018578968798,3.06913108089765
"single_latent_los_angeles_model","2A","single-latent cGAN","LALegacy","Los Angeles Model",2e-04,42,5,16,74,484.861431105422,138569.214026887,749901.687012077,548420.187662065,1025404.52163311,-0.7333375769811,512.885626498752,173133.206799764,836329.664860772,611185.613808974,1144410.62178657,-0.683997128440116,"/Users/9oy/Documents/Projects/IM3/EvaluationP/Script/Revision/5_UrbanScaling/data/model_evaldfs/single_latent_los_angeles_model/Evaldf_0.0002.csv",2.24018578968798,3.06913108089765
"single_latent_los_angeles_model","2A","single-latent cGAN","LALegacy","Los Angeles Model",2e-04,43,6,5,1020,509.713033536622,580328.194654566,826315.928061291,603915.760038489,1130617.9738119,-0.153472453462782,1038.68675336805,18703882.5606851,3290896.38093141,2383268.5140759,4544179.10783618,0.754617558883984,"/Users/9oy/Documents/Projects/IM3/EvaluationP/Script/Revision/5_UrbanScaling/data/model_evaldfs/single_latent_los_angeles_model/Evaldf_0.0002.csv",2.24018578968798,3.06913108089765
"single_latent_los_angeles_model","2A","single-latent cGAN","LALegacy","Los Angeles Model",2e-04,44,6,6,1894,953.182772081825,1452474.522762,2785400.4123129,2019415.42304141,3841931.36706266,-0.282779112190674,1669.87340621542,9407703.01028866,8271931.05964477,5954109.68112573,11492036.1095161,0.0558766925558535,"/Users/9oy/Documents/Projects/IM3/EvaluationP/Script/Revision/5_UrbanScaling/data/model_evaldfs/single_latent_los_angeles_model/Evaldf_0.0002.csv",2.24018578968798,3.06913108089765
"single_latent_los_angeles_model","2A","single-latent cGAN","LALegacy","Los Angeles Model",2e-04,45,6,7,794,678.617933593837,566574.182990458,1440283.95071486,1048773.24805751,1977946.96091739,-0.405191340114678,910.179821480569,2772965.39190108,2546634.8501144,1847405.62476457,3510517.11269078,0.0369777713802011,"/Users/9oy/Documents/Projects/IM3/EvaluationP/Script/Revision/5_UrbanScaling/data/model_evaldfs/single_latent_los_angeles_model/Evaldf_0.0002.csv",2.24018578968798,3.06913108089765
"single_latent_los_angeles_model","2A","single-latent cGAN","LALegacy","Los Angeles Model",2e-04,46,6,8,842,922.504774482705,1227765.49891185,2614006.04702173,1895951.1016485,3604010.46626413,-0.328191162675653,1504.48706738476,6679005.85108356,6755785.34507676,4869312.30077867,9373117.35405745,-0.00496401813919723,"/Users/9oy/Documents/Projects/IM3/EvaluationP/Script/Revision/5_UrbanScaling/data/model_evaldfs/single_latent_los_angeles_model/Evaldf_0.0002.csv",2.24018578968798,3.06913108089765
"single_latent_los_angeles_model","2A","single-latent cGAN","LALegacy","Los Angeles Model",2e-04,47,6,9,1391,615.824349136613,740624.013244462,1192852.46360754,869684.860638699,1636106.43847427,-0.206988942781473,727.689718266758,2253482.5107051,1649338.894412,1199924.37648653,2267075.19400974,0.13554429130599,"/Users/9oy/Documents/Projects/IM3/EvaluationP/Script/Revision/5_UrbanScaling/data/model_evaldfs/single_latent_los_angeles_model/Evaldf_0.0002.csv",2.24018578968798,3.06913108089765
"single_latent_los_angeles_model","2A","single-latent cGAN","LALegacy","Los Angeles Model",2e-04,48,6,10,2337,358.707377646941,475776.234394208,417765.927527615,306706.779886436,569039.81799043,0.0564697281338047,432.907072112222,1157303.49963683,601794.369339094,440747.180968937,821687.531096796,0.283999146446125,"/Users/9oy/Documents/Projects/IM3/EvaluationP/Script/Revision/5_UrbanScaling/data/model_evaldfs/single_latent_los_angeles_model/Evaldf_0.0002.csv",2.24018578968798,3.06913108089765
"single_latent_los_angeles_model","2A","single-latent cGAN","LALegacy","Los Angeles Model",2e-04,49,6,11,1784,668.512054852305,855569.278337335,1398938.03823759,1018862.70359891,1920796.22496265,-0.213543297553376,790.747009849885,1867973.02927979,1938089.13062028,1408491.04585597,2666818.14504952,-0.0160031445265159,"/Users/9oy/Documents/Projects/IM3/EvaluationP/Script/Revision/5_UrbanScaling/data/model_evaldfs/single_latent_los_angeles_model/Evaldf_0.0002.csv",2.24018578968798,3.06913108089765
"single_latent_los_angeles_model","2A","single-latent cGAN","LALegacy","Los Angeles Model",2e-04,50,6,12,1799,581.497941130518,325651.429409449,1067165.2673064,778622.300743419,1462636.89937699,-0.515478693156154,697.966707392815,606519.087996735,1521073.15705145,1107201.68880575,2089649.58461906,-0.399305628977548,"/Users/9oy/Documents/Projects/IM3/EvaluationP/Script/Revision/5_UrbanScaling/data/model_evaldfs/single_latent_los_angeles_model/Evaldf_0.0002.csv",2.24018578968798,3.06913108089765
"single_latent_los_angeles_model","2A","single-latent cGAN","LALegacy","Los Angeles Model",2e-04,51,6,13,2220,603.376845836572,720438.358325337,1146491.71657707,836103.460729785,1572105.98677889,-0.201774093372222,826.698205302608,3231376.39946596,2112803.12238609,1534586.32726044,2908886.22859913,0.184528518743143,"/Users/9oy/Documents/Projects/IM3/EvaluationP/Script/Revision/5_UrbanScaling/data/model_evaldfs/single_latent_los_angeles_model/Evaldf_0.0002.csv",2.24018578968798,3.06913108089765
"single_latent_los_angeles_model","2A","single-latent cGAN","LALegacy","Los Angeles Model",2e-04,52,6,14,2343,555.001800375208,366382.263740027,974794.637747871,711653.30261317,1335235.26454919,-0.424978689835997,614.676786264456,1032449.41655927,1188541.08163993,866562.281267088,1630153.92347827,-0.0611454144209842,"/Users/9oy/Documents/Projects/IM3/EvaluationP/Script/Revision/5_UrbanScaling/data/model_evaldfs/single_latent_los_angeles_model/Evaldf_0.0002.csv",2.24018578968798,3.06913108089765
"single_latent_los_angeles_model","2A","single-latent cGAN","LALegacy","Los Angeles Model",2e-04,53,6,15,2667,626.449960168314,556563.236277032,1233132.17426746,898854.438526425,1691725.48305651,-0.345495113623751,625.389577303888,895042.157953957,1229083.3305036,895922.653737882,1686134.20703145,-0.137737836794611,"/Users/9oy/Documents/Projects/IM3/EvaluationP/Script/Revision/5_UrbanScaling/data/model_evaldfs/single_latent_los_angeles_model/Evaldf_0.0002.csv",2.24018578968798,3.06913108089765
"single_latent_los_angeles_model","2A","single-latent cGAN","LALegacy","Los Angeles Model",2e-04,54,6,16,2060,590.410226536885,422739.719581713,1099145.69966348,801799.099937803,1506763.06469094,-0.414982210110018,681.054275436625,803461.307266405,1450339.02710266,1056046.44676685,1991847.32828467,-0.256504566496438,"/Users/9oy/Documents/Projects/IM3/EvaluationP/Script/Revision/5_UrbanScaling/data/model_evaldfs/single_latent_los_angeles_model/Evaldf_0.0002.csv",2.24018578968798,3.06913108089765
"single_latent_los_angeles_model","2A","single-latent cGAN","LALegacy","Los Angeles Model",2e-04,55,7,5,256,1089.48977490873,708084.488927063,3610554.0555474,2613161.25346472,4988632.28235362,-0.707488770461224,832.259801957495,1396697.43707579,2140483.72060941,1554557.5948064,2947250.44186252,-0.185409592946458,"/Users/9oy/Documents/Projects/IM3/EvaluationP/Script/Revision/5_UrbanScaling/data/model_evaldfs/single_latent_los_angeles_model/Evaldf_0.0002.csv",2.24018578968798,3.06913108089765
"single_latent_los_angeles_model","2A","single-latent cGAN","LALegacy","Los Angeles Model",2e-04,56,7,6,1440,931.578679851979,1306968.68015254,2664151.1929205,1932078.66415558,3673609.00485998,-0.309293687402422,1298.05081345611,6011821.84378054,5072770.40408238,3663197.92461287,7024736.33751409,0.0737608956917206,"/Users/9oy/Documents/Projects/IM3/EvaluationP/Script/Revision/5_UrbanScaling/data/model_evaldfs/single_latent_los_angeles_model/Evaldf_0.0002.csv",2.24018578968798,3.06913108089765
"single_latent_los_angeles_model","2A","single-latent cGAN","LALegacy","Los Angeles Model",2e-04,57,7,7,1468,888.555077433825,1058535.49061918,2430491.13040261,1763696.17704971,3349379.11179655,-0.360988616899656,1181.37426202109,6830594.79169797,4225111.45029169,3054772.02534888,5843829.46395065,0.208620353355097,"/Users/9oy/Documents/Projects/IM3/EvaluationP/Script/Revision/5_UrbanScaling/data/model_evaldfs/single_latent_los_angeles_model/Evaldf_0.0002.csv",2.24018578968798,3.06913108089765
"single_latent_los_angeles_model","2A","single-latent cGAN","LALegacy","Los Angeles Model",2e-04,58,7,8,1181,869.95154865798,1141530.52834178,2332678.76834142,1693178.38472698,3213713.50198772,-0.310367406036341,1050.11801577532,7428508.19374722,3361570.14880052,2434108.21426945,4642420.4967807,0.34435942824005,"/Users/9oy/Documents/Projects/IM3/EvaluationP/Script/Revision/5_UrbanScaling/data/model_evaldfs/single_latent_los_angeles_model/Evaldf_0.0002.csv",2.24018578968798,3.06913108089765
"single_latent_los_angeles_model","2A","single-latent cGAN","LALegacy","Los Angeles Model",2e-04,59,7,9,1236,685.013729540336,768866.586824455,1466752.51547721,1067918.19792624,2014539.07783987,-0.280505853829537,1201.43129069522,7251579.66513516,4365478.04666436,3155575.10387965,6039279.03743383,0.220400813890621,"/Users/9oy/Documents/Projects/IM3/EvaluationP/Script/Revision/5_UrbanScaling/data/model_evaldfs/single_latent_los_angeles_model/Evaldf_0.0002.csv",2.24018578968798,3.06913108089765
"single_latent_los_angeles_model","2A","single-latent cGAN","LALegacy","Los Angeles Model",2e-04,60,7,10,1155,717.5915784975,905536.495923311,1605197.12687282,1168020.08478358,2206004.71660398,-0.248622415308386,1109.84690137856,4906835.70819768,3742671.2992855,2708137.83234758,5172406.03014391,0.11761983027071,"/Users/9oy/Documents/Projects/IM3/EvaluationP/Script/Revision/5_UrbanScaling/data/model_evaldfs/single_latent_los_angeles_model/Evaldf_0.0002.csv",2.24018578968798,3.06913108089765
"single_latent_los_angeles_model","2A","single-latent cGAN","LALegacy","Los Angeles Model",2e-04,61,7,11,1226,578.23149943597,591859.795517622,1055558.8067053,770209.758650552,1446624.61348875,-0.251263593734545,655.994553274368,1453492.31057747,1348535.49462251,982392.460978863,1851142.03588733,0.0325503566144324,"/Users/9oy/Documents/Projects/IM3/EvaluationP/Script/Revision/5_UrbanScaling/data/model_evaldfs/single_latent_los_angeles_model/Evaldf_0.0002.csv",2.24018578968798,3.06913108089765
"single_latent_los_angeles_model","2A","single-latent cGAN","LALegacy","Los Angeles Model",2e-04,62,7,12,2081,601.202996586042,719828.910089941,1138486.63385448,830304.080445989,1561056.78147349,-0.199098651248722,792.044902540006,2553495.8108499,1944269.31642137,1412952.67950271,2675378.46781116,0.118378727320311,"/Users/9oy/Documents/Projects/IM3/EvaluationP/Script/Revision/5_UrbanScaling/data/model_evaldfs/single_latent_los_angeles_model/Evaldf_0.0002.csv",2.24018578968798,3.06913108089765
"single_latent_los_angeles_model","2A","single-latent cGAN","LALegacy","Los Angeles Model",2e-04,63,7,13,2157,334.147755591014,389754.30854546,364030.488008993,267500.007647745,495395.111818356,0.0296531669242647,255.966596164736,439550.930781802,216981.561305101,159991.116490936,294272.575746833,0.30658637417387,"/Users/9oy/Documents/Projects/IM3/EvaluationP/Script/Revision/5_UrbanScaling/data/model_evaldfs/single_latent_los_angeles_model/Evaldf_0.0002.csv",2.24018578968798,3.06913108089765
"single_latent_los_angeles_model","2A","single-latent cGAN","LALegacy","Los Angeles Model",2e-04,64,7,14,2805,665.504091713327,687392.253448542,1386744.43093295,1010040.46988256,1903943.62806785,-0.304791796901671,724.231158505416,1545285.25060957,1634155.1981685,1188950.72005517,2246067.19745057,-0.0242846403733731,"/Users/9oy/Documents/Projects/IM3/EvaluationP/Script/Revision/5_UrbanScaling/data/model_evaldfs/single_latent_los_angeles_model/Evaldf_0.0002.csv",2.24018578968798,3.06913108089765
"single_latent_los_angeles_model","2A","single-latent cGAN","LALegacy","Los Angeles Model",2e-04,65,7,15,3917,978.682553698193,1940475.96455694,2931877.70857814,2124890.70243893,4045340.72655647,-0.179237583729391,1155.25252711303,4779601.99271333,4045638.63135385,2925852.75204905,5593990.30728401,0.0724046458491493,"/Users/9oy/Documents/Projects/IM3/EvaluationP/Script/Revision/5_UrbanScaling/data/model_evaldfs/single_latent_los_angeles_model/Evaldf_0.0002.csv",2.24018578968798,3.06913108089765
"single_latent_los_angeles_model","2A","single-latent cGAN","LALegacy","Los Angeles Model",2e-04,66,7,16,3141,1210.56342480347,2780060.17418548,4430124.84244717,3201993.39515749,6129308.74540492,-0.202361768673943,1229.96104597647,7213943.35294946,4568969.7683616,3301673.04796849,6322698.95925853,0.198354443268808,"/Users/9oy/Documents/Projects/IM3/EvaluationP/Script/Revision/5_UrbanScaling/data/model_evaldfs/single_latent_los_angeles_model/Evaldf_0.0002.csv",2.24018578968798,3.06913108089765
"single_latent_los_angeles_model","2A","single-latent cGAN","LALegacy","Los Angeles Model",2e-04,67,8,5,180,433.627791835695,254598.36247382,603740.854965941,442163.31574922,824362.869944053,-0.374994959396996,1244.22591636228,1770535.18860355,4672400.49397937,3375915.04981642,6466787.83499777,-0.421435498583696,"/Users/9oy/Documents/Projects/IM3/EvaluationP/Script/Revision/5_UrbanScaling/data/model_evaldfs/single_latent_los_angeles_model/Evaldf_0.0002.csv",2.24018578968798,3.06913108089765
"single_latent_los_angeles_model","2A","single-latent cGAN","LALegacy","Los Angeles Model",2e-04,68,8,6,1595,843.878922562565,1115312.75558791,2198876.74583409,1596681.98466667,3028191.58091729,-0.294804217270424,1195.48231173973,5477007.77771436,4323612.85040426,3125512.24516207,5980980.59257855,0.102696558697917,"/Users/9oy/Documents/Projects/IM3/EvaluationP/Script/Revision/5_UrbanScaling/data/model_evaldfs/single_latent_los_angeles_model/Evaldf_0.0002.csv",2.24018578968798,3.06913108089765
"single_latent_los_angeles_model","2A","single-latent cGAN","LALegacy","Los Angeles Model",2e-04,69,8,7,2014,843.570494478847,1637399.34369314,2197316.8659515,1595556.79347714,3026029.17623068,-0.127738077264039,928.312433080921,7649795.89366982,2646047.70595034,1919036.35277941,3648481.41205059,0.461052177900682,"/Users/9oy/Documents/Projects/IM3/EvaluationP/Script/Revision/5_UrbanScaling/data/model_evaldfs/single_latent_los_angeles_model/Evaldf_0.0002.csv",2.24018578968798,3.06913108089765
"single_latent_los_angeles_model","2A","single-latent cGAN","LALegacy","Los Angeles Model",2e-04,70,8,8,1604,666.257717499513,1001704.04407716,1389794.60100498,1012247.35562809,1908159.12952829,-0.142211193113996,946.876299027523,10406212.2773141,2749736.04161591,1993728.76030616,3792415.72329049,0.57800167473335,"/Users/9oy/Documents/Projects/IM3/EvaluationP/Script/Revision/5_UrbanScaling/data/model_evaldfs/single_latent_los_angeles_model/Evaldf_0.0002.csv",2.24018578968798,3.06913108089765
"single_latent_los_angeles_model","2A","single-latent cGAN","LALegacy","Los Angeles Model",2e-04,71,8,9,1141,776.549266018648,950706.108545699,1871106.85909242,1360128.73235745,2574051.1135843,-0.294052306428579,844.450768536356,3342836.78021573,2201770.28594474,1598769.17359882,3032202.81709387,0.181343165538517,"/Users/9oy/Documents/Projects/IM3/EvaluationP/Script/Revision/5_UrbanScaling/data/model_evaldfs/single_latent_los_angeles_model/Evaldf_0.0002.csv",2.24018578968798,3.06913108089765
"single_latent_los_angeles_model","2A","single-latent cGAN","LALegacy","Los Angeles Model",2e-04,72,8,10,1749,1559.93125930152,2931952.50939893,7247482.18495056,5221280.70835272,10059983.5471684,-0.393030224991565,1909.30696942455,8171242.01270831,10729390.8508537,7709699.48477834,14931817.8040103,-0.118286992626641,"/Users/9oy/Documents/Projects/IM3/EvaluationP/Script/Revision/5_UrbanScaling/data/model_evaldfs/single_latent_los_angeles_model/Evaldf_0.0002.csv",2.24018578968798,3.06913108089765
"single_latent_los_angeles_model","2A","single-latent cGAN","LALegacy","Los Angeles Model",2e-04,73,8,11,1656,776.539377461747,862271.969487029,1871060.60490042,1360095.33214986,2573987.06138974,-0.336443586417637,978.77751534797,1770610.36496054,2932429.99363894,2125288.32441319,4046107.80044048,-0.21910465072734,"/Users/9oy/Documents/Projects/IM3/EvaluationP/Script/Revision/5_UrbanScaling/data/model_evaldfs/single_latent_los_angeles_model/Evaldf_0.0002.csv",2.24018578968798,3.06913108089765
"single_latent_los_angeles_model","2A","single-latent cGAN","LALegacy","Los Angeles Model",2e-04,74,8,12,1418,781.330224341852,1075263.27545304,1893534.94397415,1376323.43833442,2605110.45891235,-0.245758510996254,936.440919742935,1880688.50229895,2691211.47580185,1951572.63583312,3711170.71150967,-0.155630956548689,"/Users/9oy/Documents/Projects/IM3/EvaluationP/Script/Revision/5_UrbanScaling/data/model_evaldfs/single_latent_los_angeles_model/Evaldf_0.0002.csv",2.24018578968798,3.06913108089765
"single_latent_los_angeles_model","2A","single-latent cGAN","LALegacy","Los Angeles Model",2e-04,75,8,13,180,301.681833750895,212666.501032299,298514.151176609,219644.935182035,405703.406631431,-0.147265838094814,592.693337638552,538871.484006976,1107411.96381441,807789.080407869,1518170.13542704,-0.312824008842993,"/Users/9oy/Documents/Projects/IM3/EvaluationP/Script/Revision/5_UrbanScaling/data/model_evaldfs/single_latent_los_angeles_model/Evaldf_0.0002.csv",2.24018578968798,3.06913108089765
"single_latent_los_angeles_model","2A","single-latent cGAN","LALegacy","Los Angeles Model",2e-04,76,8,14,4417,693.109145822486,953641.929825077,1500589.8605564,1092389.7286937,2061324.69983709,-0.196876669688644,1216.17159755223,4068648.38380041,4470053.69319648,3230661.23518302,6184919.60792899,-0.0408625804419245,"/Users/9oy/Documents/Projects/IM3/EvaluationP/Script/Revision/5_UrbanScaling/data/model_evaldfs/single_latent_los_angeles_model/Evaldf_0.0002.csv",2.24018578968798,3.06913108089765
"single_latent_los_angeles_model","2A","single-latent cGAN","LALegacy","Los Angeles Model",2e-04,77,8,15,2931,665.113846307402,478109.22966034,1385166.25712554,1008898.60315246,1901762.52983596,-0.461974775907144,788.600225938371,809308.014211478,1927887.71544455,1401126.17812614,2652688.31700281,-0.376967894971413,"/Users/9oy/Documents/Projects/IM3/EvaluationP/Script/Revision/5_UrbanScaling/data/model_evaldfs/single_latent_los_angeles_model/Evaldf_0.0002.csv",2.24018578968798,3.06913108089765
"single_latent_los_angeles_model","2A","single-latent cGAN","LALegacy","Los Angeles Model",2e-04,78,8,16,35,457.844179038858,522328.217019725,670913.04198429,491015.501034414,916721.180810677,-0.108722746511847,305.374695354039,236294.989904333,305648.663041884,224859.319892721,415464.679266407,-0.111767986946383,"/Users/9oy/Documents/Projects/IM3/EvaluationP/Script/Revision/5_UrbanScaling/data/model_evaldfs/single_latent_los_angeles_model/Evaldf_0.0002.csv",2.24018578968798,3.06913108089765
"single_latent_los_angeles_model","2A","single-latent cGAN","LALegacy","Los Angeles Model",2e-04,79,9,5,861,427.740348895369,240910.429920059,587929.592088631,430659.19916307,802632.814822606,-0.387469717307127,522.963589678479,1610113.25376242,868526.80653533,634556.48632796,1188765.42896229,0.26807319773064,"/Users/9oy/Documents/Projects/IM3/EvaluationP/Script/Revision/5_UrbanScaling/data/model_evaldfs/single_latent_los_angeles_model/Evaldf_0.0002.csv",2.24018578968798,3.06913108089765
"single_latent_los_angeles_model","2A","single-latent cGAN","LALegacy","Los Angeles Model",2e-04,80,9,6,1697,668.504305598079,1945192.45360401,1398906.55800134,1018839.927895,1920752.7153577,0.143173869920165,787.79014517315,3831196.41517572,1924045.0343419,1398351.90426909,2647366.0048475,0.299119184718498,"/Users/9oy/Documents/Projects/IM3/EvaluationP/Script/Revision/5_UrbanScaling/data/model_evaldfs/single_latent_los_angeles_model/Evaldf_0.0002.csv",2.24018578968798,3.06913108089765
"single_latent_los_angeles_model","2A","single-latent cGAN","LALegacy","Los Angeles Model",2e-04,81,9,7,2248,452.839325802174,601959.565745086,656748.893117745,480717.175628597,897240.894393632,-0.0378320292783188,597.335393158405,4586798.08781329,1124311.64063128,820034.169707593,1541492.67427448,0.610622915600731,"/Users/9oy/Documents/Projects/IM3/EvaluationP/Script/Revision/5_UrbanScaling/data/model_evaldfs/single_latent_los_angeles_model/Evaldf_0.0002.csv",2.24018578968798,3.06913108089765
"single_latent_los_angeles_model","2A","single-latent cGAN","LALegacy","Los Angeles Model",2e-04,82,9,8,1464,750.081288467554,967828.87658482,1749288.28037577,1272144.02105803,2405395.48762334,-0.257062810753562,1163.00822556604,7105420.11457003,4098530.89560854,2963850.28846924,5667612.6886738,0.238961547847324,"/Users/9oy/Documents/Projects/IM3/EvaluationP/Script/Revision/5_UrbanScaling/data/model_evaldfs/single_latent_los_angeles_model/Evaldf_0.0002.csv",2.24018578968798,3.06913108089765
"single_latent_los_angeles_model","2A","single-latent cGAN","LALegacy","Los Angeles Model",2e-04,83,9,9,1423,633.735664072727,811378.031179465,1261125.60602885,919122.868688961,1730386.4895128,-0.191535099143452,767.090833342516,1898132.83409414,1827118.00996751,1328361.84368034,2513140.70652499,0.0165600032268059,"/Users/9oy/Documents/Projects/IM3/EvaluationP/Script/Revision/5_UrbanScaling/data/model_evaldfs/single_latent_los_angeles_model/Evaldf_0.0002.csv",2.24018578968798,3.06913108089765
"single_latent_los_angeles_model","2A","single-latent cGAN","LALegacy","Los Angeles Model",2e-04,84,9,10,1692,802.628948861953,663282.403303656,1995023.479733,1449589.8805592,2745686.03027954,-0.478249535590004,957.598877366374,2446849.68883005,2810507.01471514,2037496.72390109,3876791.35239997,-0.0601773823320428,"/Users/9oy/Documents/Projects/IM3/EvaluationP/Script/Revision/5_UrbanScaling/data/model_evaldfs/single_latent_los_angeles_model/Evaldf_0.0002.csv",2.24018578968798,3.06913108089765
"single_latent_los_angeles_model","2A","single-latent cGAN","LALegacy","Los Angeles Model",2e-04,85,9,11,1663,880.020208299792,1127122.85626373,2385375.23149155,1731172.26372762,3286798.84390099,-0.325585448775296,1255.1810252176,7194605.82769646,4752594.95675978,3433470.69359092,6578520.9307832,0.180076202326128,"/Users/9oy/Documents/Projects/IM3/EvaluationP/Script/Revision/5_UrbanScaling/data/model_evaldfs/single_latent_los_angeles_model/Evaldf_0.0002.csv",2.24018578968798,3.06913108089765
"single_latent_los_angeles_model","2A","single-latent cGAN","LALegacy","Los Angeles Model",2e-04,86,9,12,2144,756.712978862954,855046.798281388,1779437.18926692,1293923.04826422,2447129.07370639,-0.318292777731778,803.426761161533,1377410.66346724,1998874.96506018,1452369.84486769,2751021.81449406,-0.161722187864502,"/Users/9oy/Documents/Projects/IM3/EvaluationP/Script/Revision/5_UrbanScaling/data/model_evaldfs/single_latent_los_angeles_model/Evaldf_0.0002.csv",2.24018578968798,3.06913108089765
"single_latent_los_angeles_model","2A","single-latent cGAN","LALegacy","Los Angeles Model",2e-04,87,9,13,1169,455.06966825263,272396.272821308,663042.84511241,485293.497858463,905896.774621487,-0.386340432090704,678.42266324901,581185.791516377,1439479.51476671,1048191.35609349,1976834.9179634,-0.393890500429934,"/Users/9oy/Documents/Projects/IM3/EvaluationP/Script/Revision/5_UrbanScaling/data/model_evaldfs/single_latent_los_angeles_model/Evaldf_0.0002.csv",2.24018578968798,3.06913108089765
"single_latent_los_angeles_model","2A","single-latent cGAN","LALegacy","Los Angeles Model",2e-04,88,9,14,89,78.4630331549795,34874.5816481522,21854.1172597485,16360.7418149032,29191.9795939683,0.202975737578139,483.14763940328,389491.767438766,744764.648601189,544688.129624864,1018333.88986844,-0.281520771443482,"/Users/9oy/Documents/Projects/IM3/EvaluationP/Script/Revision/5_UrbanScaling/data/model_evaldfs/single_latent_los_angeles_model/Evaldf_0.0002.csv",2.24018578968798,3.06913108089765
"single_latent_los_angeles_model","2A","single-latent cGAN","LALegacy","Los Angeles Model",2e-04,89,10,5,11,154.713071213954,149217.749511686,81648.2341783878,60593.8721845686,110018.289046505,0.261873689107346,0,0,0,0,0,NA,"/Users/9oy/Documents/Projects/IM3/EvaluationP/Script/Revision/5_UrbanScaling/data/model_evaldfs/single_latent_los_angeles_model/Evaldf_0.0002.csv",2.24018578968798,3.06913108089765
"single_latent_los_angeles_model","2A","single-latent cGAN","LALegacy","Los Angeles Model",2e-04,90,10,6,540,355.248535516063,330454.751333958,409981.281475238,301029.075432956,558366.831902631,-0.0936520279688693,392.633466133176,678205.569726434,497878.042451059,365097.756239843,678948.421123842,0.134238378748734,"/Users/9oy/Documents/Projects/IM3/EvaluationP/Script/Revision/5_UrbanScaling/data/model_evaldfs/single_latent_los_angeles_model/Evaldf_0.0002.csv",2.24018578968798,3.06913108089765
"single_latent_los_angeles_model","2A","single-latent cGAN","LALegacy","Los Angeles Model",2e-04,91,10,7,2166,206.131747208791,194197.43339992,142517.001090929,105377.462608353,192746.10620907,0.13437681063143,65.9979350819489,244861.16653676,15619.7714371839,11719.5134518941,20818.0365807281,1.19524523958022,"/Users/9oy/Documents/Projects/IM3/EvaluationP/Script/Revision/5_UrbanScaling/data/model_evaldfs/single_latent_los_angeles_model/Evaldf_0.0002.csv",2.24018578968798,3.06913108089765
"single_latent_los_angeles_model","2A","single-latent cGAN","LALegacy","Los Angeles Model",2e-04,92,10,8,310,375.174941246696,475891.80655231,455801.394459125,334437.982239345,621206.089690497,0.0187325780899926,422.343926117569,857660.806415707,573615.783010418,420242.85052389,782964.103038202,0.174694471624493,"/Users/9oy/Documents/Projects/IM3/EvaluationP/Script/Revision/5_UrbanScaling/data/model_evaldfs/single_latent_los_angeles_model/Evaldf_0.0002.csv",2.24018578968798,3.06913108089765
"single_latent_los_angeles_model","2A","single-latent cGAN","LALegacy","Los Angeles Model",2e-04,93,10,9,1581,480.260268496739,747477.106337674,736148.571299389,538428.167017118,1006475.42647765,0.0066324221126582,557.114142758181,1693581.74777007,982009.888885921,716885.845389827,1345184.07368659,0.236690303341977,"/Users/9oy/Documents/Projects/IM3/EvaluationP/Script/Revision/5_UrbanScaling/data/model_evaldfs/single_latent_los_angeles_model/Evaldf_0.0002.csv",2.24018578968798,3.06913108089765
"single_latent_los_angeles_model","2A","single-latent cGAN","LALegacy","Los Angeles Model",2e-04,94,10,10,1043,814.191355471606,705879.682246505,2051193.73365992,1490129.53571675,2823510.05879632,-0.463275999563162,989.426300230363,1500713.71006978,2994681.88988178,2170103.91310894,4132576.12569253,-0.3000528460982,"/Users/9oy/Documents/Projects/IM3/EvaluationP/Script/Revision/5_UrbanScaling/data/model_evaldfs/single_latent_los_angeles_model/Evaldf_0.0002.csv",2.24018578968798,3.06913108089765
"single_latent_los_angeles_model","2A","single-latent cGAN","LALegacy","Los Angeles Model",2e-04,95,10,11,2489,775.780070029703,955090.006762458,1867510.56432932,1357531.82727795,2569071.04334692,-0.2912187662508,1029.82299084122,5302846.27341038,3236597.50207388,2344203.31175646,4468709.40668613,0.214420342728336,"/Users/9oy/Documents/Projects/IM3/EvaluationP/Script/Revision/5_UrbanScaling/data/model_evaldfs/single_latent_los_angeles_model/Evaldf_0.0002.csv",2.24018578968798,3.06913108089765
"single_latent_los_angeles_model","2A","single-latent cGAN","LALegacy","Los Angeles Model",2e-04,96,10,12,1490,527.950477223404,311795.986043041,884676.971016831,646277.200164879,1211018.03196499,-0.452914202392783,550.153533001823,879606.67503288,958331.713744386,699713.330180622,1312537.05475524,-0.0372273439322629,"/Users/9oy/Documents/Projects/IM3/EvaluationP/Script/Revision/5_UrbanScaling/data/model_evaldfs/single_latent_los_angeles_model/Evaldf_0.0002.csv",2.24018578968798,3.06913108089765
"single_latent_los_angeles_model","2A","single-latent cGAN","LALegacy","Los Angeles Model",2e-04,97,10,13,323,419.895543062597,272033.423043447,567177.964515556,415557.406384378,774118.902682858,-0.319097083330782,288.264149193542,303228.778749071,273279.985250615,201195.338396449,371191.255889926,0.0451625912416359,"/Users/9oy/Documents/Projects/IM3/EvaluationP/Script/Revision/5_UrbanScaling/data/model_evaldfs/single_latent_los_angeles_model/Evaldf_0.0002.csv",2.24018578968798,3.06913108089765
"single_latent_los_angeles_model","2A","single-latent cGAN","LALegacy","Los Angeles Model",2e-04,98,11,9,1483,501.83475595862,447247.203273745,801702.556887792,586044.252817788,1096720.91592077,-0.253465635187041,723.861362016473,1292791.54934371,1632535.75502897,1187780.26621617,2243826.62959899,-0.101334197199452,"/Users/9oy/Documents/Projects/IM3/EvaluationP/Script/Revision/5_UrbanScaling/data/model_evaldfs/single_latent_los_angeles_model/Evaldf_0.0002.csv",2.24018578968798,3.06913108089765
"single_latent_los_angeles_model","2A","single-latent cGAN","LALegacy","Los Angeles Model",2e-04,99,11,10,1600,933.443527183908,948401.930741811,2674514.12803147,1939544.1786159,3687993.24083688,-0.450252466946215,848.991217894146,1925273.24509007,2224810.43194923,1615388.00988572,3064143.98758619,-0.0628006366135237,"/Users/9oy/Documents/Projects/IM3/EvaluationP/Script/Revision/5_UrbanScaling/data/model_evaldfs/single_latent_los_angeles_model/Evaldf_0.0002.csv",2.24018578968798,3.06913108089765
"single_latent_los_angeles_model","2A","single-latent cGAN","LALegacy","Los Angeles Model",2e-04,100,11,11,2218,706.08431295607,848093.854922378,1555603.80803139,1132168.64704161,2137405.24778271,-0.263455081174867,934.015168190648,5985965.28678542,2677694.63671249,1941835.3958356,3692408.00886394,0.349373145273413,"/Users/9oy/Documents/Projects/IM3/EvaluationP/Script/Revision/5_UrbanScaling/data/model_evaldfs/single_latent_los_angeles_model/Evaldf_0.0002.csv",2.24018578968798,3.06913108089765
"single_latent_los_angeles_model","2A","single-latent cGAN","LALegacy","Los Angeles Model",2e-04,101,11,12,4341,651.330193214537,649689.456040122,1329983.55040077,968966.402463807,1825508.33531374,-0.311140450970373,956.38611475605,1304734.19120053,2803601.29250715,2032523.46016503,3867202.69723703,-0.332194208094181,"/Users/9oy/Documents/Projects/IM3/EvaluationP/Script/Revision/5_UrbanScaling/data/model_evaldfs/single_latent_los_angeles_model/Evaldf_0.0002.csv",2.24018578968798,3.06913108089765
"single_latent_los_angeles_model","2A","single-latent cGAN","LALegacy","Los Angeles Model",2e-04,102,11,13,855,400.416008975448,314900.007039193,517214.616735836,379181.795815338,705495.26036708,-0.215498119409759,1039.40080721279,1207289.01423203,3295289.69524865,2386429.08640227,4550285.71244187,-0.436082351498042,"/Users/9oy/Documents/Projects/IM3/EvaluationP/Script/Revision/5_UrbanScaling/data/model_evaldfs/single_latent_los_angeles_model/Evaldf_0.0002.csv",2.24018578968798,3.06913108089765
"single_latent_los_angeles_model","2A","single-latent cGAN","LALegacy","Los Angeles Model",2e-04,103,12,9,156,1047.04288889291,534050.972464203,3342486.59235275,2420381.01944049,4615891.68412856,-0.796486963642492,2165.45513946649,14098777.8418376,13699737.5852217,9828161.73001036,19096430.7527466,0.0124692188547669,"/Users/9oy/Documents/Projects/IM3/EvaluationP/Script/Revision/5_UrbanScaling/data/model_evaldfs/single_latent_los_angeles_model/Evaldf_0.0002.csv",2.24018578968798,3.06913108089765
"single_latent_los_angeles_model","2A","single-latent cGAN","LALegacy","Los Angeles Model",2e-04,104,12,10,1485,668.084338807113,571540.051203775,1397201.01675578,1017605.9771149,1918395.45474973,-0.388212223615944,994.441513579448,2088964.40383936,3024219.99222827,2191366.44145338,4173608.93567729,-0.160682340439566,"/Users/9oy/Documents/Projects/IM3/EvaluationP/Script/Revision/5_UrbanScaling/data/model_evaldfs/single_latent_los_angeles_model/Evaldf_0.0002.csv",2.24018578968798,3.06913108089765
"single_latent_los_angeles_model","2A","single-latent cGAN","LALegacy","Los Angeles Model",2e-04,105,12,11,2575,783.448634566423,1199362.7513856,1903514.09909025,1383528.70407767,2618930.79251355,-0.200605541101557,1067.68940591525,3583007.32768692,3471624.46064977,2513262.57324267,4795430.65817906,0.0137149566589502,"/Users/9oy/Documents/Projects/IM3/EvaluationP/Script/Revision/5_UrbanScaling/data/model_evaldfs/single_latent_los_angeles_model/Evaldf_0.0002.csv",2.24018578968798,3.06913108089765
"single_latent_los_angeles_model","2A","single-latent cGAN","LALegacy","Los Angeles Model",2e-04,106,12,12,5417,617.949797687866,496915.913654304,1200857.74349873,875482.599961802,1647159.3155407,-0.383208657698385,982.226450640545,2295147.61792145,2952522.75017013,2139753.92633128,4074015.4664507,-0.109382629219541,"/Users/9oy/Documents/Projects/IM3/EvaluationP/Script/Revision/5_UrbanScaling/data/model_evaldfs/single_latent_los_angeles_model/Evaldf_0.0002.csv",2.24018578968798,3.06913108089765
"single_latent_los_angeles_model","2A","single-latent cGAN","LALegacy","Los Angeles Model",2e-04,107,12,13,1890,354.310596050278,383857.39733389,407882.545900046,299498.248423629,555489.630158311,-0.0263652070630177,1137.45602827051,1321323.88637679,3925529.84829224,2839554.92875699,5426830.95641995,-0.472888997857899,"/Users/9oy/Documents/Projects/IM3/EvaluationP/Script/Revision/5_UrbanScaling/data/model_evaldfs/single_latent_los_angeles_model/Evaldf_0.0002.csv",2.24018578968798,3.06913108089765
"single_latent_los_angeles_model","2A","single-latent cGAN","LALegacy","Los Angeles Model",5e-04,1,1,4,376,511.962140588282,546379.722154329,833408.80816095,609065.166408637,1140387.39994901,-0.183363513174931,673.284322352117,776669.807421671,1418389.92386548,1032935.34472159,1947682.38535336,-0.261559214866573,"/Users/9oy/Documents/Projects/IM3/EvaluationP/Script/Revision/5_UrbanScaling/data/model_evaldfs/single_latent_los_angeles_model/Evaldf_0.0005.csv",2.45347634920192,3.06913108089765
"single_latent_los_angeles_model","2A","single-latent cGAN","LALegacy","Los Angeles Model",5e-04,2,1,5,2873,523.86843933207,519749.310244587,871446.470763371,636675.490207701,1192788.10490756,-0.224446793754275,919.540035845735,1253510.86855836,2597722.15738253,1884218.23128624,3581411.2690915,-0.31646459485402,"/Users/9oy/Documents/Projects/IM3/EvaluationP/Script/Revision/5_UrbanScaling/data/model_evaldfs/single_latent_los_angeles_model/Evaldf_0.0005.csv",2.45347634920192,3.06913108089765
"single_latent_los_angeles_model","2A","single-latent cGAN","LALegacy","Los Angeles Model",5e-04,3,1,6,1631,359.512414828837,300515.528646745,419587.96925975,308035.578080506,571538.08350511,-0.144956108910462,382.277176224914,608163.144087705,472701.090539566,346754.354811977,644393.698006926,0.109433493246531,"/Users/9oy/Documents/Projects/IM3/EvaluationP/Script/Revision/5_UrbanScaling/data/model_evaldfs/single_latent_los_angeles_model/Evaldf_0.0005.csv",2.45347634920192,3.06913108089765
"single_latent_los_angeles_model","2A","single-latent cGAN","LALegacy","Los Angeles Model",5e-04,4,1,7,540,618.522400853925,728613.41810478,1203018.83261502,877047.701993936,1650143.21152217,-0.217775261117475,820.132858823158,1685056.64388418,2080351.65564922,1511170.72044647,2863914.01885011,-0.0915222484036353,"/Users/9oy/Documents/Projects/IM3/EvaluationP/Script/Revision/5_UrbanScaling/data/model_evaldfs/single_latent_los_angeles_model/Evaldf_0.0005.csv",2.45347634920192,3.06913108089765
"single_latent_los_angeles_model","2A","single-latent cGAN","LALegacy","Los Angeles Model",5e-04,5,2,3,348,349.028909427261,183305.307823609,396161.774044516,290948.099519805,539423.187410837,-0.334697527155726,583.114429750892,488822.873437225,1072931.80534022,782801.751128536,1470592.85093704,-0.341420599838488,"/Users/9oy/Documents/Projects/IM3/EvaluationP/Script/Revision/5_UrbanScaling/data/model_evaldfs/single_latent_los_angeles_model/Evaldf_0.0005.csv",2.45347634920192,3.06913108089765
"single_latent_los_angeles_model","2A","single-latent cGAN","LALegacy","Los Angeles Model",5e-04,6,2,4,1396,679.680411324972,775277.723889179,1444664.75370157,1051942.08172371,1984003.00439335,-0.270309771655722,1088.67011100457,3302729.19463101,3605282.68065437,2609371.29047683,4981300.76576843,-0.0380663568426028,"/Users/9oy/Documents/Projects/IM3/EvaluationP/Script/Revision/5_UrbanScaling/data/model_evaldfs/single_latent_los_angeles_model/Evaldf_0.0005.csv",2.45347634920192,3.06913108089765
"single_latent_los_angeles_model","2A","single-latent cGAN","LALegacy","Los Angeles Model",5e-04,7,2,5,1481,994.542241833697,1593463.04605424,3024814.69142514,2191794.51195679,4174435.08848505,-0.27835677749517,1117.40056776099,2449083.63757663,3792279.82981508,2743794.69148165,5241422.16335305,-0.189896759372848,"/Users/9oy/Documents/Projects/IM3/EvaluationP/Script/Revision/5_UrbanScaling/data/model_evaldfs/single_latent_los_angeles_model/Evaldf_0.0005.csv",2.45347634920192,3.06913108089765
"single_latent_los_angeles_model","2A","single-latent cGAN","LALegacy","Los Angeles Model",5e-04,8,2,6,1384,722.661240554656,777387.556579488,1627285.44813258,1183985.54978801,2236562.70988966,-0.320826156090325,816.481194901174,1445455.32557506,2062407.48376139,1498221.92901256,2839048.43915773,-0.154369802362713,"/Users/9oy/Documents/Projects/IM3/EvaluationP/Script/Revision/5_UrbanScaling/data/model_evaldfs/single_latent_los_angeles_model/Evaldf_0.0005.csv",2.45347634920192,3.06913108089765
"single_latent_los_angeles_model","2A","single-latent cGAN","LALegacy","Los Angeles Model",5e-04,9,2,7,2309,373.498426386478,467622.356632938,451855.676706021,331561.941434941,615793.090388572,0.0148955235073134,391.641129620083,866225.085654845,495438.159967142,363320.382495047,675599.229159609,0.242641302575761,"/Users/9oy/Documents/Projects/IM3/EvaluationP/Script/Revision/5_UrbanScaling/data/model_evaldfs/single_latent_los_angeles_model/Evaldf_0.0005.csv",2.45347634920192,3.06913108089765
"single_latent_los_angeles_model","2A","single-latent cGAN","LALegacy","Los Angeles Model",5e-04,10,2,8,427,410.233719466407,324197.5696523,542117.024988287,397314.665813055,739692.979066705,-0.223283291519954,714.296708224943,1037885.38753054,1590919.99554161,1157699.78488831,2186254.55861023,-0.185498942791545,"/Users/9oy/Documents/Projects/IM3/EvaluationP/Script/Revision/5_UrbanScaling/data/model_evaldfs/single_latent_los_angeles_model/Evaldf_0.0005.csv",2.45347634920192,3.06913108089765
"single_latent_los_angeles_model","2A","single-latent cGAN","LALegacy","Los Angeles Model",5e-04,11,3,3,527,288.591405053171,261993.649329364,273882.583424121,201636.046809075,372015.17630475,-0.0192736514986031,748.711936674946,967507.682325204,1743094.06972155,1267669.12896712,2396821.74667618,-0.255666403209717,"/Users/9oy/Documents/Projects/IM3/EvaluationP/Script/Revision/5_UrbanScaling/data/model_evaldfs/single_latent_los_angeles_model/Evaldf_0.0005.csv",2.45347634920192,3.06913108089765
"single_latent_los_angeles_model","2A","single-latent cGAN","LALegacy","Los Angeles Model",5e-04,12,3,4,702,714.682046651201,1495113.03169,1592586.52682153,1158904.47732727,2188559.88136565,-0.0274290104057162,1298.66393956768,7280178.78945513,5077422.95427707,3666535.42661807,7031221.80941227,0.156498702951587,"/Users/9oy/Documents/Projects/IM3/EvaluationP/Script/Revision/5_UrbanScaling/data/model_evaldfs/single_latent_los_angeles_model/Evaldf_0.0005.csv",2.45347634920192,3.06913108089765
"single_latent_los_angeles_model","2A","single-latent cGAN","LALegacy","Los Angeles Model",5e-04,13,3,5,1135,650.997709762353,535689.686977766,1328665.8946911,968012.766921488,1823687.78598816,-0.394502501835746,896.596957145314,1312205.57855719,2473376.0037758,1794608.04622819,3408871.85305538,-0.275288263296267,"/Users/9oy/Documents/Projects/IM3/EvaluationP/Script/Revision/5_UrbanScaling/data/model_evaldfs/single_latent_los_angeles_model/Evaldf_0.0005.csv",2.45347634920192,3.06913108089765
"single_latent_los_angeles_model","2A","single-latent cGAN","LALegacy","Los Angeles Model",5e-04,14,3,6,1243,1071.30031071755,1196925.91612317,3494453.39986148,2529679.73340143,4827174.12902866,-0.465311982804507,1255.7773463723,2394884.38474863,4756979.18300034,3436617.07075511,6584629.73371849,-0.298046698619346,"/Users/9oy/Documents/Projects/IM3/EvaluationP/Script/Revision/5_UrbanScaling/data/model_evaldfs/single_latent_los_angeles_model/Evaldf_0.0005.csv",2.45347634920192,3.06913108089765
"single_latent_los_angeles_model","2A","single-latent cGAN","LALegacy","Los Angeles Model",5e-04,15,3,7,1433,719.21020778765,851505.628645208,1612233.52540651,1173106.15889725,2215738.89177099,-0.277240424704802,872.297067332883,2967360.04739782,2344903.53803191,1701992.88215146,3230667.21390981,0.102245263132542,"/Users/9oy/Documents/Projects/IM3/EvaluationP/Script/Revision/5_UrbanScaling/data/model_evaldfs/single_latent_los_angeles_model/Evaldf_0.0005.csv",2.45347634920192,3.06913108089765
"single_latent_los_angeles_model","2A","single-latent cGAN","LALegacy","Los Angeles Model",5e-04,16,3,8,487,602.290812864194,454438.596435149,1142489.05910583,833203.720081875,1566581.1598252,-0.400376839976439,774.987524175917,1375231.96846462,1863808.60891756,1354858.58947204,2563944.7228429,-0.132025354055256,"/Users/9oy/Documents/Projects/IM3/EvaluationP/Script/Revision/5_UrbanScaling/data/model_evaldfs/single_latent_los_angeles_model/Evaldf_0.0005.csv",2.45347634920192,3.06913108089765
"single_latent_los_angeles_model","2A","single-latent cGAN","LALegacy","Los Angeles Model",5e-04,17,3,9,431,421.779849048779,253583.438904541,572129.466144932,419161.140184243,780921.928706004,-0.353373428514037,610.900175449458,638713.709103656,1174405.84728948,856324.110665345,1610639.09910945,-0.264511967114479,"/Users/9oy/Documents/Projects/IM3/EvaluationP/Script/Revision/5_UrbanScaling/data/model_evaldfs/single_latent_los_angeles_model/Evaldf_0.0005.csv",2.45347634920192,3.06913108089765
"single_latent_los_angeles_model","2A","single-latent cGAN","LALegacy","Los Angeles Model",5e-04,18,3,10,15,275.761735196417,112380.11021511,250740.826884783,184706.64249199,340382.789804603,-0.348535600044673,258.818089714603,85810.7424537562,221698.646556791,163445.99164498,300712.727124395,-0.412221382206662,"/Users/9oy/Documents/Projects/IM3/EvaluationP/Script/Revision/5_UrbanScaling/data/model_evaldfs/single_latent_los_angeles_model/Evaldf_0.0005.csv",2.45347634920192,3.06913108089765
"single_latent_los_angeles_model","2A","single-latent cGAN","LALegacy","Los Angeles Model",5e-04,19,4,1,473,352.852540955128,276365.302153466,404630.369471553,297125.993491385,551031.345237835,-0.165574959399921,212.961918125678,245472.609263059,151827.239056222,112214.478096018,205423.675363093,0.208653344432248,"/Users/9oy/Documents/Projects/IM3/EvaluationP/Script/Revision/5_UrbanScaling/data/model_evaldfs/single_latent_los_angeles_model/Evaldf_0.0005.csv",2.45347634920192,3.06913108089765
"single_latent_los_angeles_model","2A","single-latent cGAN","LALegacy","Los Angeles Model",5e-04,20,4,2,320,306.531390000835,207788.960454419,307900.167760488,226504.704015903,418545.450165491,-0.170787455172726,327.102391751645,530926.127937993,349278.150543033,256729.838541717,475189.121528382,0.181862679622629,"/Users/9oy/Documents/Projects/IM3/EvaluationP/Script/Revision/5_UrbanScaling/data/model_evaldfs/single_latent_los_angeles_model/Evaldf_0.0005.csv",2.45347634920192,3.06913108089765
"single_latent_los_angeles_model","2A","single-latent cGAN","LALegacy","Los Angeles Model",5e-04,21,4,3,205,316.99009171012,143231.383441436,328621.516245023,241644.057231829,446905.676788784,-0.360657808430617,206.671442565237,238371.35404411,143242.265694176,105910.167704249,193733.492505626,0.221182881725673,"/Users/9oy/Documents/Projects/IM3/EvaluationP/Script/Revision/5_UrbanScaling/data/model_evaldfs/single_latent_los_angeles_model/Evaldf_0.0005.csv",2.45347634920192,3.06913108089765
"single_latent_los_angeles_model","2A","single-latent cGAN","LALegacy","Los Angeles Model",5e-04,22,4,4,152,357.785629639283,263801.763449438,415684.455657566,305188.734750945,566185.926935799,-0.197486090182374,635.537942798549,629591.243380593,1268097.39493246,924170.273477401,1740015.93557404,-0.304093931330306,"/Users/9oy/Documents/Projects/IM3/EvaluationP/Script/Revision/5_UrbanScaling/data/model_evaldfs/single_latent_los_angeles_model/Evaldf_0.0005.csv",2.45347634920192,3.06913108089765
"single_latent_los_angeles_model","2A","single-latent cGAN","LALegacy","Los Angeles Model",5e-04,23,4,5,951,453.2637392989,355741.193114285,657944.33132195,481586.399038919,898884.902029188,-0.267054992203019,653.161070196998,1517233.25313809,1337250.79172562,974225.858165118,1835549.39030137,0.0548394888559319,"/Users/9oy/Documents/Projects/IM3/EvaluationP/Script/Revision/5_UrbanScaling/data/model_evaldfs/single_latent_los_angeles_model/Evaldf_0.0005.csv",2.45347634920192,3.06913108089765
"single_latent_los_angeles_model","2A","single-latent cGAN","LALegacy","Los Angeles Model",5e-04,24,4,6,1767,599.813307516414,830299.400128431,1133383.43022172,826606.861309028,1554013.23171564,-0.135142134920788,909.228821760083,3567706.25197583,2541471.90571006,1843685.02842345,3503352.98488417,0.147303776199519,"/Users/9oy/Documents/Projects/IM3/EvaluationP/Script/Revision/5_UrbanScaling/data/model_evaldfs/single_latent_los_angeles_model/Evaldf_0.0005.csv",2.45347634920192,3.06913108089765
"single_latent_los_angeles_model","2A","single-latent cGAN","LALegacy","Los Angeles Model",5e-04,25,4,7,1023,1059.90715120992,2556122.31842683,3422670.04866106,2478055.17533445,4727364.57953179,-0.126783402083819,1820.67345309369,10780574.6070688,9783620.28431818,7034401.66373083,13607301.7213742,0.0421423206693129,"/Users/9oy/Documents/Projects/IM3/EvaluationP/Script/Revision/5_UrbanScaling/data/model_evaldfs/single_latent_los_angeles_model/Evaldf_0.0005.csv",2.45347634920192,3.06913108089765
"single_latent_los_angeles_model","2A","single-latent cGAN","LALegacy","Los Angeles Model",5e-04,26,4,8,713,924.18350635857,1377457.47632466,2623248.39452811,1902610.18377319,3616837.64655737,-0.279761215171867,1421.17684778826,5989638.3714483,6048498.67269786,4362718.5142456,8385674.22449303,-0.0042469873294891,"/Users/9oy/Documents/Projects/IM3/EvaluationP/Script/Revision/5_UrbanScaling/data/model_evaldfs/single_latent_los_angeles_model/Evaldf_0.0005.csv",2.45347634920192,3.06913108089765
"single_latent_los_angeles_model","2A","single-latent cGAN","LALegacy","Los Angeles Model",5e-04,27,4,9,855,635.396558246616,713204.070727309,1267549.8007576,923773.835335173,1739259.58491526,-0.249751218018021,879.806135614649,2591752.48512071,2384248.89851585,1730360.24197177,3285236.60691389,0.0362419329645811,"/Users/9oy/Documents/Projects/IM3/EvaluationP/Script/Revision/5_UrbanScaling/data/model_evaldfs/single_latent_los_angeles_model/Evaldf_0.0005.csv",2.45347634920192,3.06913108089765
"single_latent_los_angeles_model","2A","single-latent cGAN","LALegacy","Los Angeles Model",5e-04,28,4,10,784,623.830845860938,403267.034684522,1223143.37186488,891621.389002712,1677931.60481532,-0.481884644458385,758.082984722014,1172112.03772333,1785696.62233466,1298444.44217099,2455794.27463673,-0.182838550931053,"/Users/9oy/Documents/Projects/IM3/EvaluationP/Script/Revision/5_UrbanScaling/data/model_evaldfs/single_latent_los_angeles_model/Evaldf_0.0005.csv",2.45347634920192,3.06913108089765
"single_latent_los_angeles_model","2A","single-latent cGAN","LALegacy","Los Angeles Model",5e-04,29,4,11,184,465.634198192835,180855.706527884,693250.875027816,507253.753817443,947448.436034241,-0.583558209842584,512.875978477372,356728.374502348,836299.123907189,611163.442319268,1144368.55384189,-0.370023986931484,"/Users/9oy/Documents/Projects/IM3/EvaluationP/Script/Revision/5_UrbanScaling/data/model_evaldfs/single_latent_los_angeles_model/Evaldf_0.0005.csv",2.45347634920192,3.06913108089765
"single_latent_los_angeles_model","2A","single-latent cGAN","LALegacy","Los Angeles Model",5e-04,30,5,4,126,427.195840533644,203908.276330281,586477.545405708,429602.602714086,800637.400919144,-0.458816535346091,640.13877311343,1627828.24099768,1285979.37177063,937115.550609631,1764716.14791128,0.102374576551417,"/Users/9oy/Documents/Projects/IM3/EvaluationP/Script/Revision/5_UrbanScaling/data/model_evaldfs/single_latent_los_angeles_model/Evaldf_0.0005.csv",2.45347634920192,3.06913108089765
"single_latent_los_angeles_model","2A","single-latent cGAN","LALegacy","Los Angeles Model",5e-04,31,5,5,844,860.049605051083,1118832.3039034,2281411.72858237,1656209.66229498,3142621.12690548,-0.309438672685263,1317.30296865282,3739732.93605641,5219847.22637173,3768693.62502469,7229774.4995077,-0.144817203106626,"/Users/9oy/Documents/Projects/IM3/EvaluationP/Script/Revision/5_UrbanScaling/data/model_evaldfs/single_latent_los_angeles_model/Evaldf_0.0005.csv",2.45347634920192,3.06913108089765
"single_latent_los_angeles_model","2A","single-latent cGAN","LALegacy","Los Angeles Model",5e-04,32,5,6,829,1190.45727780315,1875940.64258024,4288402.22276644,3100226.45592403,5931951.70923307,-0.359076419876234,2222.15039587044,14548170.1666346,14404620.708431,10330413.032276,20085653.6041179,0.00430654500264713,"/Users/9oy/Documents/Projects/IM3/EvaluationP/Script/Revision/5_UrbanScaling/data/model_evaldfs/single_latent_los_angeles_model/Evaldf_0.0005.csv",2.45347634920192,3.06913108089765
"single_latent_los_angeles_model","2A","single-latent cGAN","LALegacy","Los Angeles Model",5e-04,33,5,7,705,1351.16928992415,1626028.86377484,5483511.98659451,3957766.98807456,7597441.63760235,-0.527930546621676,1887.66308965929,5185850.92273785,10494534.7539303,7542046.02670868,14602835.7970011,-0.30614316212242,"/Users/9oy/Documents/Projects/IM3/EvaluationP/Script/Revision/5_UrbanScaling/data/model_evaldfs/single_latent_los_angeles_model/Evaldf_0.0005.csv",2.45347634920192,3.06913108089765
"single_latent_los_angeles_model","2A","single-latent cGAN","LALegacy","Los Angeles Model",5e-04,34,5,8,1213,910.688625430948,2276028.06085475,2549399.21522352,1849397.70136719,3514352.99923729,-0.0492602356687957,2444.8747159892,39575884.8140339,17339350.2093309,12419833.7359809,24207495.2107302,0.358397815043498,"/Users/9oy/Documents/Projects/IM3/EvaluationP/Script/Revision/5_UrbanScaling/data/model_evaldfs/single_latent_los_angeles_model/Evaldf_0.0005.csv",2.45347634920192,3.06913108089765
"single_latent_los_angeles_model","2A","single-latent cGAN","LALegacy","Los Angeles Model",5e-04,35,5,9,967,853.721186786361,823363.202822803,2248935.93946824,1632788.49606152,3097592.16948901,-0.436385630904987,1132.46179488706,1900084.45796615,3892139.16971136,2815560.73839382,5380366.01726563,-0.311415455181887,"/Users/9oy/Documents/Projects/IM3/EvaluationP/Script/Revision/5_UrbanScaling/data/model_evaldfs/single_latent_los_angeles_model/Evaldf_0.0005.csv",2.45347634920192,3.06913108089765
"single_latent_los_angeles_model","2A","single-latent cGAN","LALegacy","Los Angeles Model",5e-04,36,5,10,1355,824.206457527704,566627.424077606,2100458.1316378,1525678.98617458,2891777.62998862,-0.569016439165425,1023.95525762421,1215529.80873862,3200893.1335787,2318513.52767522,4419088.66620445,-0.420505561219109,"/Users/9oy/Documents/Projects/IM3/EvaluationP/Script/Revision/5_UrbanScaling/data/model_evaldfs/single_latent_los_angeles_model/Evaldf_0.0005.csv",2.45347634920192,3.06913108089765
"single_latent_los_angeles_model","2A","single-latent cGAN","LALegacy","Los Angeles Model",5e-04,37,5,11,3149,430.057437836321,860307.973759154,594128.065272886,435169.387176373,811151.170892997,0.160773880219781,527.458914235081,2451388.1358492,883078.62220764,645117.288597722,1208815.61660708,0.443412708500555,"/Users/9oy/Documents/Projects/IM3/EvaluationP/Script/Revision/5_UrbanScaling/data/model_evaldfs/single_latent_los_angeles_model/Evaldf_0.0005.csv",2.45347634920192,3.06913108089765
"single_latent_los_angeles_model","2A","single-latent cGAN","LALegacy","Los Angeles Model",5e-04,38,5,12,2408,501.764305410345,621713.326704404,801484.083058264,585885.605197186,1096420.06852097,-0.11030472521053,629.473575385321,1272769.37688923,1244712.64764082,907239.557048012,1707718.27921415,0.00968061506597652,"/Users/9oy/Documents/Projects/IM3/EvaluationP/Script/Revision/5_UrbanScaling/data/model_evaldfs/single_latent_los_angeles_model/Evaldf_0.0005.csv",2.45347634920192,3.06913108089765
"single_latent_los_angeles_model","2A","single-latent cGAN","LALegacy","Los Angeles Model",5e-04,39,5,13,627,478.819170741538,230688.03803045,731866.443141917,535316.83082557,1000582.19684808,-0.501406759309047,529.765267232991,245348.627639153,890590.0150762,650568.138290938,1219166.03084353,-0.559894188602199,"/Users/9oy/Documents/Projects/IM3/EvaluationP/Script/Revision/5_UrbanScaling/data/model_evaldfs/single_latent_los_angeles_model/Evaldf_0.0005.csv",2.45347634920192,3.06913108089765
"single_latent_los_angeles_model","2A","single-latent cGAN","LALegacy","Los Angeles Model",5e-04,40,5,14,372,380.696875396444,266066.631828337,468914.979477709,343995.322310172,639198.395204684,-0.246103694624661,389.763262602793,376776.019954145,490836.908872074,359968.365309771,669283.454682939,-0.114853958230867,"/Users/9oy/Documents/Projects/IM3/EvaluationP/Script/Revision/5_UrbanScaling/data/model_evaldfs/single_latent_los_angeles_model/Evaldf_0.0005.csv",2.45347634920192,3.06913108089765
"single_latent_los_angeles_model","2A","single-latent cGAN","LALegacy","Los Angeles Model",5e-04,41,5,15,221,312.225732102904,132147.427219811,319100.964943214,234688.997458294,433873.879604371,-0.382869405212938,464.215407895675,439048.294986287,689156.084555248,504277.351466182,941815.267924777,-0.195805299948753,"/Users/9oy/Documents/Projects/IM3/EvaluationP/Script/Revision/5_UrbanScaling/data/model_evaldfs/single_latent_los_angeles_model/Evaldf_0.0005.csv",2.45347634920192,3.06913108089765
"single_latent_los_angeles_model","2A","single-latent cGAN","LALegacy","Los Angeles Model",5e-04,42,5,16,74,547.754848269513,149588.434474617,950236.950448892,693841.990318482,1301377.36631354,-0.802933897103085,512.885626498752,173133.206799764,836329.664860772,611185.613808974,1144410.62178657,-0.683997128440116,"/Users/9oy/Documents/Projects/IM3/EvaluationP/Script/Revision/5_UrbanScaling/data/model_evaldfs/single_latent_los_angeles_model/Evaldf_0.0005.csv",2.45347634920192,3.06913108089765
"single_latent_los_angeles_model","2A","single-latent cGAN","LALegacy","Los Angeles Model",5e-04,43,6,5,1020,842.706226764058,1432652.39500251,2192948.67779938,1592405.85168368,3019973.7701148,-0.184887637736673,1038.68675336805,18703882.5606851,3290896.38093141,2383268.5140759,4544179.10783618,0.754617558883984,"/Users/9oy/Documents/Projects/IM3/EvaluationP/Script/Revision/5_UrbanScaling/data/model_evaldfs/single_latent_los_angeles_model/Evaldf_0.0005.csv",2.45347634920192,3.06913108089765
"single_latent_los_angeles_model","2A","single-latent cGAN","LALegacy","Los Angeles Model",5e-04,44,6,6,1894,1130.02999974166,2864636.01830381,3875930.63191639,2803912.96326637,5357811.90794426,-0.131306547624257,1669.87340621542,9407703.01028866,8271931.05964477,5954109.68112573,11492036.1095161,0.0558766925558535,"/Users/9oy/Documents/Projects/IM3/EvaluationP/Script/Revision/5_UrbanScaling/data/model_evaldfs/single_latent_los_angeles_model/Evaldf_0.0005.csv",2.45347634920192,3.06913108089765
"single_latent_los_angeles_model","2A","single-latent cGAN","LALegacy","Los Angeles Model",5e-04,45,6,7,794,708.570894569642,892223.03325213,1566256.40601267,1139870.13168409,2152139.143914,-0.244389429664101,910.179821480569,2772965.39190108,2546634.8501144,1847405.62476457,3510517.11269078,0.0369777713802011,"/Users/9oy/Documents/Projects/IM3/EvaluationP/Script/Revision/5_UrbanScaling/data/model_evaldfs/single_latent_los_angeles_model/Evaldf_0.0005.csv",2.45347634920192,3.06913108089765
"single_latent_los_angeles_model","2A","single-latent cGAN","LALegacy","Los Angeles Model",5e-04,46,6,8,842,1065.97149991553,1625852.73075669,3460788.94963844,2505470.09462953,4780364.44322857,-0.32809391060895,1504.48706738476,6679005.85108356,6755785.34507676,4869312.30077867,9373117.35405745,-0.00496401813919723,"/Users/9oy/Documents/Projects/IM3/EvaluationP/Script/Revision/5_UrbanScaling/data/model_evaldfs/single_latent_los_angeles_model/Evaldf_0.0005.csv",2.45347634920192,3.06913108089765
"single_latent_los_angeles_model","2A","single-latent cGAN","LALegacy","Los Angeles Model",5e-04,47,6,9,1391,763.684427191145,1546190.93129451,1811399.95728529,1317009.70891152,2491378.60036352,-0.0687512314437886,727.689718266758,2253482.5107051,1649338.894412,1199924.37648653,2267075.19400974,0.13554429130599,"/Users/9oy/Documents/Projects/IM3/EvaluationP/Script/Revision/5_UrbanScaling/data/model_evaldfs/single_latent_los_angeles_model/Evaldf_0.0005.csv",2.45347634920192,3.06913108089765
"single_latent_los_angeles_model","2A","single-latent cGAN","LALegacy","Los Angeles Model",5e-04,48,6,10,2337,436.868941322341,663919.467424669,612532.063951079,448558.845628271,836446.617929593,0.0349865757450038,432.907072112222,1157303.49963683,601794.369339094,440747.180968937,821687.531096796,0.283999146446125,"/Users/9oy/Documents/Projects/IM3/EvaluationP/Script/Revision/5_UrbanScaling/data/model_evaldfs/single_latent_los_angeles_model/Evaldf_0.0005.csv",2.45347634920192,3.06913108089765
"single_latent_los_angeles_model","2A","single-latent cGAN","LALegacy","Los Angeles Model",5e-04,49,6,11,1784,772.047140198794,1179112.13317126,1850105.29541082,1344962.91392558,2544969.50708975,-0.195641337874965,790.747009849885,1867973.02927979,1938089.13062028,1408491.04585597,2666818.14504952,-0.0160031445265159,"/Users/9oy/Documents/Projects/IM3/EvaluationP/Script/Revision/5_UrbanScaling/data/model_evaldfs/single_latent_los_angeles_model/Evaldf_0.0005.csv",2.45347634920192,3.06913108089765
"single_latent_los_angeles_model","2A","single-latent cGAN","LALegacy","Los Angeles Model",5e-04,50,6,12,1799,646.138791230138,620435.921040046,1309481.91767148,954127.910328814,1797183.45323077,-0.324402571751903,697.966707392815,606519.087996735,1521073.15705145,1107201.68880575,2089649.58461906,-0.399305628977548,"/Users/9oy/Documents/Projects/IM3/EvaluationP/Script/Revision/5_UrbanScaling/data/model_evaldfs/single_latent_los_angeles_model/Evaldf_0.0005.csv",2.45347634920192,3.06913108089765
"single_latent_los_angeles_model","2A","single-latent cGAN","LALegacy","Los Angeles Model",5e-04,51,6,13,2220,678.407439164549,1087875.58341589,1439416.80676715,1048145.99592054,1976748.23132257,-0.121607339806769,826.698205302608,3231376.39946596,2112803.12238609,1534586.32726044,2908886.22859913,0.184528518743143,"/Users/9oy/Documents/Projects/IM3/EvaluationP/Script/Revision/5_UrbanScaling/data/model_evaldfs/single_latent_los_angeles_model/Evaldf_0.0005.csv",2.45347634920192,3.06913108089765
"single_latent_los_angeles_model","2A","single-latent cGAN","LALegacy","Los Angeles Model",5e-04,52,6,14,2343,610.916668775395,489823.856511493,1174467.40081356,856368.695732151,1610724.07532887,-0.37980103345794,614.676786264456,1032449.41655927,1188541.08163993,866562.281267088,1630153.92347827,-0.0611454144209842,"/Users/9oy/Documents/Projects/IM3/EvaluationP/Script/Revision/5_UrbanScaling/data/model_evaldfs/single_latent_los_angeles_model/Evaldf_0.0005.csv",2.45347634920192,3.06913108089765
"single_latent_los_angeles_model","2A","single-latent cGAN","LALegacy","Los Angeles Model",5e-04,53,6,15,2667,670.241074240575,753635.333818153,1405970.51993738,1023950.56406632,1930516.15214987,-0.270814962650511,625.389577303888,895042.157953957,1229083.3305036,895922.653737882,1686134.20703145,-0.137737836794611,"/Users/9oy/Documents/Projects/IM3/EvaluationP/Script/Revision/5_UrbanScaling/data/model_evaldfs/single_latent_los_angeles_model/Evaldf_0.0005.csv",2.45347634920192,3.06913108089765
"single_latent_los_angeles_model","2A","single-latent cGAN","LALegacy","Los Angeles Model",5e-04,54,6,16,2060,687.307782979766,668243.883991782,1476303.23818185,1074825.75771536,2027743.78583825,-0.344240579725898,681.054275436625,803461.307266405,1450339.02710266,1056046.44676685,1991847.32828467,-0.256504566496438,"/Users/9oy/Documents/Projects/IM3/EvaluationP/Script/Revision/5_UrbanScaling/data/model_evaldfs/single_latent_los_angeles_model/Evaldf_0.0005.csv",2.45347634920192,3.06913108089765
"single_latent_los_angeles_model","2A","single-latent cGAN","LALegacy","Los Angeles Model",5e-04,55,7,5,256,1094.55821562168,1161459.11995549,3643232.8506945,2636655.52780594,5034084.07522417,-0.496483000802391,832.259801957495,1396697.43707579,2140483.72060941,1554557.5948064,2947250.44186252,-0.185409592946458,"/Users/9oy/Documents/Projects/IM3/EvaluationP/Script/Revision/5_UrbanScaling/data/model_evaldfs/single_latent_los_angeles_model/Evaldf_0.0005.csv",2.45347634920192,3.06913108089765
"single_latent_los_angeles_model","2A","single-latent cGAN","LALegacy","Los Angeles Model",5e-04,56,7,6,1440,1096.8993696288,1886639.54063765,3658375.6514245,2647541.90343534,5055146.58316439,-0.287599365660348,1298.05081345611,6011821.84378054,5072770.40408238,3663197.92461287,7024736.33751409,0.0737608956917206,"/Users/9oy/Documents/Projects/IM3/EvaluationP/Script/Revision/5_UrbanScaling/data/model_evaldfs/single_latent_los_angeles_model/Evaldf_0.0005.csv",2.45347634920192,3.06913108089765
"single_latent_los_angeles_model","2A","single-latent cGAN","LALegacy","Los Angeles Model",5e-04,57,7,7,1468,1010.9861686243,1410116.9356131,3122659.47831955,2262216.67719511,4310375.00334808,-0.345269499070175,1181.37426202109,6830594.79169797,4225111.45029169,3054772.02534888,5843829.46395065,0.208620353355097,"/Users/9oy/Documents/Projects/IM3/EvaluationP/Script/Revision/5_UrbanScaling/data/model_evaldfs/single_latent_los_angeles_model/Evaldf_0.0005.csv",2.45347634920192,3.06913108089765
"single_latent_los_angeles_model","2A","single-latent cGAN","LALegacy","Los Angeles Model",5e-04,58,7,8,1181,890.84503907741,1421356.79940881,2442665.75363602,1772472.13805349,3366267.85600068,-0.235160932208169,1050.11801577532,7428508.19374722,3361570.14880052,2434108.21426945,4642420.4967807,0.34435942824005,"/Users/9oy/Documents/Projects/IM3/EvaluationP/Script/Revision/5_UrbanScaling/data/model_evaldfs/single_latent_los_angeles_model/Evaldf_0.0005.csv",2.45347634920192,3.06913108089765
"single_latent_los_angeles_model","2A","single-latent cGAN","LALegacy","Los Angeles Model",5e-04,59,7,9,1236,717.644789316944,1208746.32450369,1605428.20420836,1168187.11524809,2206324.3852166,-0.123255721893798,1201.43129069522,7251579.66513516,4365478.04666436,3155575.10387965,6039279.03743383,0.220400813890621,"/Users/9oy/Documents/Projects/IM3/EvaluationP/Script/Revision/5_UrbanScaling/data/model_evaldfs/single_latent_los_angeles_model/Evaldf_0.0005.csv",2.45347634920192,3.06913108089765
"single_latent_los_angeles_model","2A","single-latent cGAN","LALegacy","Los Angeles Model",5e-04,60,7,10,1155,848.272175320054,1532634.17000302,2221153.95806076,1612750.67493921,3059074.77334953,-0.161140158571531,1109.84690137856,4906835.70819768,3742671.2992855,2708137.83234758,5172406.03014391,0.11761983027071,"/Users/9oy/Documents/Projects/IM3/EvaluationP/Script/Revision/5_UrbanScaling/data/model_evaldfs/single_latent_los_angeles_model/Evaldf_0.0005.csv",2.45347634920192,3.06913108089765
"single_latent_los_angeles_model","2A","single-latent cGAN","LALegacy","Los Angeles Model",5e-04,61,7,11,1226,671.259999658515,1028788.17440347,1410122.82635085,1026954.59594479,1936255.40335243,-0.136930979254943,655.994553274368,1453492.31057747,1348535.49462251,982392.460978863,1851142.03588733,0.0325503566144324,"/Users/9oy/Documents/Projects/IM3/EvaluationP/Script/Revision/5_UrbanScaling/data/model_evaldfs/single_latent_los_angeles_model/Evaldf_0.0005.csv",2.45347634920192,3.06913108089765
"single_latent_los_angeles_model","2A","single-latent cGAN","LALegacy","Los Angeles Model",5e-04,62,7,12,2081,613.078186376246,942055.812854144,1182547.77588835,862221.420226075,1621879.49574694,-0.098742061932356,792.044902540006,2553495.8108499,1944269.31642137,1412952.67950271,2675378.46781116,0.118378727320311,"/Users/9oy/Documents/Projects/IM3/EvaluationP/Script/Revision/5_UrbanScaling/data/model_evaldfs/single_latent_los_angeles_model/Evaldf_0.0005.csv",2.45347634920192,3.06913108089765
"single_latent_los_angeles_model","2A","single-latent cGAN","LALegacy","Los Angeles Model",5e-04,63,7,13,2157,325.585953717562,281130.54067507,346141.581413882,254439.554522694,470893.743735968,-0.0903457456613868,255.966596164736,439550.930781802,216981.561305101,159991.116490936,294272.575746833,0.30658637417387,"/Users/9oy/Documents/Projects/IM3/EvaluationP/Script/Revision/5_UrbanScaling/data/model_evaldfs/single_latent_los_angeles_model/Evaldf_0.0005.csv",2.45347634920192,3.06913108089765
"single_latent_los_angeles_model","2A","single-latent cGAN","LALegacy","Los Angeles Model",5e-04,64,7,14,2805,719.703315907657,1074110.67295039,1614380.09801509,1174657.72272242,2218708.52287675,-0.17695676297611,724.231158505416,1545285.25060957,1634155.1981685,1188950.72005517,2246067.19745057,-0.0242846403733731,"/Users/9oy/Documents/Projects/IM3/EvaluationP/Script/Revision/5_UrbanScaling/data/model_evaldfs/single_latent_los_angeles_model/Evaldf_0.0005.csv",2.45347634920192,3.06913108089765
"single_latent_los_angeles_model","2A","single-latent cGAN","LALegacy","Los Angeles Model",5e-04,65,7,15,3917,1029.50535598552,2041388.82854815,3234659.82043785,2342809.17148744,4466016.38805781,-0.19990288017079,1155.25252711303,4779601.99271333,4045638.63135385,2925852.75204905,5593990.30728401,0.0724046458491493,"/Users/9oy/Documents/Projects/IM3/EvaluationP/Script/Revision/5_UrbanScaling/data/model_evaldfs/single_latent_los_angeles_model/Evaldf_0.0005.csv",2.45347634920192,3.06913108089765
"single_latent_los_angeles_model","2A","single-latent cGAN","LALegacy","Los Angeles Model",5e-04,66,7,16,3141,1339.61872511117,3683937.53790538,5392877.74190653,3892780.32549095,7471043.29229856,-0.165508316804399,1229.96104597647,7213943.35294946,4568969.7683616,3301673.04796849,6322698.95925853,0.198354443268808,"/Users/9oy/Documents/Projects/IM3/EvaluationP/Script/Revision/5_UrbanScaling/data/model_evaldfs/single_latent_los_angeles_model/Evaldf_0.0005.csv",2.45347634920192,3.06913108089765
"single_latent_los_angeles_model","2A","single-latent cGAN","LALegacy","Los Angeles Model",5e-04,67,8,5,180,494.173493517072,489454.57713542,778113.454822488,568913.049843859,1064240.92177523,-0.201330530856169,1244.22591636228,1770535.18860355,4672400.49397937,3375915.04981642,6466787.83499777,-0.421435498583696,"/Users/9oy/Documents/Projects/IM3/EvaluationP/Script/Revision/5_UrbanScaling/data/model_evaldfs/single_latent_los_angeles_model/Evaldf_0.0005.csv",2.45347634920192,3.06913108089765
"single_latent_los_angeles_model","2A","single-latent cGAN","LALegacy","Los Angeles Model",5e-04,68,8,6,1595,926.359938470691,1660251.42571869,2635254.40179435,1911260.24226379,3633500.87476891,-0.200648685572379,1195.48231173973,5477007.77771436,4323612.85040426,3125512.24516207,5980980.59257855,0.102696558697917,"/Users/9oy/Documents/Projects/IM3/EvaluationP/Script/Revision/5_UrbanScaling/data/model_evaldfs/single_latent_los_angeles_model/Evaldf_0.0005.csv",2.45347634920192,3.06913108089765
"single_latent_los_angeles_model","2A","single-latent cGAN","LALegacy","Los Angeles Model",5e-04,69,8,7,2014,946.963737362745,2246799.42012791,2750228.99939278,1994083.8198084,3793100.10640764,-0.0878045539967309,928.312433080921,7649795.89366982,2646047.70595034,1919036.35277941,3648481.41205059,0.461052177900682,"/Users/9oy/Documents/Projects/IM3/EvaluationP/Script/Revision/5_UrbanScaling/data/model_evaldfs/single_latent_los_angeles_model/Evaldf_0.0005.csv",2.45347634920192,3.06913108089765
"single_latent_los_angeles_model","2A","single-latent cGAN","LALegacy","Los Angeles Model",5e-04,70,8,8,1604,722.018683890435,1133966.03612561,1624477.75374016,1181956.22488963,2232678.26407286,-0.156113721293862,946.876299027523,10406212.2773141,2749736.04161591,1993728.76030616,3792415.72329049,0.57800167473335,"/Users/9oy/Documents/Projects/IM3/EvaluationP/Script/Revision/5_UrbanScaling/data/model_evaldfs/single_latent_los_angeles_model/Evaldf_0.0005.csv",2.45347634920192,3.06913108089765
"single_latent_los_angeles_model","2A","single-latent cGAN","LALegacy","Los Angeles Model",5e-04,71,8,9,1141,787.924079601963,1169911.06041809,1924680.10621053,1398810.40523394,2648245.60739742,-0.216205710559745,844.450768536356,3342836.78021573,2201770.28594474,1598769.17359882,3032202.81709387,0.181343165538517,"/Users/9oy/Documents/Projects/IM3/EvaluationP/Script/Revision/5_UrbanScaling/data/model_evaldfs/single_latent_los_angeles_model/Evaldf_0.0005.csv",2.45347634920192,3.06913108089765
"single_latent_los_angeles_model","2A","single-latent cGAN","LALegacy","Los Angeles Model",5e-04,72,8,10,1749,1403.06788226468,3056568.58488534,5899778.00889702,4256148.95966797,8178139.64786146,-0.285601525577656,1909.30696942455,8171242.01270831,10729390.8508537,7709699.48477834,14931817.8040103,-0.118286992626641,"/Users/9oy/Documents/Projects/IM3/EvaluationP/Script/Revision/5_UrbanScaling/data/model_evaldfs/single_latent_los_angeles_model/Evaldf_0.0005.csv",2.45347634920192,3.06913108089765
"single_latent_los_angeles_model","2A","single-latent cGAN","LALegacy","Los Angeles Model",5e-04,73,8,11,1656,749.936211474984,793277.77423744,1748631.5255532,1271669.56574742,2404486.42832886,-0.343273017333026,978.77751534797,1770610.36496054,2932429.99363894,2125288.32441319,4046107.80044048,-0.21910465072734,"/Users/9oy/Documents/Projects/IM3/EvaluationP/Script/Revision/5_UrbanScaling/data/model_evaldfs/single_latent_los_angeles_model/Evaldf_0.0005.csv",2.45347634920192,3.06913108089765
"single_latent_los_angeles_model","2A","single-latent cGAN","LALegacy","Los Angeles Model",5e-04,74,8,12,1418,793.21304662832,1207784.63008368,1949839.83447556,1416974.09804009,2683094.47954363,-0.208009440011607,936.440919742935,1880688.50229895,2691211.47580185,1951572.63583312,3711170.71150967,-0.155630956548689,"/Users/9oy/Documents/Projects/IM3/EvaluationP/Script/Revision/5_UrbanScaling/data/model_evaldfs/single_latent_los_angeles_model/Evaldf_0.0005.csv",2.45347634920192,3.06913108089765
"single_latent_los_angeles_model","2A","single-latent cGAN","LALegacy","Los Angeles Model",5e-04,75,8,13,180,308.871511134225,223439.330931567,312479.708355619,229851.15566278,424812.169651511,-0.145662198366909,592.693337638552,538871.484006976,1107411.96381441,807789.080407869,1518170.13542704,-0.312824008842993,"/Users/9oy/Documents/Projects/IM3/EvaluationP/Script/Revision/5_UrbanScaling/data/model_evaldfs/single_latent_los_angeles_model/Evaldf_0.0005.csv",2.45347634920192,3.06913108089765
"single_latent_los_angeles_model","2A","single-latent cGAN","LALegacy","Los Angeles Model",5e-04,76,8,14,4417,826.816618212648,1151021.66526327,2113390.65445041,1535010.24352082,2909700.49038488,-0.263896284339229,1216.17159755223,4068648.38380041,4470053.69319648,3230661.23518302,6184919.60792899,-0.0408625804419245,"/Users/9oy/Documents/Projects/IM3/EvaluationP/Script/Revision/5_UrbanScaling/data/model_evaldfs/single_latent_los_angeles_model/Evaldf_0.0005.csv",2.45347634920192,3.06913108089765
"single_latent_los_angeles_model","2A","single-latent cGAN","LALegacy","Los Angeles Model",5e-04,77,8,15,2931,754.262045057291,706093.82458932,1768265.68414422,1285853.24173841,2431664.38301685,-0.39868510564747,788.600225938371,809308.014211478,1927887.71544455,1401126.17812614,2652688.31700281,-0.376967894971413,"/Users/9oy/Documents/Projects/IM3/EvaluationP/Script/Revision/5_UrbanScaling/data/model_evaldfs/single_latent_los_angeles_model/Evaldf_0.0005.csv",2.45347634920192,3.06913108089765
"single_latent_los_angeles_model","2A","single-latent cGAN","LALegacy","Los Angeles Model",5e-04,78,8,16,35,365.633933687267,261479.612971332,433568.539364885,318230.220284776,590709.701167855,-0.219619927888584,305.374695354039,236294.989904333,305648.663041884,224859.319892721,415464.679266407,-0.111767986946383,"/Users/9oy/Documents/Projects/IM3/EvaluationP/Script/Revision/5_UrbanScaling/data/model_evaldfs/single_latent_los_angeles_model/Evaldf_0.0005.csv",2.45347634920192,3.06913108089765
"single_latent_los_angeles_model","2A","single-latent cGAN","LALegacy","Los Angeles Model",5e-04,79,9,5,861,425.436776269091,267414.803265648,581798.527068911,426197.749732125,794207.680149188,-0.337587172609558,522.963589678479,1610113.25376242,868526.80653533,634556.48632796,1188765.42896229,0.26807319773064,"/Users/9oy/Documents/Projects/IM3/EvaluationP/Script/Revision/5_UrbanScaling/data/model_evaldfs/single_latent_los_angeles_model/Evaldf_0.0005.csv",2.45347634920192,3.06913108089765
"single_latent_los_angeles_model","2A","single-latent cGAN","LALegacy","Los Angeles Model",5e-04,80,9,6,1697,715.259641485402,2492497.94366209,1595086.12287867,1160711.35515095,2192017.61756627,0.193850671963052,787.79014517315,3831196.41517572,1924045.0343419,1398351.90426909,2647366.0048475,0.299119184718498,"/Users/9oy/Documents/Projects/IM3/EvaluationP/Script/Revision/5_UrbanScaling/data/model_evaldfs/single_latent_los_angeles_model/Evaldf_0.0005.csv",2.45347634920192,3.06913108089765
"single_latent_los_angeles_model","2A","single-latent cGAN","LALegacy","Los Angeles Model",5e-04,81,9,7,2248,449.576815849535,665514.78180875,647594.639336523,474060.613831868,884652.309559175,0.0118544609813813,597.335393158405,4586798.08781329,1124311.64063128,820034.169707593,1541492.67427448,0.610622915600731,"/Users/9oy/Documents/Projects/IM3/EvaluationP/Script/Revision/5_UrbanScaling/data/model_evaldfs/single_latent_los_angeles_model/Evaldf_0.0005.csv",2.45347634920192,3.06913108089765
"single_latent_los_angeles_model","2A","single-latent cGAN","LALegacy","Los Angeles Model",5e-04,82,9,8,1464,829.633394134849,1082288.8061371,2127390.06760226,1545110.87290396,2929102.74537565,-0.293503960605246,1163.00822556604,7105420.11457003,4098530.89560854,2963850.28846924,5667612.6886738,0.238961547847324,"/Users/9oy/Documents/Projects/IM3/EvaluationP/Script/Revision/5_UrbanScaling/data/model_evaldfs/single_latent_los_angeles_model/Evaldf_0.0005.csv",2.45347634920192,3.06913108089765
"single_latent_los_angeles_model","2A","single-latent cGAN","LALegacy","Los Angeles Model",5e-04,83,9,9,1423,695.474630967215,1058323.42456406,1510547.78417415,1099590.70669474,2075094.48232076,-0.154516059399524,767.090833342516,1898132.83409414,1827118.00996751,1328361.84368034,2513140.70652499,0.0165600032268059,"/Users/9oy/Documents/Projects/IM3/EvaluationP/Script/Revision/5_UrbanScaling/data/model_evaldfs/single_latent_los_angeles_model/Evaldf_0.0005.csv",2.45347634920192,3.06913108089765
"single_latent_los_angeles_model","2A","single-latent cGAN","LALegacy","Los Angeles Model",5e-04,84,9,10,1692,903.716822310205,1103472.01357473,2511647.52409495,1822191.56514373,3461970.41297066,-0.357197368964988,957.598877366374,2446849.68883005,2810507.01471514,2037496.72390109,3876791.35239997,-0.0601773823320428,"/Users/9oy/Documents/Projects/IM3/EvaluationP/Script/Revision/5_UrbanScaling/data/model_evaldfs/single_latent_los_angeles_model/Evaldf_0.0005.csv",2.45347634920192,3.06913108089765
"single_latent_los_angeles_model","2A","single-latent cGAN","LALegacy","Los Angeles Model",5e-04,85,9,11,1663,997.168099984784,1736787.24115971,3040337.75067116,2202967.97051065,4196000.01538538,-0.243175211968041,1255.1810252176,7194605.82769646,4752594.95675978,3433470.69359092,6578520.9307832,0.180076202326128,"/Users/9oy/Documents/Projects/IM3/EvaluationP/Script/Revision/5_UrbanScaling/data/model_evaldfs/single_latent_los_angeles_model/Evaldf_0.0005.csv",2.45347634920192,3.06913108089765
"single_latent_los_angeles_model","2A","single-latent cGAN","LALegacy","Los Angeles Model",5e-04,86,9,12,2144,746.183251988148,860908.85812166,1731683.66562491,1259425.61936269,2381028.51942109,-0.303511384004525,803.426761161533,1377410.66346724,1998874.96506018,1452369.84486769,2751021.81449406,-0.161722187864502,"/Users/9oy/Documents/Projects/IM3/EvaluationP/Script/Revision/5_UrbanScaling/data/model_evaldfs/single_latent_los_angeles_model/Evaldf_0.0005.csv",2.45347634920192,3.06913108089765
"single_latent_los_angeles_model","2A","single-latent cGAN","LALegacy","Los Angeles Model",5e-04,87,9,13,1169,548.837764429645,314827.221350363,953887.309816623,696489.730591112,1306409.78590878,-0.481424794796583,678.42266324901,581185.791516377,1439479.51476671,1048191.35609349,1976834.9179634,-0.393890500429934,"/Users/9oy/Documents/Projects/IM3/EvaluationP/Script/Revision/5_UrbanScaling/data/model_evaldfs/single_latent_los_angeles_model/Evaldf_0.0005.csv",2.45347634920192,3.06913108089765
"single_latent_los_angeles_model","2A","single-latent cGAN","LALegacy","Los Angeles Model",5e-04,88,9,14,89,228.231921227949,123811.71785511,173673.27870633,128246.601349208,235190.698383314,-0.146971253869686,483.14763940328,389491.767438766,744764.648601189,544688.129624864,1018333.88986844,-0.281520771443482,"/Users/9oy/Documents/Projects/IM3/EvaluationP/Script/Revision/5_UrbanScaling/data/model_evaldfs/single_latent_los_angeles_model/Evaldf_0.0005.csv",2.45347634920192,3.06913108089765
"single_latent_los_angeles_model","2A","single-latent cGAN","LALegacy","Los Angeles Model",5e-04,89,10,5,11,92.9855258161773,36395.8287379828,30388.1435213389,22700.0331402319,40680.0845165665,0.0783474438898642,0,0,0,0,0,NA,"/Users/9oy/Documents/Projects/IM3/EvaluationP/Script/Revision/5_UrbanScaling/data/model_evaldfs/single_latent_los_angeles_model/Evaldf_0.0005.csv",2.45347634920192,3.06913108089765
"single_latent_los_angeles_model","2A","single-latent cGAN","LALegacy","Los Angeles Model",5e-04,90,10,6,540,363.17099600382,262790.132936157,427916.870882599,314109.285354212,582959.042995064,-0.211750354543009,392.633466133176,678205.569726434,497878.042451059,365097.756239843,678948.421123842,0.134238378748734,"/Users/9oy/Documents/Projects/IM3/EvaluationP/Script/Revision/5_UrbanScaling/data/model_evaldfs/single_latent_los_angeles_model/Evaldf_0.0005.csv",2.45347634920192,3.06913108089765
"single_latent_los_angeles_model","2A","single-latent cGAN","LALegacy","Los Angeles Model",5e-04,91,10,7,2166,255.917804675605,430687.183515627,216901.276038599,159932.309896208,294162.971682861,0.297899841130787,65.9979350819489,244861.16653676,15619.7714371839,11719.5134518941,20818.0365807281,1.19524523958022,"/Users/9oy/Documents/Projects/IM3/EvaluationP/Script/Revision/5_UrbanScaling/data/model_evaldfs/single_latent_los_angeles_model/Evaldf_0.0005.csv",2.45347634920192,3.06913108089765
"single_latent_los_angeles_model","2A","single-latent cGAN","LALegacy","Los Angeles Model",5e-04,92,10,8,310,376.280999132751,505984.333259416,458413.634186452,336341.957771699,624789.905488601,0.0428795440493279,422.343926117569,857660.806415707,573615.783010418,420242.85052389,782964.103038202,0.174694471624493,"/Users/9oy/Documents/Projects/IM3/EvaluationP/Script/Revision/5_UrbanScaling/data/model_evaldfs/single_latent_los_angeles_model/Evaldf_0.0005.csv",2.45347634920192,3.06913108089765
"single_latent_los_angeles_model","2A","single-latent cGAN","LALegacy","Los Angeles Model",5e-04,93,10,9,1581,600.97475844296,1531743.54054772,1137647.73688106,829696.315664668,1559898.90372573,0.12917825034684,557.114142758181,1693581.74777007,982009.888885921,716885.845389827,1345184.07368659,0.236690303341977,"/Users/9oy/Documents/Projects/IM3/EvaluationP/Script/Revision/5_UrbanScaling/data/model_evaldfs/single_latent_los_angeles_model/Evaldf_0.0005.csv",2.45347634920192,3.06913108089765
"single_latent_los_angeles_model","2A","single-latent cGAN","LALegacy","Los Angeles Model",5e-04,94,10,10,1043,937.797190662994,879334.356460025,2698783.30882314,1957027.07987256,3721681.43348159,-0.48701397370553,989.426300230363,1500713.71006978,2994681.88988178,2170103.91310894,4132576.12569253,-0.3000528460982,"/Users/9oy/Documents/Projects/IM3/EvaluationP/Script/Revision/5_UrbanScaling/data/model_evaldfs/single_latent_los_angeles_model/Evaldf_0.0005.csv",2.45347634920192,3.06913108089765
"single_latent_los_angeles_model","2A","single-latent cGAN","LALegacy","Los Angeles Model",5e-04,95,10,11,2489,903.582272132526,1591184.16160474,2510921.6331562,1821668.41814523,3460963.24943214,-0.19811271118485,1029.82299084122,5302846.27341038,3236597.50207388,2344203.31175646,4468709.40668613,0.214420342728336,"/Users/9oy/Documents/Projects/IM3/EvaluationP/Script/Revision/5_UrbanScaling/data/model_evaldfs/single_latent_los_angeles_model/Evaldf_0.0005.csv",2.45347634920192,3.06913108089765
"single_latent_los_angeles_model","2A","single-latent cGAN","LALegacy","Los Angeles Model",5e-04,96,10,12,1490,527.878855194315,332977.554403868,884444.000140297,646108.135545121,1210697.01238817,-0.42425538087794,550.153533001823,879606.67503288,958331.713744386,699713.330180622,1312537.05475524,-0.0372273439322629,"/Users/9oy/Documents/Projects/IM3/EvaluationP/Script/Revision/5_UrbanScaling/data/model_evaldfs/single_latent_los_angeles_model/Evaldf_0.0005.csv",2.45347634920192,3.06913108089765
"single_latent_los_angeles_model","2A","single-latent cGAN","LALegacy","Los Angeles Model",5e-04,97,10,13,323,395.100348664401,265725.123266484,503968.606399761,369534.279869436,687309.324391383,-0.277970866693469,288.264149193542,303228.778749071,273279.985250615,201195.338396449,371191.255889926,0.0451625912416359,"/Users/9oy/Documents/Projects/IM3/EvaluationP/Script/Revision/5_UrbanScaling/data/model_evaldfs/single_latent_los_angeles_model/Evaldf_0.0005.csv",2.45347634920192,3.06913108089765
"single_latent_los_angeles_model","2A","single-latent cGAN","LALegacy","Los Angeles Model",5e-04,98,11,9,1483,525.585728094245,508440.649582168,877000.683322433,640706.439924253,1200440.87373141,-0.236759666848131,723.861362016473,1292791.54934371,1632535.75502897,1187780.26621617,2243826.62959899,-0.101334197199452,"/Users/9oy/Documents/Projects/IM3/EvaluationP/Script/Revision/5_UrbanScaling/data/model_evaldfs/single_latent_los_angeles_model/Evaldf_0.0005.csv",2.45347634920192,3.06913108089765
"single_latent_los_angeles_model","2A","single-latent cGAN","LALegacy","Los Angeles Model",5e-04,99,11,10,1600,900.619961606415,1012330.00194022,2494965.90673616,1810168.93000333,3438825.38949795,-0.39174250742622,848.991217894146,1925273.24509007,2224810.43194923,1615388.00988572,3064143.98758619,-0.0628006366135237,"/Users/9oy/Documents/Projects/IM3/EvaluationP/Script/Revision/5_UrbanScaling/data/model_evaldfs/single_latent_los_angeles_model/Evaldf_0.0005.csv",2.45347634920192,3.06913108089765
"single_latent_los_angeles_model","2A","single-latent cGAN","LALegacy","Los Angeles Model",5e-04,100,11,11,2218,807.891054944523,1198672.5115589,2020493.06209393,1467972.91926015,2780972.42831104,-0.226756817487986,934.015168190648,5985965.28678542,2677694.63671249,1941835.3958356,3692408.00886394,0.349373145273413,"/Users/9oy/Documents/Projects/IM3/EvaluationP/Script/Revision/5_UrbanScaling/data/model_evaldfs/single_latent_los_angeles_model/Evaldf_0.0005.csv",2.45347634920192,3.06913108089765
"single_latent_los_angeles_model","2A","single-latent cGAN","LALegacy","Los Angeles Model",5e-04,101,11,12,4341,639.71373030601,738273.023755788,1284322.27448195,935915.980573489,1762427.11842547,-0.240457015010753,956.38611475605,1304734.19120053,2803601.29250715,2032523.46016503,3867202.69723703,-0.332194208094181,"/Users/9oy/Documents/Projects/IM3/EvaluationP/Script/Revision/5_UrbanScaling/data/model_evaldfs/single_latent_los_angeles_model/Evaldf_0.0005.csv",2.45347634920192,3.06913108089765
"single_latent_los_angeles_model","2A","single-latent cGAN","LALegacy","Los Angeles Model",5e-04,102,11,13,855,581.417812704687,891852.414416451,1066879.81526559,778415.407979974,1462243.07555128,-0.0778225062400121,1039.40080721279,1207289.01423203,3295289.69524865,2386429.08640227,4550285.71244187,-0.436082351498042,"/Users/9oy/Documents/Projects/IM3/EvaluationP/Script/Revision/5_UrbanScaling/data/model_evaldfs/single_latent_los_angeles_model/Evaldf_0.0005.csv",2.45347634920192,3.06913108089765
"single_latent_los_angeles_model","2A","single-latent cGAN","LALegacy","Los Angeles Model",5e-04,103,12,9,156,398.04463394328,299059.675532924,511284.838293387,374863.142906282,697353.66310486,-0.232905056507822,2165.45513946649,14098777.8418376,13699737.5852217,9828161.73001036,19096430.7527466,0.0124692188547669,"/Users/9oy/Documents/Projects/IM3/EvaluationP/Script/Revision/5_UrbanScaling/data/model_evaldfs/single_latent_los_angeles_model/Evaldf_0.0005.csv",2.45347634920192,3.06913108089765
"single_latent_los_angeles_model","2A","single-latent cGAN","LALegacy","Los Angeles Model",5e-04,104,12,10,1485,765.742230879211,679138.787731774,1820887.3299065,1323861.90331773,2504513.99795153,-0.428324538927801,994.441513579448,2088964.40383936,3024219.99222827,2191366.44145338,4173608.93567729,-0.160682340439566,"/Users/9oy/Documents/Projects/IM3/EvaluationP/Script/Revision/5_UrbanScaling/data/model_evaldfs/single_latent_los_angeles_model/Evaldf_0.0005.csv",2.45347634920192,3.06913108089765
"single_latent_los_angeles_model","2A","single-latent cGAN","LALegacy","Los Angeles Model",5e-04,105,12,11,2575,887.28026783398,1745246.1911843,2423726.36311172,1758819.73345753,3339995.20899999,-0.142626887863051,1067.68940591525,3583007.32768692,3471624.46064977,2513262.57324267,4795430.65817906,0.0137149566589502,"/Users/9oy/Documents/Projects/IM3/EvaluationP/Script/Revision/5_UrbanScaling/data/model_evaldfs/single_latent_los_angeles_model/Evaldf_0.0005.csv",2.45347634920192,3.06913108089765
"single_latent_los_angeles_model","2A","single-latent cGAN","LALegacy","Los Angeles Model",5e-04,106,12,12,5417,727.079433024569,660253.403413347,1646654.68571703,1197984.47711816,2263361.25866712,-0.396891885771932,982.226450640545,2295147.61792145,2952522.75017013,2139753.92633128,4074015.4664507,-0.109382629219541,"/Users/9oy/Documents/Projects/IM3/EvaluationP/Script/Revision/5_UrbanScaling/data/model_evaldfs/single_latent_los_angeles_model/Evaldf_0.0005.csv",2.45347634920192,3.06913108089765
"single_latent_los_angeles_model","2A","single-latent cGAN","LALegacy","Los Angeles Model",5e-04,107,12,13,1890,449.604151138688,388880.98988038,647671.080386775,474116.200892868,884757.423558615,-0.221537791954521,1137.45602827051,1321323.88637679,3925529.84829224,2839554.92875699,5426830.95641995,-0.472888997857899,"/Users/9oy/Documents/Projects/IM3/EvaluationP/Script/Revision/5_UrbanScaling/data/model_evaldfs/single_latent_los_angeles_model/Evaldf_0.0005.csv",2.45347634920192,3.06913108089765
"single_latent_los_angeles_model","2A","single-latent cGAN","LALegacy","Los Angeles Model",0.001,1,1,4,376,445.367654721474,432784.374298823,635876.252590013,465538.61983483,868539.346427101,-0.167101033983619,673.284322352117,776669.807421671,1418389.92386548,1032935.34472159,1947682.38535336,-0.261559214866573,"/Users/9oy/Documents/Projects/IM3/EvaluationP/Script/Revision/5_UrbanScaling/data/model_evaldfs/single_latent_los_angeles_model/Evaldf_0.001.csv",2.28276635747549,3.06913108089765
"single_latent_los_angeles_model","2A","single-latent cGAN","LALegacy","Los Angeles Model",0.001,2,1,5,2873,406.161891142447,223761.331049745,531720.016087499,389744.693183515,725413.791266083,-0.375897972436577,919.540035845735,1253510.86855836,2597722.15738253,1884218.23128624,3581411.2690915,-0.31646459485402,"/Users/9oy/Documents/Projects/IM3/EvaluationP/Script/Revision/5_UrbanScaling/data/model_evaldfs/single_latent_los_angeles_model/Evaldf_0.001.csv",2.28276635747549,3.06913108089765
"single_latent_los_angeles_model","2A","single-latent cGAN","LALegacy","Los Angeles Model",0.001,3,1,6,1631,321.021556327226,245329.232087077,336783.496085326,247605.575134863,458079.844016748,-0.137601501514511,382.277176224914,608163.144087705,472701.090539566,346754.354811977,644393.698006926,0.109433493246531,"/Users/9oy/Documents/Projects/IM3/EvaluationP/Script/Revision/5_UrbanScaling/data/model_evaldfs/single_latent_los_angeles_model/Evaldf_0.001.csv",2.28276635747549,3.06913108089765
"single_latent_los_angeles_model","2A","single-latent cGAN","LALegacy","Los Angeles Model",0.001,4,1,7,540,462.608450493916,472633.713599813,684532.42947293,500916.389740101,935454.81161684,-0.160869330287244,820.132858823158,1685056.64388418,2080351.65564922,1511170.72044647,2863914.01885011,-0.0915222484036353,"/Users/9oy/Documents/Projects/IM3/EvaluationP/Script/Revision/5_UrbanScaling/data/model_evaldfs/single_latent_los_angeles_model/Evaldf_0.001.csv",2.28276635747549,3.06913108089765
"single_latent_los_angeles_model","2A","single-latent cGAN","LALegacy","Los Angeles Model",0.001,5,2,3,348,279.589163102463,144827.901405961,257540.941662963,189682.313872927,349675.914840855,-0.249994041613861,583.114429750892,488822.873437225,1072931.80534022,782801.751128536,1470592.85093704,-0.341420599838488,"/Users/9oy/Documents/Projects/IM3/EvaluationP/Script/Revision/5_UrbanScaling/data/model_evaldfs/single_latent_los_angeles_model/Evaldf_0.001.csv",2.28276635747549,3.06913108089765
"single_latent_los_angeles_model","2A","single-latent cGAN","LALegacy","Los Angeles Model",0.001,6,2,4,1396,704.493201058721,709402.8806223,1548805.92792251,1127253.81678748,2128003.2647875,-0.339104054544055,1088.67011100457,3302729.19463101,3605282.68065437,2609371.29047683,4981300.76576843,-0.0380663568426028,"/Users/9oy/Documents/Projects/IM3/EvaluationP/Script/Revision/5_UrbanScaling/data/model_evaldfs/single_latent_los_angeles_model/Evaldf_0.001.csv",2.28276635747549,3.06913108089765
"single_latent_los_angeles_model","2A","single-latent cGAN","LALegacy","Los Angeles Model",0.001,7,2,5,1481,898.451324900346,1011157.16652724,2483316.37213938,1801772.66004617,3422662.77032833,-0.39021338753602,1117.40056776099,2449083.63757663,3792279.82981508,2743794.69148165,5241422.16335305,-0.189896759372848,"/Users/9oy/Documents/Projects/IM3/EvaluationP/Script/Revision/5_UrbanScaling/data/model_evaldfs/single_latent_los_angeles_model/Evaldf_0.001.csv",2.28276635747549,3.06913108089765
"single_latent_los_angeles_model","2A","single-latent cGAN","LALegacy","Los Angeles Model",0.001,8,2,6,1384,820.474296935931,971903.186990401,2082033.32586234,1512384.2016551,2866244.41412274,-0.330864670489225,816.481194901174,1445455.32557506,2062407.48376139,1498221.92901256,2839048.43915773,-0.154369802362713,"/Users/9oy/Documents/Projects/IM3/EvaluationP/Script/Revision/5_UrbanScaling/data/model_evaldfs/single_latent_los_angeles_model/Evaldf_0.001.csv",2.28276635747549,3.06913108089765
"single_latent_los_angeles_model","2A","single-latent cGAN","LALegacy","Los Angeles Model",0.001,9,2,7,2309,320.248103094588,428898.549163155,335210.060024718,246456.411038927,455925.588902726,0.107037533340222,391.641129620083,866225.085654845,495438.159967142,363320.382495047,675599.229159609,0.242641302575761,"/Users/9oy/Documents/Projects/IM3/EvaluationP/Script/Revision/5_UrbanScaling/data/model_evaldfs/single_latent_los_angeles_model/Evaldf_0.001.csv",2.28276635747549,3.06913108089765
"single_latent_los_angeles_model","2A","single-latent cGAN","LALegacy","Los Angeles Model",0.001,10,2,8,427,362.704366942948,208927.628505117,426850.155572376,313331.445687966,581496.232885635,-0.31027956933865,714.296708224943,1037885.38753054,1590919.99554161,1157699.78488831,2186254.55861023,-0.185498942791545,"/Users/9oy/Documents/Projects/IM3/EvaluationP/Script/Revision/5_UrbanScaling/data/model_evaldfs/single_latent_los_angeles_model/Evaldf_0.001.csv",2.28276635747549,3.06913108089765
"single_latent_los_angeles_model","2A","single-latent cGAN","LALegacy","Los Angeles Model",0.001,11,3,3,527,314.408381174301,150219.191988457,323445.675844007,237863.112237785,439820.635650323,-0.33307592778693,748.711936674946,967507.682325204,1743094.06972155,1267669.12896712,2396821.74667618,-0.255666403209717,"/Users/9oy/Documents/Projects/IM3/EvaluationP/Script/Revision/5_UrbanScaling/data/model_evaldfs/single_latent_los_angeles_model/Evaldf_0.001.csv",2.28276635747549,3.06913108089765
"single_latent_los_angeles_model","2A","single-latent cGAN","LALegacy","Los Angeles Model",0.001,12,3,4,702,716.463938397117,1293735.10440114,1600303.94415866,1164483.09046638,2199235.63910584,-0.0923571130951758,1298.66393956768,7280178.78945513,5077422.95427707,3666535.42661807,7031221.80941227,0.156498702951587,"/Users/9oy/Documents/Projects/IM3/EvaluationP/Script/Revision/5_UrbanScaling/data/model_evaldfs/single_latent_los_angeles_model/Evaldf_0.001.csv",2.28276635747549,3.06913108089765
"single_latent_los_angeles_model","2A","single-latent cGAN","LALegacy","Los Angeles Model",0.001,13,3,5,1135,660.270923399267,633379.405512401,1365653.72609066,994779.855731049,1874796.80940538,-0.333676655919275,896.596957145314,1312205.57855719,2473376.0037758,1794608.04622819,3408871.85305538,-0.275288263296267,"/Users/9oy/Documents/Projects/IM3/EvaluationP/Script/Revision/5_UrbanScaling/data/model_evaldfs/single_latent_los_angeles_model/Evaldf_0.001.csv",2.28276635747549,3.06913108089765
"single_latent_los_angeles_model","2A","single-latent cGAN","LALegacy","Los Angeles Model",0.001,14,3,6,1243,939.194482716959,940444.226126892,2706594.94339064,1962654.16118021,3732525.23673484,-0.459090221675933,1255.7773463723,2394884.38474863,4756979.18300034,3436617.07075511,6584629.73371849,-0.298046698619346,"/Users/9oy/Documents/Projects/IM3/EvaluationP/Script/Revision/5_UrbanScaling/data/model_evaldfs/single_latent_los_angeles_model/Evaldf_0.001.csv",2.28276635747549,3.06913108089765
"single_latent_los_angeles_model","2A","single-latent cGAN","LALegacy","Los Angeles Model",0.001,15,3,7,1433,706.064725323813,765387.285546694,1555520.03390384,1132108.07967036,2137289.38016302,-0.30799436532084,872.297067332883,2967360.04739782,2344903.53803191,1701992.88215146,3230667.21390981,0.102245263132542,"/Users/9oy/Documents/Projects/IM3/EvaluationP/Script/Revision/5_UrbanScaling/data/model_evaldfs/single_latent_los_angeles_model/Evaldf_0.001.csv",2.28276635747549,3.06913108089765
"single_latent_los_angeles_model","2A","single-latent cGAN","LALegacy","Los Angeles Model",0.001,16,3,8,487,624.963857700976,554140.00210381,1227459.62829649,894746.906202571,1683891.97956796,-0.345387714867183,774.987524175917,1375231.96846462,1863808.60891756,1354858.58947204,2563944.7228429,-0.132025354055256,"/Users/9oy/Documents/Projects/IM3/EvaluationP/Script/Revision/5_UrbanScaling/data/model_evaldfs/single_latent_los_angeles_model/Evaldf_0.001.csv",2.28276635747549,3.06913108089765
"single_latent_los_angeles_model","2A","single-latent cGAN","LALegacy","Los Angeles Model",0.001,17,3,9,431,410.376016133117,187677.012459628,542482.130609223,397580.478502059,740194.446012765,-0.460974355571548,610.900175449458,638713.709103656,1174405.84728948,856324.110665345,1610639.09910945,-0.264511967114479,"/Users/9oy/Documents/Projects/IM3/EvaluationP/Script/Revision/5_UrbanScaling/data/model_evaldfs/single_latent_los_angeles_model/Evaldf_0.001.csv",2.28276635747549,3.06913108089765
"single_latent_los_angeles_model","2A","single-latent cGAN","LALegacy","Los Angeles Model",0.001,18,3,10,15,203.475881030094,67813.1153622079,138973.953758661,102774.843306589,187923.028651082,-0.311619716710985,258.818089714603,85810.7424537562,221698.646556791,163445.99164498,300712.727124395,-0.412221382206662,"/Users/9oy/Documents/Projects/IM3/EvaluationP/Script/Revision/5_UrbanScaling/data/model_evaldfs/single_latent_los_angeles_model/Evaldf_0.001.csv",2.28276635747549,3.06913108089765
"single_latent_los_angeles_model","2A","single-latent cGAN","LALegacy","Los Angeles Model",0.001,19,4,1,473,266.011927496977,188136.704274501,233817.503661441,172319.847154458,317262.497160088,-0.0944034875742636,212.961918125678,245472.609263059,151827.239056222,112214.478096018,205423.675363093,0.208653344432248,"/Users/9oy/Documents/Projects/IM3/EvaluationP/Script/Revision/5_UrbanScaling/data/model_evaldfs/single_latent_los_angeles_model/Evaldf_0.001.csv",2.28276635747549,3.06913108089765
"single_latent_los_angeles_model","2A","single-latent cGAN","LALegacy","Los Angeles Model",0.001,20,4,2,320,246.850798203986,151772.710461557,202231.996344942,149185.02028965,274141.333132883,-0.124656178915561,327.102391751645,530926.127937993,349278.150543033,256729.838541717,475189.121528382,0.181862679622629,"/Users/9oy/Documents/Projects/IM3/EvaluationP/Script/Revision/5_UrbanScaling/data/model_evaldfs/single_latent_los_angeles_model/Evaldf_0.001.csv",2.28276635747549,3.06913108089765
"single_latent_los_angeles_model","2A","single-latent cGAN","LALegacy","Los Angeles Model",0.001,21,4,3,205,221.614779113102,170911.55012664,164031.705887721,121172.70572879,222050.010145504,0.0178436116709274,206.671442565237,238371.35404411,143242.265694176,105910.167704249,193733.492505626,0.221182881725673,"/Users/9oy/Documents/Projects/IM3/EvaluationP/Script/Revision/5_UrbanScaling/data/model_evaldfs/single_latent_los_angeles_model/Evaldf_0.001.csv",2.28276635747549,3.06913108089765
"single_latent_los_angeles_model","2A","single-latent cGAN","LALegacy","Los Angeles Model",0.001,22,4,4,152,288.112004261531,211616.256302266,273000.049739563,200990.606192095,370808.509759771,-0.110613699140941,635.537942798549,629591.243380593,1268097.39493246,924170.273477401,1740015.93557404,-0.304093931330306,"/Users/9oy/Documents/Projects/IM3/EvaluationP/Script/Revision/5_UrbanScaling/data/model_evaldfs/single_latent_los_angeles_model/Evaldf_0.001.csv",2.28276635747549,3.06913108089765
"single_latent_los_angeles_model","2A","single-latent cGAN","LALegacy","Los Angeles Model",0.001,23,4,5,951,441.280691565401,379664.668212082,624597.377931745,457335.272011021,853032.574556836,-0.216199973369935,653.161070196998,1517233.25313809,1337250.79172562,974225.858165118,1835549.39030137,0.0548394888559319,"/Users/9oy/Documents/Projects/IM3/EvaluationP/Script/Revision/5_UrbanScaling/data/model_evaldfs/single_latent_los_angeles_model/Evaldf_0.001.csv",2.28276635747549,3.06913108089765
"single_latent_los_angeles_model","2A","single-latent cGAN","LALegacy","Los Angeles Model",0.001,24,4,6,1767,604.392354538685,884037.186201521,1150240.59194728,838819.287197254,1577280.636672,-0.114318156177584,909.228821760083,3567706.25197583,2541471.90571006,1843685.02842345,3503352.98488417,0.147303776199519,"/Users/9oy/Documents/Projects/IM3/EvaluationP/Script/Revision/5_UrbanScaling/data/model_evaldfs/single_latent_los_angeles_model/Evaldf_0.001.csv",2.28276635747549,3.06913108089765
"single_latent_los_angeles_model","2A","single-latent cGAN","LALegacy","Los Angeles Model",0.001,25,4,7,1023,930.598588976572,1633228.57543592,2658712.65978013,1928160.63864954,3666060.21592992,-0.211624433657873,1820.67345309369,10780574.6070688,9783620.28431818,7034401.66373083,13607301.7213742,0.0421423206693129,"/Users/9oy/Documents/Projects/IM3/EvaluationP/Script/Revision/5_UrbanScaling/data/model_evaldfs/single_latent_los_angeles_model/Evaldf_0.001.csv",2.28276635747549,3.06913108089765
"single_latent_los_angeles_model","2A","single-latent cGAN","LALegacy","Los Angeles Model",0.001,26,4,8,713,879.07414321233,1411634.00408646,2380399.50517907,1727585.03002726,3279897.4902945,-0.226927740016308,1421.17684778826,5989638.3714483,6048498.67269786,4362718.5142456,8385674.22449303,-0.0042469873294891,"/Users/9oy/Documents/Projects/IM3/EvaluationP/Script/Revision/5_UrbanScaling/data/model_evaldfs/single_latent_los_angeles_model/Evaldf_0.001.csv",2.28276635747549,3.06913108089765
"single_latent_los_angeles_model","2A","single-latent cGAN","LALegacy","Los Angeles Model",0.001,27,4,9,855,585.019022254246,522491.151628376,1079745.43729548,787739.918910573,1479993.81696023,-0.315242437433837,879.806135614649,2591752.48512071,2384248.89851585,1730360.24197177,3285236.60691389,0.0362419329645811,"/Users/9oy/Documents/Projects/IM3/EvaluationP/Script/Revision/5_UrbanScaling/data/model_evaldfs/single_latent_los_angeles_model/Evaldf_0.001.csv",2.28276635747549,3.06913108089765
"single_latent_los_angeles_model","2A","single-latent cGAN","LALegacy","Los Angeles Model",0.001,28,4,10,784,546.533061588233,364449.603282841,946126.626054507,690860.53987201,1295710.98777059,-0.414311782824467,758.082984722014,1172112.03772333,1785696.62233466,1298444.44217099,2455794.27463673,-0.182838550931053,"/Users/9oy/Documents/Projects/IM3/EvaluationP/Script/Revision/5_UrbanScaling/data/model_evaldfs/single_latent_los_angeles_model/Evaldf_0.001.csv",2.28276635747549,3.06913108089765
"single_latent_los_angeles_model","2A","single-latent cGAN","LALegacy","Los Angeles Model",0.001,29,4,11,184,468.070650371946,188253.1721197,700310.193273411,512384.725633436,957160.395826287,-0.570548144790105,512.875978477372,356728.374502348,836299.123907189,611163.442319268,1144368.55384189,-0.370023986931484,"/Users/9oy/Documents/Projects/IM3/EvaluationP/Script/Revision/5_UrbanScaling/data/model_evaldfs/single_latent_los_angeles_model/Evaldf_0.001.csv",2.28276635747549,3.06913108089765
"single_latent_los_angeles_model","2A","single-latent cGAN","LALegacy","Los Angeles Model",0.001,30,5,4,126,496.944387055541,269005.098091973,786605.630762886,575080.745509697,1075933.11579138,-0.465996540217293,640.13877311343,1627828.24099768,1285979.37177063,937115.550609631,1764716.14791128,0.102374576551417,"/Users/9oy/Documents/Projects/IM3/EvaluationP/Script/Revision/5_UrbanScaling/data/model_evaldfs/single_latent_los_angeles_model/Evaldf_0.001.csv",2.28276635747549,3.06913108089765
"single_latent_los_angeles_model","2A","single-latent cGAN","LALegacy","Los Angeles Model",0.001,31,5,5,844,882.265796262717,728854.343197242,2397205.82616911,1739701.29384481,3303208.31130669,-0.51706457847512,1317.30296865282,3739732.93605641,5219847.22637173,3768693.62502469,7229774.4995077,-0.144817203106626,"/Users/9oy/Documents/Projects/IM3/EvaluationP/Script/Revision/5_UrbanScaling/data/model_evaldfs/single_latent_los_angeles_model/Evaldf_0.001.csv",2.28276635747549,3.06913108089765
"single_latent_los_angeles_model","2A","single-latent cGAN","LALegacy","Los Angeles Model",0.001,32,5,6,829,1215.24862018262,2183218.22174957,4463470.37282104,3225934.7054315,6175750.468696,-0.310575508982687,2222.15039587044,14548170.1666346,14404620.708431,10330413.032276,20085653.6041179,0.00430654500264713,"/Users/9oy/Documents/Projects/IM3/EvaluationP/Script/Revision/5_UrbanScaling/data/model_evaldfs/single_latent_los_angeles_model/Evaldf_0.001.csv",2.28276635747549,3.06913108089765
"single_latent_los_angeles_model","2A","single-latent cGAN","LALegacy","Los Angeles Model",0.001,33,5,7,705,1273.76958605544,1108553.4559095,4890181.85756531,3532202.03447768,6770246.53930851,-0.6445683698907,1887.66308965929,5185850.92273785,10494534.7539303,7542046.02670868,14602835.7970011,-0.30614316212242,"/Users/9oy/Documents/Projects/IM3/EvaluationP/Script/Revision/5_UrbanScaling/data/model_evaldfs/single_latent_los_angeles_model/Evaldf_0.001.csv",2.28276635747549,3.06913108089765
"single_latent_los_angeles_model","2A","single-latent cGAN","LALegacy","Los Angeles Model",0.001,34,5,8,1213,970.423122458391,2890385.88833771,2884034.90311055,2090444.00683621,3978895.05538504,0.00095531623017693,2444.8747159892,39575884.8140339,17339350.2093309,12419833.7359809,24207495.2107302,0.358397815043498,"/Users/9oy/Documents/Projects/IM3/EvaluationP/Script/Revision/5_UrbanScaling/data/model_evaldfs/single_latent_los_angeles_model/Evaldf_0.001.csv",2.28276635747549,3.06913108089765
"single_latent_los_angeles_model","2A","single-latent cGAN","LALegacy","Los Angeles Model",0.001,35,5,9,967,827.837742862753,757029.404888863,2118460.47874861,1538668.19185456,2916726.83154032,-0.446907617471615,1132.46179488706,1900084.45796615,3892139.16971136,2815560.73839382,5380366.01726563,-0.311415455181887,"/Users/9oy/Documents/Projects/IM3/EvaluationP/Script/Revision/5_UrbanScaling/data/model_evaldfs/single_latent_los_angeles_model/Evaldf_0.001.csv",2.28276635747549,3.06913108089765
"single_latent_los_angeles_model","2A","single-latent cGAN","LALegacy","Los Angeles Model",0.001,36,5,10,1355,774.879929685031,527171.218678007,1863306.3132111,1354495.87146528,2563249.16892989,-0.548332563845421,1023.95525762421,1215529.80873862,3200893.1335787,2318513.52767522,4419088.66620445,-0.420505561219109,"/Users/9oy/Documents/Projects/IM3/EvaluationP/Script/Revision/5_UrbanScaling/data/model_evaldfs/single_latent_los_angeles_model/Evaldf_0.001.csv",2.28276635747549,3.06913108089765
"single_latent_los_angeles_model","2A","single-latent cGAN","LALegacy","Los Angeles Model",0.001,37,5,11,3149,335.326370161371,472913.257645624,366527.281006138,269322.5404473,498815.463045287,0.11067518402386,527.458914235081,2451388.1358492,883078.62220764,645117.288597722,1208815.61660708,0.443412708500555,"/Users/9oy/Documents/Projects/IM3/EvaluationP/Script/Revision/5_UrbanScaling/data/model_evaldfs/single_latent_los_angeles_model/Evaldf_0.001.csv",2.28276635747549,3.06913108089765
"single_latent_los_angeles_model","2A","single-latent cGAN","LALegacy","Los Angeles Model",0.001,38,5,12,2408,442.176368098149,422298.609501752,627060.819659394,459127.064790289,856419.282822094,-0.171690014378813,629.473575385321,1272769.37688923,1244712.64764082,907239.557048012,1707718.27921415,0.00968061506597652,"/Users/9oy/Documents/Projects/IM3/EvaluationP/Script/Revision/5_UrbanScaling/data/model_evaldfs/single_latent_los_angeles_model/Evaldf_0.001.csv",2.28276635747549,3.06913108089765
"single_latent_los_angeles_model","2A","single-latent cGAN","LALegacy","Los Angeles Model",0.001,39,5,13,627,439.041443356475,181861.206040462,618459.190854276,452870.436776864,844594.258513247,-0.531570981056472,529.765267232991,245348.627639153,890590.0150762,650568.138290938,1219166.03084353,-0.559894188602199,"/Users/9oy/Documents/Projects/IM3/EvaluationP/Script/Revision/5_UrbanScaling/data/model_evaldfs/single_latent_los_angeles_model/Evaldf_0.001.csv",2.28276635747549,3.06913108089765
"single_latent_los_angeles_model","2A","single-latent cGAN","LALegacy","Los Angeles Model",0.001,40,5,14,372,314.775861223824,156457.940277516,324179.97163526,238399.538626622,440825.744105287,-0.316388571334119,389.763262602793,376776.019954145,490836.908872074,359968.365309771,669283.454682939,-0.114853958230867,"/Users/9oy/Documents/Projects/IM3/EvaluationP/Script/Revision/5_UrbanScaling/data/model_evaldfs/single_latent_los_angeles_model/Evaldf_0.001.csv",2.28276635747549,3.06913108089765
"single_latent_los_angeles_model","2A","single-latent cGAN","LALegacy","Los Angeles Model",0.001,41,5,15,221,330.364583049976,260498.152605351,356072.089507776,261690.223786893,484493.960422776,-0.135733285374802,464.215407895675,439048.294986287,689156.084555248,504277.351466182,941815.267924777,-0.195805299948753,"/Users/9oy/Documents/Projects/IM3/EvaluationP/Script/Revision/5_UrbanScaling/data/model_evaldfs/single_latent_los_angeles_model/Evaldf_0.001.csv",2.28276635747549,3.06913108089765
"single_latent_los_angeles_model","2A","single-latent cGAN","LALegacy","Los Angeles Model",0.001,42,5,16,74,523.474680001905,92266.839208307,870175.349798511,635752.9548886,1191036.75975779,-0.974561133290684,512.885626498752,173133.206799764,836329.664860772,611185.613808974,1144410.62178657,-0.683997128440116,"/Users/9oy/Documents/Projects/IM3/EvaluationP/Script/Revision/5_UrbanScaling/data/model_evaldfs/single_latent_los_angeles_model/Evaldf_0.001.csv",2.28276635747549,3.06913108089765
"single_latent_los_angeles_model","2A","single-latent cGAN","LALegacy","Los Angeles Model",0.001,43,6,5,1020,548.813076025129,794051.006210957,953804.013054145,696429.313125855,1306294.95078963,-0.0796107449433809,1038.68675336805,18703882.5606851,3290896.38093141,2383268.5140759,4544179.10783618,0.754617558883984,"/Users/9oy/Documents/Projects/IM3/EvaluationP/Script/Revision/5_UrbanScaling/data/model_evaldfs/single_latent_los_angeles_model/Evaldf_0.001.csv",2.28276635747549,3.06913108089765
"single_latent_los_angeles_model","2A","single-latent cGAN","LALegacy","Los Angeles Model",0.001,44,6,6,1894,1144.72525261814,2581293.32970865,3974377.88278836,2874654.18263585,5494810.34992313,-0.187431798191568,1669.87340621542,9407703.01028866,8271931.05964477,5954109.68112573,11492036.1095161,0.0558766925558535,"/Users/9oy/Documents/Projects/IM3/EvaluationP/Script/Revision/5_UrbanScaling/data/model_evaldfs/single_latent_los_angeles_model/Evaldf_0.001.csv",2.28276635747549,3.06913108089765
"single_latent_los_angeles_model","2A","single-latent cGAN","LALegacy","Los Angeles Model",0.001,45,6,7,794,726.874482169784,834928.970741061,1645753.72885976,1197333.34361,2262114.68218999,-0.294715317105698,910.179821480569,2772965.39190108,2546634.8501144,1847405.62476457,3510517.11269078,0.0369777713802011,"/Users/9oy/Documents/Projects/IM3/EvaluationP/Script/Revision/5_UrbanScaling/data/model_evaldfs/single_latent_los_angeles_model/Evaldf_0.001.csv",2.28276635747549,3.06913108089765
"single_latent_los_angeles_model","2A","single-latent cGAN","LALegacy","Los Angeles Model",0.001,46,6,8,842,974.196874494918,1806956.72001023,2905847.03016308,2106149.14687799,4009187.56168068,-0.206324997876939,1504.48706738476,6679005.85108356,6755785.34507676,4869312.30077867,9373117.35405745,-0.00496401813919723,"/Users/9oy/Documents/Projects/IM3/EvaluationP/Script/Revision/5_UrbanScaling/data/model_evaldfs/single_latent_los_angeles_model/Evaldf_0.001.csv",2.28276635747549,3.06913108089765
"single_latent_los_angeles_model","2A","single-latent cGAN","LALegacy","Los Angeles Model",0.001,47,6,9,1391,704.454407543197,1179093.05107867,1548640.36644801,1127134.11496603,2127774.28413167,-0.118402495396177,727.689718266758,2253482.5107051,1649338.894412,1199924.37648653,2267075.19400974,0.13554429130599,"/Users/9oy/Documents/Projects/IM3/EvaluationP/Script/Revision/5_UrbanScaling/data/model_evaldfs/single_latent_los_angeles_model/Evaldf_0.001.csv",2.28276635747549,3.06913108089765
"single_latent_los_angeles_model","2A","single-latent cGAN","LALegacy","Los Angeles Model",0.001,48,6,10,2337,344.054648415625,533581.862813409,385274.797941464,283004.69481826,524502.499946722,0.141430457539353,432.907072112222,1157303.49963683,601794.369339094,440747.180968937,821687.531096796,0.283999146446125,"/Users/9oy/Documents/Projects/IM3/EvaluationP/Script/Revision/5_UrbanScaling/data/model_evaldfs/single_latent_los_angeles_model/Evaldf_0.001.csv",2.28276635747549,3.06913108089765
"single_latent_los_angeles_model","2A","single-latent cGAN","LALegacy","Los Angeles Model",0.001,49,6,11,1784,752.671337502145,949752.913855066,1761033.39943938,1280628.77592209,2421653.09123875,-0.268156958145321,790.747009849885,1867973.02927979,1938089.13062028,1408491.04585597,2666818.14504952,-0.0160031445265159,"/Users/9oy/Documents/Projects/IM3/EvaluationP/Script/Revision/5_UrbanScaling/data/model_evaldfs/single_latent_los_angeles_model/Evaldf_0.001.csv",2.28276635747549,3.06913108089765
"single_latent_los_angeles_model","2A","single-latent cGAN","LALegacy","Los Angeles Model",0.001,50,6,12,1799,573.628271579656,346438.25604407,1039306.9172631,758429.107705936,1424205.44952204,-0.477117974094664,697.966707392815,606519.087996735,1521073.15705145,1107201.68880575,2089649.58461906,-0.399305628977548,"/Users/9oy/Documents/Projects/IM3/EvaluationP/Script/Revision/5_UrbanScaling/data/model_evaldfs/single_latent_los_angeles_model/Evaldf_0.001.csv",2.28276635747549,3.06913108089765
"single_latent_los_angeles_model","2A","single-latent cGAN","LALegacy","Los Angeles Model",0.001,51,6,13,2220,611.409333832633,875031.932317687,1176306.76091106,857700.992381567,1613263.37273201,-0.128496691257512,826.698205302608,3231376.39946596,2112803.12238609,1534586.32726044,2908886.22859913,0.184528518743143,"/Users/9oy/Documents/Projects/IM3/EvaluationP/Script/Revision/5_UrbanScaling/data/model_evaldfs/single_latent_los_angeles_model/Evaldf_0.001.csv",2.28276635747549,3.06913108089765
"single_latent_los_angeles_model","2A","single-latent cGAN","LALegacy","Los Angeles Model",0.001,52,6,14,2343,571.553461057869,449261.742078828,1032021.69299483,753147.808122242,1414156.37584787,-0.361189389396507,614.676786264456,1032449.41655927,1188541.08163993,866562.281267088,1630153.92347827,-0.0611454144209842,"/Users/9oy/Documents/Projects/IM3/EvaluationP/Script/Revision/5_UrbanScaling/data/model_evaldfs/single_latent_los_angeles_model/Evaldf_0.001.csv",2.28276635747549,3.06913108089765
"single_latent_los_angeles_model","2A","single-latent cGAN","LALegacy","Los Angeles Model",0.001,53,6,15,2667,586.589878824687,520151.777812179,1085380.87424373,791824.036073647,1487769.48981695,-0.319452077314525,625.389577303888,895042.157953957,1229083.3305036,895922.653737882,1686134.20703145,-0.137737836794611,"/Users/9oy/Documents/Projects/IM3/EvaluationP/Script/Revision/5_UrbanScaling/data/model_evaldfs/single_latent_los_angeles_model/Evaldf_0.001.csv",2.28276635747549,3.06913108089765
"single_latent_los_angeles_model","2A","single-latent cGAN","LALegacy","Los Angeles Model",0.001,54,6,16,2060,609.356180670624,617449.041559776,1168650.54610323,852155.304676037,1602693.88855897,-0.277083545521583,681.054275436625,803461.307266405,1450339.02710266,1056046.44676685,1991847.32828467,-0.256504566496438,"/Users/9oy/Documents/Projects/IM3/EvaluationP/Script/Revision/5_UrbanScaling/data/model_evaldfs/single_latent_los_angeles_model/Evaldf_0.001.csv",2.28276635747549,3.06913108089765
"single_latent_los_angeles_model","2A","single-latent cGAN","LALegacy","Los Angeles Model",0.001,55,7,5,256,1054.52201861361,643368.095932871,3388992.15123191,2453832.52274643,4680542.65914477,-0.721611042217791,832.259801957495,1396697.43707579,2140483.72060941,1554557.5948064,2947250.44186252,-0.185409592946458,"/Users/9oy/Documents/Projects/IM3/EvaluationP/Script/Revision/5_UrbanScaling/data/model_evaldfs/single_latent_los_angeles_model/Evaldf_0.001.csv",2.28276635747549,3.06913108089765
"single_latent_los_angeles_model","2A","single-latent cGAN","LALegacy","Los Angeles Model",0.001,56,7,6,1440,937.248247554593,1387320.37721534,2695717.40893966,1954818.54109505,3717425.52881129,-0.288497597999572,1298.05081345611,6011821.84378054,5072770.40408238,3663197.92461287,7024736.33751409,0.0737608956917206,"/Users/9oy/Documents/Projects/IM3/EvaluationP/Script/Revision/5_UrbanScaling/data/model_evaldfs/single_latent_los_angeles_model/Evaldf_0.001.csv",2.28276635747549,3.06913108089765
"single_latent_los_angeles_model","2A","single-latent cGAN","LALegacy","Los Angeles Model",0.001,57,7,7,1468,873.641462263281,925586.108927175,2351924.45023236,1707055.07410357,3240404.31003996,-0.405006538830947,1181.37426202109,6830594.79169797,4225111.45029169,3054772.02534888,5843829.46395065,0.208620353355097,"/Users/9oy/Documents/Projects/IM3/EvaluationP/Script/Revision/5_UrbanScaling/data/model_evaldfs/single_latent_los_angeles_model/Evaldf_0.001.csv",2.28276635747549,3.06913108089765
"single_latent_los_angeles_model","2A","single-latent cGAN","LALegacy","Los Angeles Model",0.001,58,7,8,1181,903.337721924997,1518770.46288496,2509602.55849956,1820717.76320491,3459133.0567025,-0.218112806074548,1050.11801577532,7428508.19374722,3361570.14880052,2434108.21426945,4642420.4967807,0.34435942824005,"/Users/9oy/Documents/Projects/IM3/EvaluationP/Script/Revision/5_UrbanScaling/data/model_evaldfs/single_latent_los_angeles_model/Evaldf_0.001.csv",2.28276635747549,3.06913108089765
"single_latent_los_angeles_model","2A","single-latent cGAN","LALegacy","Los Angeles Model",0.001,59,7,9,1236,709.513015129637,1267701.55758443,1570301.68909863,1142794.64990554,2157734.45823345,-0.0929660739060613,1201.43129069522,7251579.66513516,4365478.04666436,3155575.10387965,6039279.03743383,0.220400813890621,"/Users/9oy/Documents/Projects/IM3/EvaluationP/Script/Revision/5_UrbanScaling/data/model_evaldfs/single_latent_los_angeles_model/Evaldf_0.001.csv",2.28276635747549,3.06913108089765
"single_latent_los_angeles_model","2A","single-latent cGAN","LALegacy","Los Angeles Model",0.001,60,7,10,1155,733.72875379537,1066753.69598342,1676014.55410567,1219201.9618895,2303986.4381621,-0.196213629384222,1109.84690137856,4906835.70819768,3742671.2992855,2708137.83234758,5172406.03014391,0.11761983027071,"/Users/9oy/Documents/Projects/IM3/EvaluationP/Script/Revision/5_UrbanScaling/data/model_evaldfs/single_latent_los_angeles_model/Evaldf_0.001.csv",2.28276635747549,3.06913108089765
"single_latent_los_angeles_model","2A","single-latent cGAN","LALegacy","Los Angeles Model",0.001,61,7,11,1226,597.039986202462,854553.867322749,1123232.4969127,819252.285365188,1540003.32334545,-0.118730215865072,655.994553274368,1453492.31057747,1348535.49462251,982392.460978863,1851142.03588733,0.0325503566144324,"/Users/9oy/Documents/Projects/IM3/EvaluationP/Script/Revision/5_UrbanScaling/data/model_evaldfs/single_latent_los_angeles_model/Evaldf_0.001.csv",2.28276635747549,3.06913108089765
"single_latent_los_angeles_model","2A","single-latent cGAN","LALegacy","Los Angeles Model",0.001,62,7,12,2081,635.728586783203,844101.00017888,1268835.95657733,924704.963284854,1741036.05866293,-0.177011062421618,792.044902540006,2553495.8108499,1944269.31642137,1412952.67950271,2675378.46781116,0.118378727320311,"/Users/9oy/Documents/Projects/IM3/EvaluationP/Script/Revision/5_UrbanScaling/data/model_evaldfs/single_latent_los_angeles_model/Evaldf_0.001.csv",2.28276635747549,3.06913108089765
"single_latent_los_angeles_model","2A","single-latent cGAN","LALegacy","Los Angeles Model",0.001,63,7,13,2157,259.287674711296,360440.424885844,222480.17450536,164018.349034465,301779.821217045,0.209542176461676,255.966596164736,439550.930781802,216981.561305101,159991.116490936,294272.575746833,0.30658637417387,"/Users/9oy/Documents/Projects/IM3/EvaluationP/Script/Revision/5_UrbanScaling/data/model_evaldfs/single_latent_los_angeles_model/Evaldf_0.001.csv",2.28276635747549,3.06913108089765
"single_latent_los_angeles_model","2A","single-latent cGAN","LALegacy","Los Angeles Model",0.001,64,7,14,2805,653.959772074947,728239.642604887,1340427.06859135,976524.537213584,1839938.12519984,-0.264968872810557,724.231158505416,1545285.25060957,1634155.1981685,1188950.72005517,2246067.19745057,-0.0242846403733731,"/Users/9oy/Documents/Projects/IM3/EvaluationP/Script/Revision/5_UrbanScaling/data/model_evaldfs/single_latent_los_angeles_model/Evaldf_0.001.csv",2.28276635747549,3.06913108089765
"single_latent_los_angeles_model","2A","single-latent cGAN","LALegacy","Los Angeles Model",0.001,65,7,15,3917,932.121012377326,1577967.18561981,2667162.91686735,1934248.34613867,3677789.3796903,-0.227951576613156,1155.25252711303,4779601.99271333,4045638.63135385,2925852.75204905,5593990.30728401,0.0724046458491493,"/Users/9oy/Documents/Projects/IM3/EvaluationP/Script/Revision/5_UrbanScaling/data/model_evaldfs/single_latent_los_angeles_model/Evaldf_0.001.csv",2.28276635747549,3.06913108089765
"single_latent_los_angeles_model","2A","single-latent cGAN","LALegacy","Los Angeles Model",0.001,66,7,16,3141,1503.12823917162,4205965.56082914,6743945.15993412,4860834.76935622,9356581.4264908,-0.205048317770749,1229.96104597647,7213943.35294946,4568969.7683616,3301673.04796849,6322698.95925853,0.198354443268808,"/Users/9oy/Documents/Projects/IM3/EvaluationP/Script/Revision/5_UrbanScaling/data/model_evaldfs/single_latent_los_angeles_model/Evaldf_0.001.csv",2.28276635747549,3.06913108089765
"single_latent_los_angeles_model","2A","single-latent cGAN","LALegacy","Los Angeles Model",0.001,67,8,5,180,584.73982869707,622270.221854349,1078745.32116888,787015.099449386,1478613.90303425,-0.238939906331182,1244.22591636228,1770535.18860355,4672400.49397937,3375915.04981642,6466787.83499777,-0.421435498583696,"/Users/9oy/Documents/Projects/IM3/EvaluationP/Script/Revision/5_UrbanScaling/data/model_evaldfs/single_latent_los_angeles_model/Evaldf_0.001.csv",2.28276635747549,3.06913108089765
"single_latent_los_angeles_model","2A","single-latent cGAN","LALegacy","Los Angeles Model",0.001,68,8,6,1595,835.650206184576,1312808.53117721,2157443.78525767,1566793.26164187,2970758.04479101,-0.215738098198906,1195.48231173973,5477007.77771436,4323612.85040426,3125512.24516207,5980980.59257855,0.102696558697917,"/Users/9oy/Documents/Projects/IM3/EvaluationP/Script/Revision/5_UrbanScaling/data/model_evaldfs/single_latent_los_angeles_model/Evaldf_0.001.csv",2.28276635747549,3.06913108089765
"single_latent_los_angeles_model","2A","single-latent cGAN","LALegacy","Los Angeles Model",0.001,69,8,7,2014,833.606511058075,1818990.9352017,2147212.69107488,1559412.2188754,2956577.02620672,-0.0720445305923428,928.312433080921,7649795.89366982,2646047.70595034,1919036.35277941,3648481.41205059,0.461052177900682,"/Users/9oy/Documents/Projects/IM3/EvaluationP/Script/Revision/5_UrbanScaling/data/model_evaldfs/single_latent_los_angeles_model/Evaldf_0.001.csv",2.28276635747549,3.06913108089765
"single_latent_los_angeles_model","2A","single-latent cGAN","LALegacy","Los Angeles Model",0.001,70,8,8,1604,644.266196141691,1006044.70467671,1302124.66003986,948802.565257468,1787019.44152503,-0.112035284293161,946.876299027523,10406212.2773141,2749736.04161591,1993728.76030616,3792415.72329049,0.57800167473335,"/Users/9oy/Documents/Projects/IM3/EvaluationP/Script/Revision/5_UrbanScaling/data/model_evaldfs/single_latent_los_angeles_model/Evaldf_0.001.csv",2.28276635747549,3.06913108089765
"single_latent_los_angeles_model","2A","single-latent cGAN","LALegacy","Los Angeles Model",0.001,71,8,9,1141,769.78024437312,1160912.81655098,1839574.16991906,1337357.66465248,2530387.50670542,-0.199917697009192,844.450768536356,3342836.78021573,2201770.28594474,1598769.17359882,3032202.81709387,0.181343165538517,"/Users/9oy/Documents/Projects/IM3/EvaluationP/Script/Revision/5_UrbanScaling/data/model_evaldfs/single_latent_los_angeles_model/Evaldf_0.001.csv",2.28276635747549,3.06913108089765
"single_latent_los_angeles_model","2A","single-latent cGAN","LALegacy","Los Angeles Model",0.001,72,8,10,1749,1554.6274339937,3887707.07005617,7199721.93996164,5187099.88424691,9993251.94608063,-0.267622189514447,1909.30696942455,8171242.01270831,10729390.8508537,7709699.48477834,14931817.8040103,-0.118286992626641,"/Users/9oy/Documents/Projects/IM3/EvaluationP/Script/Revision/5_UrbanScaling/data/model_evaldfs/single_latent_los_angeles_model/Evaldf_0.001.csv",2.28276635747549,3.06913108089765
"single_latent_los_angeles_model","2A","single-latent cGAN","LALegacy","Los Angeles Model",0.001,73,8,11,1656,794.412052230738,964436.677379729,1955565.55777633,1421107.4817313,2691025.62608573,-0.306998661514017,978.77751534797,1770610.36496054,2932429.99363894,2125288.32441319,4046107.80044048,-0.21910465072734,"/Users/9oy/Documents/Projects/IM3/EvaluationP/Script/Revision/5_UrbanScaling/data/model_evaldfs/single_latent_los_angeles_model/Evaldf_0.001.csv",2.28276635747549,3.06913108089765
"single_latent_los_angeles_model","2A","single-latent cGAN","LALegacy","Los Angeles Model",0.001,74,8,12,1418,593.423429147154,667078.720919471,1110061.68009688,809709.080783207,1521826.7435356,-0.2211700234868,936.440919742935,1880688.50229895,2691211.47580185,1951572.63583312,3711170.71150967,-0.155630956548689,"/Users/9oy/Documents/Projects/IM3/EvaluationP/Script/Revision/5_UrbanScaling/data/model_evaldfs/single_latent_los_angeles_model/Evaldf_0.001.csv",2.28276635747549,3.06913108089765
"single_latent_los_angeles_model","2A","single-latent cGAN","LALegacy","Los Angeles Model",0.001,75,8,13,180,219.013124621526,132573.206258569,160314.101709828,118444.421737964,216984.563982988,-0.0825159661402818,592.693337638552,538871.484006976,1107411.96381441,807789.080407869,1518170.13542704,-0.312824008842993,"/Users/9oy/Documents/Projects/IM3/EvaluationP/Script/Revision/5_UrbanScaling/data/model_evaldfs/single_latent_los_angeles_model/Evaldf_0.001.csv",2.28276635747549,3.06913108089765
"single_latent_los_angeles_model","2A","single-latent cGAN","LALegacy","Los Angeles Model",0.001,76,8,14,4417,807.915837733361,1324643.33957165,2020613.38608198,1468059.76118082,2781139.13614095,-0.183384265605746,1216.17159755223,4068648.38380041,4470053.69319648,3230661.23518302,6184919.60792899,-0.0408625804419245,"/Users/9oy/Documents/Projects/IM3/EvaluationP/Script/Revision/5_UrbanScaling/data/model_evaldfs/single_latent_los_angeles_model/Evaldf_0.001.csv",2.28276635747549,3.06913108089765
"single_latent_los_angeles_model","2A","single-latent cGAN","LALegacy","Los Angeles Model",0.001,77,8,15,2931,487.229572852421,376181.649295609,757028.291735497,553597.385590606,1035214.12745937,-0.303714504103643,788.600225938371,809308.014211478,1927887.71544455,1401126.17812614,2652688.31700281,-0.376967894971413,"/Users/9oy/Documents/Projects/IM3/EvaluationP/Script/Revision/5_UrbanScaling/data/model_evaldfs/single_latent_los_angeles_model/Evaldf_0.001.csv",2.28276635747549,3.06913108089765
"single_latent_los_angeles_model","2A","single-latent cGAN","LALegacy","Los Angeles Model",0.001,78,8,16,35,495.652868801207,632293.986841017,782641.851620434,572201.987994954,1070475.60260008,-0.0926440163356949,305.374695354039,236294.989904333,305648.663041884,224859.319892721,415464.679266407,-0.111767986946383,"/Users/9oy/Documents/Projects/IM3/EvaluationP/Script/Revision/5_UrbanScaling/data/model_evaldfs/single_latent_los_angeles_model/Evaldf_0.001.csv",2.28276635747549,3.06913108089765
"single_latent_los_angeles_model","2A","single-latent cGAN","LALegacy","Los Angeles Model",0.001,79,9,5,861,437.663388850277,272198.349055105,614696.30490653,450133.219035954,839421.600731852,-0.353775115695286,522.963589678479,1610113.25376242,868526.80653533,634556.48632796,1188765.42896229,0.26807319773064,"/Users/9oy/Documents/Projects/IM3/EvaluationP/Script/Revision/5_UrbanScaling/data/model_evaldfs/single_latent_los_angeles_model/Evaldf_0.001.csv",2.28276635747549,3.06913108089765
"single_latent_los_angeles_model","2A","single-latent cGAN","LALegacy","Los Angeles Model",0.001,80,9,6,1697,676.320963178643,1903591.53955048,1430835.14423786,1041938.28000916,1964885.30008531,0.12398416715483,787.79014517315,3831196.41517572,1924045.0343419,1398351.90426909,2647366.0048475,0.299119184718498,"/Users/9oy/Documents/Projects/IM3/EvaluationP/Script/Revision/5_UrbanScaling/data/model_evaldfs/single_latent_los_angeles_model/Evaldf_0.001.csv",2.28276635747549,3.06913108089765
"single_latent_los_angeles_model","2A","single-latent cGAN","LALegacy","Los Angeles Model",0.001,81,9,7,2248,437.583978582301,712306.664969924,614479.808264593,449975.730574666,839123.999604768,0.0641593914156054,597.335393158405,4586798.08781329,1124311.64063128,820034.169707593,1541492.67427448,0.610622915600731,"/Users/9oy/Documents/Projects/IM3/EvaluationP/Script/Revision/5_UrbanScaling/data/model_evaldfs/single_latent_los_angeles_model/Evaldf_0.001.csv",2.28276635747549,3.06913108089765
"single_latent_los_angeles_model","2A","single-latent cGAN","LALegacy","Los Angeles Model",0.001,82,9,8,1464,866.957272184095,1664472.5900998,2317117.72046866,1681957.86865128,3192133.7808629,-0.143671450795393,1163.00822556604,7105420.11457003,4098530.89560854,2963850.28846924,5667612.6886738,0.238961547847324,"/Users/9oy/Documents/Projects/IM3/EvaluationP/Script/Revision/5_UrbanScaling/data/model_evaldfs/single_latent_los_angeles_model/Evaldf_0.001.csv",2.28276635747549,3.06913108089765
"single_latent_los_angeles_model","2A","single-latent cGAN","LALegacy","Los Angeles Model",0.001,83,9,9,1423,629.319835268228,668932.608967732,1244122.55514881,906812.298998919,1706903.32932048,-0.269480796284368,767.090833342516,1898132.83409414,1827118.00996751,1328361.84368034,2513140.70652499,0.0165600032268059,"/Users/9oy/Documents/Projects/IM3/EvaluationP/Script/Revision/5_UrbanScaling/data/model_evaldfs/single_latent_los_angeles_model/Evaldf_0.001.csv",2.28276635747549,3.06913108089765
"single_latent_los_angeles_model","2A","single-latent cGAN","LALegacy","Los Angeles Model",0.001,84,9,10,1692,805.254196211132,1049467.11363227,2007710.58730995,1458747.17647361,2763262.79660113,-0.281732275204094,957.598877366374,2446849.68883005,2810507.01471514,2037496.72390109,3876791.35239997,-0.0601773823320428,"/Users/9oy/Documents/Projects/IM3/EvaluationP/Script/Revision/5_UrbanScaling/data/model_evaldfs/single_latent_los_angeles_model/Evaldf_0.001.csv",2.28276635747549,3.06913108089765
"single_latent_los_angeles_model","2A","single-latent cGAN","LALegacy","Los Angeles Model",0.001,85,9,11,1663,989.803923393764,1655725.43140627,2996901.08292641,2171701.41160983,4135658.82161849,-0.257684089203255,1255.1810252176,7194605.82769646,4752594.95675978,3433470.69359092,6578520.9307832,0.180076202326128,"/Users/9oy/Documents/Projects/IM3/EvaluationP/Script/Revision/5_UrbanScaling/data/model_evaldfs/single_latent_los_angeles_model/Evaldf_0.001.csv",2.28276635747549,3.06913108089765
"single_latent_los_angeles_model","2A","single-latent cGAN","LALegacy","Los Angeles Model",0.001,86,9,12,2144,726.587392637777,722090.490632557,1644492.09524649,1196421.54024689,2260369.07591128,-0.357440164541195,803.426761161533,1377410.66346724,1998874.96506018,1452369.84486769,2751021.81449406,-0.161722187864502,"/Users/9oy/Documents/Projects/IM3/EvaluationP/Script/Revision/5_UrbanScaling/data/model_evaldfs/single_latent_los_angeles_model/Evaldf_0.001.csv",2.28276635747549,3.06913108089765
"single_latent_los_angeles_model","2A","single-latent cGAN","LALegacy","Los Angeles Model",0.001,87,9,13,1169,469.764282014602,244790.876867286,705237.709984177,515966.022753903,963939.882958046,-0.459540298527122,678.42266324901,581185.791516377,1439479.51476671,1048191.35609349,1976834.9179634,-0.393890500429934,"/Users/9oy/Documents/Projects/IM3/EvaluationP/Script/Revision/5_UrbanScaling/data/model_evaldfs/single_latent_los_angeles_model/Evaldf_0.001.csv",2.28276635747549,3.06913108089765
"single_latent_los_angeles_model","2A","single-latent cGAN","LALegacy","Los Angeles Model",0.001,88,9,14,89,122.463761662014,46063.4215308365,51864.2161590285,38605.9152068582,69675.7712743614,-0.0515116249920188,483.14763940328,389491.767438766,744764.648601189,544688.129624864,1018333.88986844,-0.281520771443482,"/Users/9oy/Documents/Projects/IM3/EvaluationP/Script/Revision/5_UrbanScaling/data/model_evaldfs/single_latent_los_angeles_model/Evaldf_0.001.csv",2.28276635747549,3.06913108089765
"single_latent_los_angeles_model","2A","single-latent cGAN","LALegacy","Los Angeles Model",0.001,89,10,5,11,171.07150314403,103997.147962039,99239.7241054359,73554.0717874242,133895.005418407,0.0203358810583606,0,0,0,0,0,NA,"/Users/9oy/Documents/Projects/IM3/EvaluationP/Script/Revision/5_UrbanScaling/data/model_evaldfs/single_latent_los_angeles_model/Evaldf_0.001.csv",2.28276635747549,3.06913108089765
"single_latent_los_angeles_model","2A","single-latent cGAN","LALegacy","Los Angeles Model",0.001,90,10,6,540,339.123226895325,260897.482029221,374626.846994876,275234.251940021,509912.096696115,-0.157129009466221,392.633466133176,678205.569726434,497878.042451059,365097.756239843,678948.421123842,0.134238378748734,"/Users/9oy/Documents/Projects/IM3/EvaluationP/Script/Revision/5_UrbanScaling/data/model_evaldfs/single_latent_los_angeles_model/Evaldf_0.001.csv",2.28276635747549,3.06913108089765
"single_latent_los_angeles_model","2A","single-latent cGAN","LALegacy","Los Angeles Model",0.001,91,10,7,2166,285.754904692697,402533.767175954,268680.934602311,197831.623275983,364903.463982926,0.175565467389661,65.9979350819489,244861.16653676,15619.7714371839,11719.5134518941,20818.0365807281,1.19524523958022,"/Users/9oy/Documents/Projects/IM3/EvaluationP/Script/Revision/5_UrbanScaling/data/model_evaldfs/single_latent_los_angeles_model/Evaldf_0.001.csv",2.28276635747549,3.06913108089765
"single_latent_los_angeles_model","2A","single-latent cGAN","LALegacy","Los Angeles Model",0.001,92,10,8,310,451.322848901721,492330.672662951,652486.071692279,477617.520443606,891378.677559823,-0.122314351863499,422.343926117569,857660.806415707,573615.783010418,420242.85052389,782964.103038202,0.174694471624493,"/Users/9oy/Documents/Projects/IM3/EvaluationP/Script/Revision/5_UrbanScaling/data/model_evaldfs/single_latent_los_angeles_model/Evaldf_0.001.csv",2.28276635747549,3.06913108089765
"single_latent_los_angeles_model","2A","single-latent cGAN","LALegacy","Los Angeles Model",0.001,93,10,9,1581,517.220342903419,1108513.6453089,850105.967201909,621186.105518086,1163387.50827268,0.115267978796346,557.114142758181,1693581.74777007,982009.888885921,716885.845389827,1345184.07368659,0.236690303341977,"/Users/9oy/Documents/Projects/IM3/EvaluationP/Script/Revision/5_UrbanScaling/data/model_evaldfs/single_latent_los_angeles_model/Evaldf_0.001.csv",2.28276635747549,3.06913108089765
"single_latent_los_angeles_model","2A","single-latent cGAN","LALegacy","Los Angeles Model",0.001,94,10,10,1043,826.317882445387,687804.73309496,2110916.6014699,1533225.15901186,2906271.70586806,-0.48700591537757,989.426300230363,1500713.71006978,2994681.88988178,2170103.91310894,4132576.12569253,-0.3000528460982,"/Users/9oy/Documents/Projects/IM3/EvaluationP/Script/Revision/5_UrbanScaling/data/model_evaldfs/single_latent_los_angeles_model/Evaldf_0.001.csv",2.28276635747549,3.06913108089765
"single_latent_los_angeles_model","2A","single-latent cGAN","LALegacy","Los Angeles Model",0.001,95,10,11,2489,780.680794977815,1445888.53486636,1890480.78317241,1374118.18743956,2600880.7861015,-0.116437453085983,1029.82299084122,5302846.27341038,3236597.50207388,2344203.31175646,4468709.40668613,0.214420342728336,"/Users/9oy/Documents/Projects/IM3/EvaluationP/Script/Revision/5_UrbanScaling/data/model_evaldfs/single_latent_los_angeles_model/Evaldf_0.001.csv",2.28276635747549,3.06913108089765
"single_latent_los_angeles_model","2A","single-latent cGAN","LALegacy","Los Angeles Model",0.001,96,10,12,1490,517.224378311818,357742.89778749,850118.843106873,621195.451889095,1163405.2458169,-0.375908621996607,550.153533001823,879606.67503288,958331.713744386,699713.330180622,1312537.05475524,-0.0372273439322629,"/Users/9oy/Documents/Projects/IM3/EvaluationP/Script/Revision/5_UrbanScaling/data/model_evaldfs/single_latent_los_angeles_model/Evaldf_0.001.csv",2.28276635747549,3.06913108089765
"single_latent_los_angeles_model","2A","single-latent cGAN","LALegacy","Los Angeles Model",0.001,97,10,13,323,364.246496740644,297988.542809222,430380.384837716,315905.609647584,586337.405846308,-0.159652903099373,288.264149193542,303228.778749071,273279.985250615,201195.338396449,371191.255889926,0.0451625912416359,"/Users/9oy/Documents/Projects/IM3/EvaluationP/Script/Revision/5_UrbanScaling/data/model_evaldfs/single_latent_los_angeles_model/Evaldf_0.001.csv",2.28276635747549,3.06913108089765
"single_latent_los_angeles_model","2A","single-latent cGAN","LALegacy","Los Angeles Model",0.001,98,11,9,1483,505.119389771906,526680.750008647,811920.566729703,593463.875667304,1110792.13698971,-0.187966097301171,723.861362016473,1292791.54934371,1632535.75502897,1187780.26621617,2243826.62959899,-0.101334197199452,"/Users/9oy/Documents/Projects/IM3/EvaluationP/Script/Revision/5_UrbanScaling/data/model_evaldfs/single_latent_los_angeles_model/Evaldf_0.001.csv",2.28276635747549,3.06913108089765
"single_latent_los_angeles_model","2A","single-latent cGAN","LALegacy","Los Angeles Model",0.001,99,11,10,1600,882.817399014184,749583.748002169,2400116.21681164,1741799.43890524,3307245.211781,-0.505412109450575,848.991217894146,1925273.24509007,2224810.43194923,1615388.00988572,3064143.98758619,-0.0628006366135237,"/Users/9oy/Documents/Projects/IM3/EvaluationP/Script/Revision/5_UrbanScaling/data/model_evaldfs/single_latent_los_angeles_model/Evaldf_0.001.csv",2.28276635747549,3.06913108089765
"single_latent_los_angeles_model","2A","single-latent cGAN","LALegacy","Los Angeles Model",0.001,100,11,11,2218,727.188057124668,1049131.18996357,1647132.2904358,1198329.64744686,2264022.08104977,-0.195898682693859,934.015168190648,5985965.28678542,2677694.63671249,1941835.3958356,3692408.00886394,0.349373145273413,"/Users/9oy/Documents/Projects/IM3/EvaluationP/Script/Revision/5_UrbanScaling/data/model_evaldfs/single_latent_los_angeles_model/Evaldf_0.001.csv",2.28276635747549,3.06913108089765
"single_latent_los_angeles_model","2A","single-latent cGAN","LALegacy","Los Angeles Model",0.001,101,11,12,4341,608.839192993032,616790.619140428,1166726.51808609,850761.620234702,1600037.81979465,-0.276831309050199,956.38611475605,1304734.19120053,2803601.29250715,2032523.46016503,3867202.69723703,-0.332194208094181,"/Users/9oy/Documents/Projects/IM3/EvaluationP/Script/Revision/5_UrbanScaling/data/model_evaldfs/single_latent_los_angeles_model/Evaldf_0.001.csv",2.28276635747549,3.06913108089765
"single_latent_los_angeles_model","2A","single-latent cGAN","LALegacy","Los Angeles Model",0.001,102,11,13,855,479.080298423459,387918.169058802,732641.468443241,535879.962596772,1001648.79963344,-0.276151375368017,1039.40080721279,1207289.01423203,3295289.69524865,2386429.08640227,4550285.71244187,-0.436082351498042,"/Users/9oy/Documents/Projects/IM3/EvaluationP/Script/Revision/5_UrbanScaling/data/model_evaldfs/single_latent_los_angeles_model/Evaldf_0.001.csv",2.28276635747549,3.06913108089765
"single_latent_los_angeles_model","2A","single-latent cGAN","LALegacy","Los Angeles Model",0.001,103,12,9,156,488.992572171548,498835.806282451,762355.022451701,557466.835088904,1042546.64793583,-0.184199646356881,2165.45513946649,14098777.8418376,13699737.5852217,9828161.73001036,19096430.7527466,0.0124692188547669,"/Users/9oy/Documents/Projects/IM3/EvaluationP/Script/Revision/5_UrbanScaling/data/model_evaldfs/single_latent_los_angeles_model/Evaldf_0.001.csv",2.28276635747549,3.06913108089765
"single_latent_los_angeles_model","2A","single-latent cGAN","LALegacy","Los Angeles Model",0.001,104,12,10,1485,638.264514360317,499451.015941044,1278680.06329834,931831.516176294,1754633.40302748,-0.408268993001394,994.441513579448,2088964.40383936,3024219.99222827,2191366.44145338,4173608.93567729,-0.160682340439566,"/Users/9oy/Documents/Projects/IM3/EvaluationP/Script/Revision/5_UrbanScaling/data/model_evaldfs/single_latent_los_angeles_model/Evaldf_0.001.csv",2.28276635747549,3.06913108089765
"single_latent_los_angeles_model","2A","single-latent cGAN","LALegacy","Los Angeles Model",0.001,105,12,11,2575,795.717552917277,1043516.02906622,1961809.09387679,1425614.58177361,2699674.21070392,-0.274157618864325,1067.68940591525,3583007.32768692,3471624.46064977,2513262.57324267,4795430.65817906,0.0137149566589502,"/Users/9oy/Documents/Projects/IM3/EvaluationP/Script/Revision/5_UrbanScaling/data/model_evaldfs/single_latent_los_angeles_model/Evaldf_0.001.csv",2.28276635747549,3.06913108089765
"single_latent_los_angeles_model","2A","single-latent cGAN","LALegacy","Los Angeles Model",0.001,106,12,12,5417,615.669321059192,494978.968809627,1192269.58249216,869262.705118292,1635301.67458708,-0.381787717694284,982.226450640545,2295147.61792145,2952522.75017013,2139753.92633128,4074015.4664507,-0.109382629219541,"/Users/9oy/Documents/Projects/IM3/EvaluationP/Script/Revision/5_UrbanScaling/data/model_evaldfs/single_latent_los_angeles_model/Evaldf_0.001.csv",2.28276635747549,3.06913108089765
"single_latent_los_angeles_model","2A","single-latent cGAN","LALegacy","Los Angeles Model",0.001,107,12,13,1890,476.0887630017,341297.664434426,723786.435735329,529445.678440831,989462.802108787,-0.326477123537598,1137.45602827051,1321323.88637679,3925529.84829224,2839554.92875699,5426830.95641995,-0.472888997857899,"/Users/9oy/Documents/Projects/IM3/EvaluationP/Script/Revision/5_UrbanScaling/data/model_evaldfs/single_latent_los_angeles_model/Evaldf_0.001.csv",2.28276635747549,3.06913108089765
"single_latent_conus_model","2A","single-latent cGAN","MSASample","CONUS Model",1e-04,1,1,4,376,529.577706271476,667821.161886789,889978.009153702,650124.0307085,1218322.68823228,-0.124719098769555,673.284322352117,776669.807421671,1418389.92386548,1032935.34472159,1947682.38535336,-0.261559214866573,"/Users/9oy/Documents/Projects/IM3/EvaluationP/Script/Revision/5_UrbanScaling/data/model_evaldfs/single_latent_conus_model/Evaldf_0.0001.csv",2.57987381626136,3.06913108089765
"single_latent_conus_model","2A","single-latent cGAN","MSASample","CONUS Model",1e-04,2,1,5,2873,507.936163389926,675957.118475242,820733.101839578,599862.441954723,1122928.82058127,-0.0842828038172955,919.540035845735,1253510.86855836,2597722.15738253,1884218.23128624,3581411.2690915,-0.31646459485402,"/Users/9oy/Documents/Projects/IM3/EvaluationP/Script/Revision/5_UrbanScaling/data/model_evaldfs/single_latent_conus_model/Evaldf_0.0001.csv",2.57987381626136,3.06913108089765
"single_latent_conus_model","2A","single-latent cGAN","MSASample","CONUS Model",1e-04,3,1,6,1631,608.828761845824,883397.964496739,1166687.71321482,850733.511472394,1599984.2510149,-0.120798229955127,382.277176224914,608163.144087705,472701.090539566,346754.354811977,644393.698006926,0.109433493246531,"/Users/9oy/Documents/Projects/IM3/EvaluationP/Script/Revision/5_UrbanScaling/data/model_evaldfs/single_latent_conus_model/Evaldf_0.0001.csv",2.57987381626136,3.06913108089765
"single_latent_conus_model","2A","single-latent cGAN","MSASample","CONUS Model",1e-04,4,1,7,540,741.592655821824,1077759.87140574,1711061.9924906,1244526.46398609,2352487.65443581,-0.200743735167471,820.132858823158,1685056.64388418,2080351.65564922,1511170.72044647,2863914.01885011,-0.0915222484036353,"/Users/9oy/Documents/Projects/IM3/EvaluationP/Script/Revision/5_UrbanScaling/data/model_evaldfs/single_latent_conus_model/Evaldf_0.0001.csv",2.57987381626136,3.06913108089765
"single_latent_conus_model","2A","single-latent cGAN","MSASample","CONUS Model",1e-04,5,2,3,348,291.088810687492,410503.716165753,278502.416177575,205014.535869431,378332.177705419,0.168488125715162,583.114429750892,488822.873437225,1072931.80534022,782801.751128536,1470592.85093704,-0.341420599838488,"/Users/9oy/Documents/Projects/IM3/EvaluationP/Script/Revision/5_UrbanScaling/data/model_evaldfs/single_latent_conus_model/Evaldf_0.0001.csv",2.57987381626136,3.06913108089765
"single_latent_conus_model","2A","single-latent cGAN","MSASample","CONUS Model",1e-04,6,2,4,1396,810.008475826728,997157.150200907,2030785.97553388,1475401.54195413,2795233.40673944,-0.308900547788797,1088.67011100457,3302729.19463101,3605282.68065437,2609371.29047683,4981300.76576843,-0.0380663568426028,"/Users/9oy/Documents/Projects/IM3/EvaluationP/Script/Revision/5_UrbanScaling/data/model_evaldfs/single_latent_conus_model/Evaldf_0.0001.csv",2.57987381626136,3.06913108089765
"single_latent_conus_model","2A","single-latent cGAN","MSASample","CONUS Model",1e-04,7,2,5,1481,976.030030589765,921134.317747414,2916471.3492786,2113798.5727627,4023943.07611154,-0.500534751716082,1117.40056776099,2449083.63757663,3792279.82981508,2743794.69148165,5241422.16335305,-0.189896759372848,"/Users/9oy/Documents/Projects/IM3/EvaluationP/Script/Revision/5_UrbanScaling/data/model_evaldfs/single_latent_conus_model/Evaldf_0.0001.csv",2.57987381626136,3.06913108089765
"single_latent_conus_model","2A","single-latent cGAN","MSASample","CONUS Model",1e-04,8,2,6,1384,794.517534996749,895708.812296762,1956069.66905207,1421471.39441692,2691723.91735324,-0.339217471954572,816.481194901174,1445455.32557506,2062407.48376139,1498221.92901256,2839048.43915773,-0.154369802362713,"/Users/9oy/Documents/Projects/IM3/EvaluationP/Script/Revision/5_UrbanScaling/data/model_evaldfs/single_latent_conus_model/Evaldf_0.0001.csv",2.57987381626136,3.06913108089765
"single_latent_conus_model","2A","single-latent cGAN","MSASample","CONUS Model",1e-04,9,2,7,2309,508.041556183451,854137.086985704,821063.72810219,600102.49272171,1123384.17817187,0.0171507126718444,391.641129620083,866225.085654845,495438.159967142,363320.382495047,675599.229159609,0.242641302575761,"/Users/9oy/Documents/Projects/IM3/EvaluationP/Script/Revision/5_UrbanScaling/data/model_evaldfs/single_latent_conus_model/Evaldf_0.0001.csv",2.57987381626136,3.06913108089765
"single_latent_conus_model","2A","single-latent cGAN","MSASample","CONUS Model",1e-04,10,2,8,427,411.139997440058,587810.361108985,544444.396016014,399009.072360384,742889.62554094,0.0332837049885947,714.296708224943,1037885.38753054,1590919.99554161,1157699.78488831,2186254.55861023,-0.185498942791545,"/Users/9oy/Documents/Projects/IM3/EvaluationP/Script/Revision/5_UrbanScaling/data/model_evaldfs/single_latent_conus_model/Evaldf_0.0001.csv",2.57987381626136,3.06913108089765
"single_latent_conus_model","2A","single-latent cGAN","MSASample","CONUS Model",1e-04,11,3,3,527,447.993130970059,590514.975272742,643173.45473407,470845.504706091,878572.883758931,-0.037097196106175,748.711936674946,967507.682325204,1743094.06972155,1267669.12896712,2396821.74667618,-0.255666403209717,"/Users/9oy/Documents/Projects/IM3/EvaluationP/Script/Revision/5_UrbanScaling/data/model_evaldfs/single_latent_conus_model/Evaldf_0.0001.csv",2.57987381626136,3.06913108089765
"single_latent_conus_model","2A","single-latent cGAN","MSASample","CONUS Model",1e-04,12,3,4,702,638.105760302148,733944.354739533,1278062.72048827,931384.607077362,1753780.66707323,-0.240889032820595,1298.66393956768,7280178.78945513,5077422.95427707,3666535.42661807,7031221.80941227,0.156498702951587,"/Users/9oy/Documents/Projects/IM3/EvaluationP/Script/Revision/5_UrbanScaling/data/model_evaldfs/single_latent_conus_model/Evaldf_0.0001.csv",2.57987381626136,3.06913108089765
"single_latent_conus_model","2A","single-latent cGAN","MSASample","CONUS Model",1e-04,13,3,5,1135,791.091776346346,667429.151383413,1939729.8773938,1409675.55193718,2669090.76495203,-0.46333608376105,896.596957145314,1312205.57855719,2473376.0037758,1794608.04622819,3408871.85305538,-0.275288263296267,"/Users/9oy/Documents/Projects/IM3/EvaluationP/Script/Revision/5_UrbanScaling/data/model_evaldfs/single_latent_conus_model/Evaldf_0.0001.csv",2.57987381626136,3.06913108089765
"single_latent_conus_model","2A","single-latent cGAN","MSASample","CONUS Model",1e-04,14,3,6,1243,863.055644026451,801146.544850347,2296917.01392447,1667391.1160178,3164121.31393374,-0.457433340686614,1255.7773463723,2394884.38474863,4756979.18300034,3436617.07075511,6584629.73371849,-0.298046698619346,"/Users/9oy/Documents/Projects/IM3/EvaluationP/Script/Revision/5_UrbanScaling/data/model_evaldfs/single_latent_conus_model/Evaldf_0.0001.csv",2.57987381626136,3.06913108089765
"single_latent_conus_model","2A","single-latent cGAN","MSASample","CONUS Model",1e-04,15,3,7,1433,868.23749869456,1115845.62442391,2323764.78888559,1686750.89319199,3201351.67312454,-0.318588051957966,872.297067332883,2967360.04739782,2344903.53803191,1701992.88215146,3230667.21390981,0.102245263132542,"/Users/9oy/Documents/Projects/IM3/EvaluationP/Script/Revision/5_UrbanScaling/data/model_evaldfs/single_latent_conus_model/Evaldf_0.0001.csv",2.57987381626136,3.06913108089765
"single_latent_conus_model","2A","single-latent cGAN","MSASample","CONUS Model",1e-04,16,3,8,487,811.895534803547,1042814.61625734,2039980.45559062,1482037.19032239,2807972.89458469,-0.291418896927126,774.987524175917,1375231.96846462,1863808.60891756,1354858.58947204,2563944.7228429,-0.132025354055256,"/Users/9oy/Documents/Projects/IM3/EvaluationP/Script/Revision/5_UrbanScaling/data/model_evaldfs/single_latent_conus_model/Evaldf_0.0001.csv",2.57987381626136,3.06913108089765
"single_latent_conus_model","2A","single-latent cGAN","MSASample","CONUS Model",1e-04,17,3,9,431,694.080935422533,922205.847316313,1504676.91396294,1095345.28073303,2066976.19028209,-0.212615386137131,610.900175449458,638713.709103656,1174405.84728948,856324.110665345,1610639.09910945,-0.264511967114479,"/Users/9oy/Documents/Projects/IM3/EvaluationP/Script/Revision/5_UrbanScaling/data/model_evaldfs/single_latent_conus_model/Evaldf_0.0001.csv",2.57987381626136,3.06913108089765
"single_latent_conus_model","2A","single-latent cGAN","MSASample","CONUS Model",1e-04,18,3,10,15,647.845877775058,425518.62125958,1316206.41914801,958995.079356854,1806473.64631763,-0.490405434387045,258.818089714603,85810.7424537562,221698.646556791,163445.99164498,300712.727124395,-0.412221382206662,"/Users/9oy/Documents/Projects/IM3/EvaluationP/Script/Revision/5_UrbanScaling/data/model_evaldfs/single_latent_conus_model/Evaldf_0.0001.csv",2.57987381626136,3.06913108089765
"single_latent_conus_model","2A","single-latent cGAN","MSASample","CONUS Model",1e-04,19,4,1,473,266.660343285339,257304.179963234,234925.194645402,173130.783401663,318775.471321815,0.0395172461186596,212.961918125678,245472.609263059,151827.239056222,112214.478096018,205423.675363093,0.208653344432248,"/Users/9oy/Documents/Projects/IM3/EvaluationP/Script/Revision/5_UrbanScaling/data/model_evaldfs/single_latent_conus_model/Evaldf_0.0001.csv",2.57987381626136,3.06913108089765
"single_latent_conus_model","2A","single-latent cGAN","MSASample","CONUS Model",1e-04,20,4,2,320,76.0830117305347,76438.3595139993,20585.6135124753,15417.1956492562,27486.6774299158,0.569747543055477,327.102391751645,530926.127937993,349278.150543033,256729.838541717,475189.121528382,0.181862679622629,"/Users/9oy/Documents/Projects/IM3/EvaluationP/Script/Revision/5_UrbanScaling/data/model_evaldfs/single_latent_conus_model/Evaldf_0.0001.csv",2.57987381626136,3.06913108089765
"single_latent_conus_model","2A","single-latent cGAN","MSASample","CONUS Model",1e-04,21,4,3,205,71.2908182524254,52456.0999402427,18143.2180647198,13599.3716666666,24205.2625527412,0.461081677664738,206.671442565237,238371.35404411,143242.265694176,105910.167704249,193733.492505626,0.221182881725673,"/Users/9oy/Documents/Projects/IM3/EvaluationP/Script/Revision/5_UrbanScaling/data/model_evaldfs/single_latent_conus_model/Evaldf_0.0001.csv",2.57987381626136,3.06913108089765
"single_latent_conus_model","2A","single-latent cGAN","MSASample","CONUS Model",1e-04,22,4,4,152,220.338626266762,239848.476428173,162202.998441932,119830.701376814,219558.196699699,0.169878085870987,635.537942798549,629591.243380593,1268097.39493246,924170.273477401,1740015.93557404,-0.304093931330306,"/Users/9oy/Documents/Projects/IM3/EvaluationP/Script/Revision/5_UrbanScaling/data/model_evaldfs/single_latent_conus_model/Evaldf_0.0001.csv",2.57987381626136,3.06913108089765
"single_latent_conus_model","2A","single-latent cGAN","MSASample","CONUS Model",1e-04,23,4,5,951,565.080781100051,633467.681967865,1009454.06903347,736786.218782826,1383030.09952009,-0.202362099882357,653.161070196998,1517233.25313809,1337250.79172562,974225.858165118,1835549.39030137,0.0548394888559319,"/Users/9oy/Documents/Projects/IM3/EvaluationP/Script/Revision/5_UrbanScaling/data/model_evaldfs/single_latent_conus_model/Evaldf_0.0001.csv",2.57987381626136,3.06913108089765
"single_latent_conus_model","2A","single-latent cGAN","MSASample","CONUS Model",1e-04,24,4,6,1767,750.904171241998,963945.579951943,1753015.68387599,1274836.7637203,2410554.88464831,-0.259733285381373,909.228821760083,3567706.25197583,2541471.90571006,1843685.02842345,3503352.98488417,0.147303776199519,"/Users/9oy/Documents/Projects/IM3/EvaluationP/Script/Revision/5_UrbanScaling/data/model_evaldfs/single_latent_conus_model/Evaldf_0.0001.csv",2.57987381626136,3.06913108089765
"single_latent_conus_model","2A","single-latent cGAN","MSASample","CONUS Model",1e-04,25,4,7,1023,578.039112303456,694432.122246585,1054877.12772392,769715.648219436,1445684.20451007,-0.181572074150574,1820.67345309369,10780574.6070688,9783620.28431818,7034401.66373083,13607301.7213742,0.0421423206693129,"/Users/9oy/Documents/Projects/IM3/EvaluationP/Script/Revision/5_UrbanScaling/data/model_evaldfs/single_latent_conus_model/Evaldf_0.0001.csv",2.57987381626136,3.06913108089765
"single_latent_conus_model","2A","single-latent cGAN","MSASample","CONUS Model",1e-04,26,4,8,713,902.104731720756,1142533.44820655,2502957.07553902,1815928.32421469,3449912.66365103,-0.340584478634949,1421.17684778826,5989638.3714483,6048498.67269786,4362718.5142456,8385674.22449303,-0.0042469873294891,"/Users/9oy/Documents/Projects/IM3/EvaluationP/Script/Revision/5_UrbanScaling/data/model_evaldfs/single_latent_conus_model/Evaldf_0.0001.csv",2.57987381626136,3.06913108089765
"single_latent_conus_model","2A","single-latent cGAN","MSASample","CONUS Model",1e-04,27,4,9,855,675.243976460493,741813.684636329,1426415.24180137,1038740.95982803,1958775.59539012,-0.283951130066899,879.806135614649,2591752.48512071,2384248.89851585,1730360.24197177,3285236.60691389,0.0362419329645811,"/Users/9oy/Documents/Projects/IM3/EvaluationP/Script/Revision/5_UrbanScaling/data/model_evaldfs/single_latent_conus_model/Evaldf_0.0001.csv",2.57987381626136,3.06913108089765
"single_latent_conus_model","2A","single-latent cGAN","MSASample","CONUS Model",1e-04,28,4,10,784,841.024299331573,872677.776469718,2184459.95082643,1586282.48821123,3008206.49047547,-0.398490170500666,758.082984722014,1172112.03772333,1785696.62233466,1298444.44217099,2455794.27463673,-0.182838550931053,"/Users/9oy/Documents/Projects/IM3/EvaluationP/Script/Revision/5_UrbanScaling/data/model_evaldfs/single_latent_conus_model/Evaldf_0.0001.csv",2.57987381626136,3.06913108089765
"single_latent_conus_model","2A","single-latent cGAN","MSASample","CONUS Model",1e-04,29,4,11,184,605.756396010001,539668.171310962,1155285.45695074,842473.88494105,1584244.34382944,-0.330562501470904,512.875978477372,356728.374502348,836299.123907189,611163.442319268,1144368.55384189,-0.370023986931484,"/Users/9oy/Documents/Projects/IM3/EvaluationP/Script/Revision/5_UrbanScaling/data/model_evaldfs/single_latent_conus_model/Evaldf_0.0001.csv",2.57987381626136,3.06913108089765
"single_latent_conus_model","2A","single-latent cGAN","MSASample","CONUS Model",1e-04,30,5,4,126,395.503454755962,469016.81602513,504967.260584327,370261.691324883,688680.304326432,-0.0320748075737369,640.13877311343,1627828.24099768,1285979.37177063,937115.550609631,1764716.14791128,0.102374576551417,"/Users/9oy/Documents/Projects/IM3/EvaluationP/Script/Revision/5_UrbanScaling/data/model_evaldfs/single_latent_conus_model/Evaldf_0.0001.csv",2.57987381626136,3.06913108089765
"single_latent_conus_model","2A","single-latent cGAN","MSASample","CONUS Model",1e-04,31,5,5,844,867.135285310574,901318.782042556,2318041.43038766,1682623.93678472,3193414.73488212,-0.410242772684929,1317.30296865282,3739732.93605641,5219847.22637173,3768693.62502469,7229774.4995077,-0.144817203106626,"/Users/9oy/Documents/Projects/IM3/EvaluationP/Script/Revision/5_UrbanScaling/data/model_evaldfs/single_latent_conus_model/Evaldf_0.0001.csv",2.57987381626136,3.06913108089765
"single_latent_conus_model","2A","single-latent cGAN","MSASample","CONUS Model",1e-04,32,5,6,829,1019.52704411498,1375902.61582258,3174075.21733365,2299216.42224636,4381820.42708643,-0.363029517870007,2222.15039587044,14548170.1666346,14404620.708431,10330413.032276,20085653.6041179,0.00430654500264713,"/Users/9oy/Documents/Projects/IM3/EvaluationP/Script/Revision/5_UrbanScaling/data/model_evaldfs/single_latent_conus_model/Evaldf_0.0001.csv",2.57987381626136,3.06913108089765
"single_latent_conus_model","2A","single-latent cGAN","MSASample","CONUS Model",1e-04,33,5,7,705,934.830133937709,1011912.10305399,2682232.12993834,1945104.14449417,3698706.42620242,-0.42335357018292,1887.66308965929,5185850.92273785,10494534.7539303,7542046.02670868,14602835.7970011,-0.30614316212242,"/Users/9oy/Documents/Projects/IM3/EvaluationP/Script/Revision/5_UrbanScaling/data/model_evaldfs/single_latent_conus_model/Evaldf_0.0001.csv",2.57987381626136,3.06913108089765
"single_latent_conus_model","2A","single-latent cGAN","MSASample","CONUS Model",1e-04,34,5,8,1213,727.295872419292,924760.615318953,1647606.40536261,1198672.29500841,2264678.0761483,-0.250824146406042,2444.8747159892,39575884.8140339,17339350.2093309,12419833.7359809,24207495.2107302,0.358397815043498,"/Users/9oy/Documents/Projects/IM3/EvaluationP/Script/Revision/5_UrbanScaling/data/model_evaldfs/single_latent_conus_model/Evaldf_0.0001.csv",2.57987381626136,3.06913108089765
"single_latent_conus_model","2A","single-latent cGAN","MSASample","CONUS Model",1e-04,35,5,9,967,999.108643944404,1304306.53464115,3051834.25277488,2211242.88005055,4211971.64293284,-0.369181272968497,1132.46179488706,1900084.45796615,3892139.16971136,2815560.73839382,5380366.01726563,-0.311415455181887,"/Users/9oy/Documents/Projects/IM3/EvaluationP/Script/Revision/5_UrbanScaling/data/model_evaldfs/single_latent_conus_model/Evaldf_0.0001.csv",2.57987381626136,3.06913108089765
"single_latent_conus_model","2A","single-latent cGAN","MSASample","CONUS Model",1e-04,36,5,10,1355,1078.86706058533,962495.366864069,3542527.3398268,2564249.22037319,4894025.06344294,-0.565914563010844,1023.95525762421,1215529.80873862,3200893.1335787,2318513.52767522,4419088.66620445,-0.420505561219109,"/Users/9oy/Documents/Projects/IM3/EvaluationP/Script/Revision/5_UrbanScaling/data/model_evaldfs/single_latent_conus_model/Evaldf_0.0001.csv",2.57987381626136,3.06913108089765
"single_latent_conus_model","2A","single-latent cGAN","MSASample","CONUS Model",1e-04,37,5,11,3149,674.162833016824,1004600.74451855,1421984.94953106,1035536.05793751,1952651.65437132,-0.150901504107076,527.458914235081,2451388.1358492,883078.62220764,645117.288597722,1208815.61660708,0.443412708500555,"/Users/9oy/Documents/Projects/IM3/EvaluationP/Script/Revision/5_UrbanScaling/data/model_evaldfs/single_latent_conus_model/Evaldf_0.0001.csv",2.57987381626136,3.06913108089765
"single_latent_conus_model","2A","single-latent cGAN","MSASample","CONUS Model",1e-04,38,5,12,2408,591.768054307829,508117.678729451,1104058.25087693,805358.916219054,1513542.09506,-0.33702768227243,629.473575385321,1272769.37688923,1244712.64764082,907239.557048012,1707718.27921415,0.00968061506597652,"/Users/9oy/Documents/Projects/IM3/EvaluationP/Script/Revision/5_UrbanScaling/data/model_evaldfs/single_latent_conus_model/Evaldf_0.0001.csv",2.57987381626136,3.06913108089765
"single_latent_conus_model","2A","single-latent cGAN","MSASample","CONUS Model",1e-04,39,5,13,627,735.146962864858,778618.819113894,1682309.16076987,1223750.56120828,2312696.88621498,-0.334580913470843,529.765267232991,245348.627639153,890590.0150762,650568.138290938,1219166.03084353,-0.559894188602199,"/Users/9oy/Documents/Projects/IM3/EvaluationP/Script/Revision/5_UrbanScaling/data/model_evaldfs/single_latent_conus_model/Evaldf_0.0001.csv",2.57987381626136,3.06913108089765
"single_latent_conus_model","2A","single-latent cGAN","MSASample","CONUS Model",1e-04,40,5,14,372,293.585988560105,488410.87232394,283159.282894943,208419.732609307,384700.519887328,0.236754519239501,389.763262602793,376776.019954145,490836.908872074,359968.365309771,669283.454682939,-0.114853958230867,"/Users/9oy/Documents/Projects/IM3/EvaluationP/Script/Revision/5_UrbanScaling/data/model_evaldfs/single_latent_conus_model/Evaldf_0.0001.csv",2.57987381626136,3.06913108089765
"single_latent_conus_model","2A","single-latent cGAN","MSASample","CONUS Model",1e-04,41,5,15,221,422.537860778646,747803.927357784,574127.223761176,420615.062117882,783666.822115219,0.114779601098164,464.215407895675,439048.294986287,689156.084555248,504277.351466182,941815.267924777,-0.195805299948753,"/Users/9oy/Documents/Projects/IM3/EvaluationP/Script/Revision/5_UrbanScaling/data/model_evaldfs/single_latent_conus_model/Evaldf_0.0001.csv",2.57987381626136,3.06913108089765
"single_latent_conus_model","2A","single-latent cGAN","MSASample","CONUS Model",1e-04,42,5,16,74,255.544130737941,182417.342458827,216286.881905303,159482.27950389,293324.220282275,-0.073964055252809,512.885626498752,173133.206799764,836329.664860772,611185.613808974,1144410.62178657,-0.683997128440116,"/Users/9oy/Documents/Projects/IM3/EvaluationP/Script/Revision/5_UrbanScaling/data/model_evaldfs/single_latent_conus_model/Evaldf_0.0001.csv",2.57987381626136,3.06913108089765
"single_latent_conus_model","2A","single-latent cGAN","MSASample","CONUS Model",1e-04,43,6,5,1020,833.088104478164,1297370.30245151,2144621.20698401,1557542.60140821,2952985.11725272,-0.218286643715144,1038.68675336805,18703882.5606851,3290896.38093141,2383268.5140759,4544179.10783618,0.754617558883984,"/Users/9oy/Documents/Projects/IM3/EvaluationP/Script/Revision/5_UrbanScaling/data/model_evaldfs/single_latent_conus_model/Evaldf_0.0001.csv",2.57987381626136,3.06913108089765
"single_latent_conus_model","2A","single-latent cGAN","MSASample","CONUS Model",1e-04,44,6,6,1894,1005.21840938038,1379323.89465505,3088168.14913601,2237393.8044485,4262451.47294884,-0.350034679660122,1669.87340621542,9407703.01028866,8271931.05964477,5954109.68112573,11492036.1095161,0.0558766925558535,"/Users/9oy/Documents/Projects/IM3/EvaluationP/Script/Revision/5_UrbanScaling/data/model_evaldfs/single_latent_conus_model/Evaldf_0.0001.csv",2.57987381626136,3.06913108089765
"single_latent_conus_model","2A","single-latent cGAN","MSASample","CONUS Model",1e-04,45,6,7,794,1012.73533833707,777494.317576087,3133156.2574204,2269770.68471047,4324960.31407016,-0.605284831036875,910.179821480569,2772965.39190108,2546634.8501144,1847405.62476457,3510517.11269078,0.0369777713802011,"/Users/9oy/Documents/Projects/IM3/EvaluationP/Script/Revision/5_UrbanScaling/data/model_evaldfs/single_latent_conus_model/Evaldf_0.0001.csv",2.57987381626136,3.06913108089765
"single_latent_conus_model","2A","single-latent cGAN","MSASample","CONUS Model",1e-04,46,6,8,842,831.643280363998,782468.808254954,2137406.62446216,1552337.58635255,2942985.54545027,-0.436420116888324,1504.48706738476,6679005.85108356,6755785.34507676,4869312.30077867,9373117.35405745,-0.00496401813919723,"/Users/9oy/Documents/Projects/IM3/EvaluationP/Script/Revision/5_UrbanScaling/data/model_evaldfs/single_latent_conus_model/Evaldf_0.0001.csv",2.57987381626136,3.06913108089765
"single_latent_conus_model","2A","single-latent cGAN","MSASample","CONUS Model",1e-04,47,6,9,1391,1011.77054695078,1832283.65673483,3127364.4255703,2265602.61342423,4316912.50370718,-0.232185783786777,727.689718266758,2253482.5107051,1649338.894412,1199924.37648653,2267075.19400974,0.13554429130599,"/Users/9oy/Documents/Projects/IM3/EvaluationP/Script/Revision/5_UrbanScaling/data/model_evaldfs/single_latent_conus_model/Evaldf_0.0001.csv",2.57987381626136,3.06913108089765
"single_latent_conus_model","2A","single-latent cGAN","MSASample","CONUS Model",1e-04,48,6,10,2337,599.081282338998,784508.191623029,1130699.76426406,824662.528446791,1550309.2632507,-0.158749818892102,432.907072112222,1157303.49963683,601794.369339094,440747.180968937,821687.531096796,0.283999146446125,"/Users/9oy/Documents/Projects/IM3/EvaluationP/Script/Revision/5_UrbanScaling/data/model_evaldfs/single_latent_conus_model/Evaldf_0.0001.csv",2.57987381626136,3.06913108089765
"single_latent_conus_model","2A","single-latent cGAN","MSASample","CONUS Model",1e-04,49,6,11,1784,864.076235843862,959027.476039792,2302192.85170103,1671195.61017274,3171437.19990714,-0.380310651259837,790.747009849885,1867973.02927979,1938089.13062028,1408491.04585597,2666818.14504952,-0.0160031445265159,"/Users/9oy/Documents/Projects/IM3/EvaluationP/Script/Revision/5_UrbanScaling/data/model_evaldfs/single_latent_conus_model/Evaldf_0.0001.csv",2.57987381626136,3.06913108089765
"single_latent_conus_model","2A","single-latent cGAN","MSASample","CONUS Model",1e-04,50,6,12,1799,746.006998135957,756852.863071831,1730889.69468914,1258851.99731653,2379929.60377195,-0.359257934102661,697.966707392815,606519.087996735,1521073.15705145,1107201.68880575,2089649.58461906,-0.399305628977548,"/Users/9oy/Documents/Projects/IM3/EvaluationP/Script/Revision/5_UrbanScaling/data/model_evaldfs/single_latent_conus_model/Evaldf_0.0001.csv",2.57987381626136,3.06913108089765
"single_latent_conus_model","2A","single-latent cGAN","MSASample","CONUS Model",1e-04,51,6,13,2220,832.386785194439,1286491.94830179,2141117.76811248,1555015.03346674,2948129.24522447,-0.221233483034499,826.698205302608,3231376.39946596,2112803.12238609,1534586.32726044,2908886.22859913,0.184528518743143,"/Users/9oy/Documents/Projects/IM3/EvaluationP/Script/Revision/5_UrbanScaling/data/model_evaldfs/single_latent_conus_model/Evaldf_0.0001.csv",2.57987381626136,3.06913108089765
"single_latent_conus_model","2A","single-latent cGAN","MSASample","CONUS Model",1e-04,52,6,14,2343,884.36546224155,855249.790038801,2408293.32141506,1747694.34845586,3318587.55914428,-0.449616405065065,614.676786264456,1032449.41655927,1188541.08163993,866562.281267088,1630153.92347827,-0.0611454144209842,"/Users/9oy/Documents/Projects/IM3/EvaluationP/Script/Revision/5_UrbanScaling/data/model_evaldfs/single_latent_conus_model/Evaldf_0.0001.csv",2.57987381626136,3.06913108089765
"single_latent_conus_model","2A","single-latent cGAN","MSASample","CONUS Model",1e-04,53,6,15,2667,819.926249226433,986975.388193711,2079334.37041249,1510436.65153851,2862504.30931661,-0.323618009329493,625.389577303888,895042.157953957,1229083.3305036,895922.653737882,1686134.20703145,-0.137737836794611,"/Users/9oy/Documents/Projects/IM3/EvaluationP/Script/Revision/5_UrbanScaling/data/model_evaldfs/single_latent_conus_model/Evaldf_0.0001.csv",2.57987381626136,3.06913108089765
"single_latent_conus_model","2A","single-latent cGAN","MSASample","CONUS Model",1e-04,54,6,16,2060,752.761250640391,886139.740530759,1761441.81379115,1280923.81050985,2422218.43166213,-0.29836608786999,681.054275436625,803461.307266405,1450339.02710266,1056046.44676685,1991847.32828467,-0.256504566496438,"/Users/9oy/Documents/Projects/IM3/EvaluationP/Script/Revision/5_UrbanScaling/data/model_evaldfs/single_latent_conus_model/Evaldf_0.0001.csv",2.57987381626136,3.06913108089765
"single_latent_conus_model","2A","single-latent cGAN","MSASample","CONUS Model",1e-04,55,7,5,256,1055.76451038362,925710.522018932,3396748.19766204,2459411.15941145,4691325.51268142,-0.564588153502218,832.259801957495,1396697.43707579,2140483.72060941,1554557.5948064,2947250.44186252,-0.185409592946458,"/Users/9oy/Documents/Projects/IM3/EvaluationP/Script/Revision/5_UrbanScaling/data/model_evaldfs/single_latent_conus_model/Evaldf_0.0001.csv",2.57987381626136,3.06913108089765
"single_latent_conus_model","2A","single-latent cGAN","MSASample","CONUS Model",1e-04,56,7,6,1440,1068.46926522512,1430194.93717038,3476548.76110834,2516803.88562682,4802277.74495581,-0.385753088734795,1298.05081345611,6011821.84378054,5072770.40408238,3663197.92461287,7024736.33751409,0.0737608956917206,"/Users/9oy/Documents/Projects/IM3/EvaluationP/Script/Revision/5_UrbanScaling/data/model_evaldfs/single_latent_conus_model/Evaldf_0.0001.csv",2.57987381626136,3.06913108089765
"single_latent_conus_model","2A","single-latent cGAN","MSASample","CONUS Model",1e-04,57,7,7,1468,920.402375273121,1075887.11394449,2602453.48634723,1887627.29909694,3587977.43168952,-0.38361627016904,1181.37426202109,6830594.79169797,4225111.45029169,3054772.02534888,5843829.46395065,0.208620353355097,"/Users/9oy/Documents/Projects/IM3/EvaluationP/Script/Revision/5_UrbanScaling/data/model_evaldfs/single_latent_conus_model/Evaldf_0.0001.csv",2.57987381626136,3.06913108089765
"single_latent_conus_model","2A","single-latent cGAN","MSASample","CONUS Model",1e-04,58,7,8,1181,941.138378837845,980438.503751838,2717480.6049058,1970495.42697454,3747636.62830598,-0.442746094625173,1050.11801577532,7428508.19374722,3361570.14880052,2434108.21426945,4642420.4967807,0.34435942824005,"/Users/9oy/Documents/Projects/IM3/EvaluationP/Script/Revision/5_UrbanScaling/data/model_evaldfs/single_latent_conus_model/Evaldf_0.0001.csv",2.57987381626136,3.06913108089765
"single_latent_conus_model","2A","single-latent cGAN","MSASample","CONUS Model",1e-04,59,7,9,1236,742.11275634881,784490.644936551,1713392.34784317,1246210.20462375,2355712.80571712,-0.339269053987629,1201.43129069522,7251579.66513516,4365478.04666436,3155575.10387965,6039279.03743383,0.220400813890621,"/Users/9oy/Documents/Projects/IM3/EvaluationP/Script/Revision/5_UrbanScaling/data/model_evaldfs/single_latent_conus_model/Evaldf_0.0001.csv",2.57987381626136,3.06913108089765
"single_latent_conus_model","2A","single-latent cGAN","MSASample","CONUS Model",1e-04,60,7,10,1155,971.174607416458,1268195.46295169,2888372.09991118,2093566.9321908,3984918.3989619,-0.357466946158495,1109.84690137856,4906835.70819768,3742671.2992855,2708137.83234758,5172406.03014391,0.11761983027071,"/Users/9oy/Documents/Projects/IM3/EvaluationP/Script/Revision/5_UrbanScaling/data/model_evaldfs/single_latent_conus_model/Evaldf_0.0001.csv",2.57987381626136,3.06913108089765
"single_latent_conus_model","2A","single-latent cGAN","MSASample","CONUS Model",1e-04,61,7,11,1226,955.263751168738,1127191.21774563,2797217.66082711,2027926.11598295,3858339.10830155,-0.39472866517954,655.994553274368,1453492.31057747,1348535.49462251,982392.460978863,1851142.03588733,0.0325503566144324,"/Users/9oy/Documents/Projects/IM3/EvaluationP/Script/Revision/5_UrbanScaling/data/model_evaldfs/single_latent_conus_model/Evaldf_0.0001.csv",2.57987381626136,3.06913108089765
"single_latent_conus_model","2A","single-latent cGAN","MSASample","CONUS Model",1e-04,62,7,12,2081,746.787241500571,902880.286300254,1734405.79701045,1261392.27080903,2384796.17983873,-0.283520545790413,792.044902540006,2553495.8108499,1944269.31642137,1412952.67950271,2675378.46781116,0.118378727320311,"/Users/9oy/Documents/Projects/IM3/EvaluationP/Script/Revision/5_UrbanScaling/data/model_evaldfs/single_latent_conus_model/Evaldf_0.0001.csv",2.57987381626136,3.06913108089765
"single_latent_conus_model","2A","single-latent cGAN","MSASample","CONUS Model",1e-04,63,7,13,2157,647.124460085398,1328696.04966005,1313362.59574926,956936.750741146,1802544.74141295,0.00504100028212191,255.966596164736,439550.930781802,216981.561305101,159991.116490936,294272.575746833,0.30658637417387,"/Users/9oy/Documents/Projects/IM3/EvaluationP/Script/Revision/5_UrbanScaling/data/model_evaldfs/single_latent_conus_model/Evaldf_0.0001.csv",2.57987381626136,3.06913108089765
"single_latent_conus_model","2A","single-latent cGAN","MSASample","CONUS Model",1e-04,64,7,14,2805,946.394807103608,1174779.6105843,2747022.26545604,1991774.11880008,3788648.14824349,-0.368905779201457,724.231158505416,1545285.25060957,1634155.1981685,1188950.72005517,2246067.19745057,-0.0242846403733731,"/Users/9oy/Documents/Projects/IM3/EvaluationP/Script/Revision/5_UrbanScaling/data/model_evaldfs/single_latent_conus_model/Evaldf_0.0001.csv",2.57987381626136,3.06913108089765
"single_latent_conus_model","2A","single-latent cGAN","MSASample","CONUS Model",1e-04,65,7,15,3917,938.095458714206,1601368.34492885,2700449.87297742,1958227.59206846,3723994.87475349,-0.22694488077953,1155.25252711303,4779601.99271333,4045638.63135385,2925852.75204905,5593990.30728401,0.0724046458491493,"/Users/9oy/Documents/Projects/IM3/EvaluationP/Script/Revision/5_UrbanScaling/data/model_evaldfs/single_latent_conus_model/Evaldf_0.0001.csv",2.57987381626136,3.06913108089765
"single_latent_conus_model","2A","single-latent cGAN","MSASample","CONUS Model",1e-04,66,7,16,3141,788.492505344347,1144096.37058391,1927376.52013003,1400757.11609772,2651980.2809907,-0.226503956084094,1229.96104597647,7213943.35294946,4568969.7683616,3301673.04796849,6322698.95925853,0.198354443268808,"/Users/9oy/Documents/Projects/IM3/EvaluationP/Script/Revision/5_UrbanScaling/data/model_evaldfs/single_latent_conus_model/Evaldf_0.0001.csv",2.57987381626136,3.06913108089765
"single_latent_conus_model","2A","single-latent cGAN","MSASample","CONUS Model",1e-04,67,8,5,180,503.099643055255,658813.070391204,805630.004175953,588896.171164763,1102129.26388166,-0.0873734256464265,1244.22591636228,1770535.18860355,4672400.49397937,3375915.04981642,6466787.83499777,-0.421435498583696,"/Users/9oy/Documents/Projects/IM3/EvaluationP/Script/Revision/5_UrbanScaling/data/model_evaldfs/single_latent_conus_model/Evaldf_0.0001.csv",2.57987381626136,3.06913108089765
"single_latent_conus_model","2A","single-latent cGAN","MSASample","CONUS Model",1e-04,68,8,6,1595,882.139442422054,1198351.53266283,2396539.39352476,1739220.85000294,3302283.93059246,-0.301000336509199,1195.48231173973,5477007.77771436,4323612.85040426,3125512.24516207,5980980.59257855,0.102696558697917,"/Users/9oy/Documents/Projects/IM3/EvaluationP/Script/Revision/5_UrbanScaling/data/model_evaldfs/single_latent_conus_model/Evaldf_0.0001.csv",2.57987381626136,3.06913108089765
"single_latent_conus_model","2A","single-latent cGAN","MSASample","CONUS Model",1e-04,69,8,7,2014,956.214834864298,1057507.27841816,2802626.65309597,2031821.55184325,3865849.41454045,-0.423281882709447,928.312433080921,7649795.89366982,2646047.70595034,1919036.35277941,3648481.41205059,0.461052177900682,"/Users/9oy/Documents/Projects/IM3/EvaluationP/Script/Revision/5_UrbanScaling/data/model_evaldfs/single_latent_conus_model/Evaldf_0.0001.csv",2.57987381626136,3.06913108089765
"single_latent_conus_model","2A","single-latent cGAN","MSASample","CONUS Model",1e-04,70,8,8,1604,1006.81434334362,1179403.85675163,3097693.28136638,2244249.07635202,4275685.69216927,-0.419375870184792,946.876299027523,10406212.2773141,2749736.04161591,1993728.76030616,3792415.72329049,0.57800167473335,"/Users/9oy/Documents/Projects/IM3/EvaluationP/Script/Revision/5_UrbanScaling/data/model_evaldfs/single_latent_conus_model/Evaldf_0.0001.csv",2.57987381626136,3.06913108089765
"single_latent_conus_model","2A","single-latent cGAN","MSASample","CONUS Model",1e-04,71,8,9,1141,1173.24740378163,1805967.24442691,4168870.06751356,3014376.57579944,5765529.68840706,-0.363308490473622,844.450768536356,3342836.78021573,2201770.28594474,1598769.17359882,3032202.81709387,0.181343165538517,"/Users/9oy/Documents/Projects/IM3/EvaluationP/Script/Revision/5_UrbanScaling/data/model_evaldfs/single_latent_conus_model/Evaldf_0.0001.csv",2.57987381626136,3.06913108089765
"single_latent_conus_model","2A","single-latent cGAN","MSASample","CONUS Model",1e-04,72,8,10,1749,1217.52741833376,1629947.05162213,4479732.88691604,3237610.37997929,6198400.79035251,-0.439078622390812,1909.30696942455,8171242.01270831,10729390.8508537,7709699.48477834,14931817.8040103,-0.118286992626641,"/Users/9oy/Documents/Projects/IM3/EvaluationP/Script/Revision/5_UrbanScaling/data/model_evaldfs/single_latent_conus_model/Evaldf_0.0001.csv",2.57987381626136,3.06913108089765
"single_latent_conus_model","2A","single-latent cGAN","MSASample","CONUS Model",1e-04,73,8,11,1656,990.212830432271,1318758.56469139,2999305.02203917,2173431.89176687,4138998.16658911,-0.356855341518938,978.77751534797,1770610.36496054,2932429.99363894,2125288.32441319,4046107.80044048,-0.21910465072734,"/Users/9oy/Documents/Projects/IM3/EvaluationP/Script/Revision/5_UrbanScaling/data/model_evaldfs/single_latent_conus_model/Evaldf_0.0001.csv",2.57987381626136,3.06913108089765
"single_latent_conus_model","2A","single-latent cGAN","MSASample","CONUS Model",1e-04,74,8,12,1418,576.579565854057,716957.784597243,1049712.52001973,765972.048270263,1438559.51033004,-0.165576792505346,936.440919742935,1880688.50229895,2691211.47580185,1951572.63583312,3711170.71150967,-0.155630956548689,"/Users/9oy/Documents/Projects/IM3/EvaluationP/Script/Revision/5_UrbanScaling/data/model_evaldfs/single_latent_conus_model/Evaldf_0.0001.csv",2.57987381626136,3.06913108089765
"single_latent_conus_model","2A","single-latent cGAN","MSASample","CONUS Model",1e-04,75,8,13,180,224.726112241867,262928.002282045,168531.847926872,124474.733854839,228182.723401278,0.193154858889198,592.693337638552,538871.484006976,1107411.96381441,807789.080407869,1518170.13542704,-0.312824008842993,"/Users/9oy/Documents/Projects/IM3/EvaluationP/Script/Revision/5_UrbanScaling/data/model_evaldfs/single_latent_conus_model/Evaldf_0.0001.csv",2.57987381626136,3.06913108089765
"single_latent_conus_model","2A","single-latent cGAN","MSASample","CONUS Model",1e-04,76,8,14,4417,622.454924839401,851409.254084753,1217911.6558973,887832.865095662,1670707.24669634,-0.155477420588405,1216.17159755223,4068648.38380041,4470053.69319648,3230661.23518302,6184919.60792899,-0.0408625804419245,"/Users/9oy/Documents/Projects/IM3/EvaluationP/Script/Revision/5_UrbanScaling/data/model_evaldfs/single_latent_conus_model/Evaldf_0.0001.csv",2.57987381626136,3.06913108089765
"single_latent_conus_model","2A","single-latent cGAN","MSASample","CONUS Model",1e-04,77,8,15,2931,211.598882355326,262260.39636395,149946.468424688,110833.554929478,202862.241559808,0.242796471631455,788.600225938371,809308.014211478,1927887.71544455,1401126.17812614,2652688.31700281,-0.376967894971413,"/Users/9oy/Documents/Projects/IM3/EvaluationP/Script/Revision/5_UrbanScaling/data/model_evaldfs/single_latent_conus_model/Evaldf_0.0001.csv",2.57987381626136,3.06913108089765
"single_latent_conus_model","2A","single-latent cGAN","MSASample","CONUS Model",1e-04,78,8,16,35,63.6908830984541,26423.6093084544,14577.2538238931,10942.3130213319,19419.6902091859,0.258316423457623,305.374695354039,236294.989904333,305648.663041884,224859.319892721,415464.679266407,-0.111767986946383,"/Users/9oy/Documents/Projects/IM3/EvaluationP/Script/Revision/5_UrbanScaling/data/model_evaldfs/single_latent_conus_model/Evaldf_0.0001.csv",2.57987381626136,3.06913108089765
"single_latent_conus_model","2A","single-latent cGAN","MSASample","CONUS Model",1e-04,79,9,5,861,654.033907829439,1021976.21856306,1340722.07689868,976738.033589771,1840345.74846757,-0.117897970853848,522.963589678479,1610113.25376242,868526.80653533,634556.48632796,1188765.42896229,0.26807319773064,"/Users/9oy/Documents/Projects/IM3/EvaluationP/Script/Revision/5_UrbanScaling/data/model_evaldfs/single_latent_conus_model/Evaldf_0.0001.csv",2.57987381626136,3.06913108089765
"single_latent_conus_model","2A","single-latent cGAN","MSASample","CONUS Model",1e-04,80,9,6,1697,646.066271741745,896846.57969746,1309196.62101081,953921.410021046,1796789.31037758,-0.164286719528308,787.79014517315,3831196.41517572,1924045.0343419,1398351.90426909,2647366.0048475,0.299119184718498,"/Users/9oy/Documents/Projects/IM3/EvaluationP/Script/Revision/5_UrbanScaling/data/model_evaldfs/single_latent_conus_model/Evaldf_0.0001.csv",2.57987381626136,3.06913108089765
"single_latent_conus_model","2A","single-latent cGAN","MSASample","CONUS Model",1e-04,81,9,7,2248,782.978355888033,1102261.31643395,1901296.56985907,1381927.59945518,2615859.64994334,-0.236765298453968,597.335393158405,4586798.08781329,1124311.64063128,820034.169707593,1541492.67427448,0.610622915600731,"/Users/9oy/Documents/Projects/IM3/EvaluationP/Script/Revision/5_UrbanScaling/data/model_evaldfs/single_latent_conus_model/Evaldf_0.0001.csv",2.57987381626136,3.06913108089765
"single_latent_conus_model","2A","single-latent cGAN","MSASample","CONUS Model",1e-04,82,9,8,1464,1095.05993176105,1611941.78416069,3646475.43311283,2638986.69174991,5038594.21719112,-0.354523938941886,1163.00822556604,7105420.11457003,4098530.89560854,2963850.28846924,5667612.6886738,0.238961547847324,"/Users/9oy/Documents/Projects/IM3/EvaluationP/Script/Revision/5_UrbanScaling/data/model_evaldfs/single_latent_conus_model/Evaldf_0.0001.csv",2.57987381626136,3.06913108089765
"single_latent_conus_model","2A","single-latent cGAN","MSASample","CONUS Model",1e-04,83,9,9,1423,937.66390913523,1545429.68085431,2698038.76338491,1956490.7437714,3720647.89567853,-0.241998936134924,767.090833342516,1898132.83409414,1827118.00996751,1328361.84368034,2513140.70652499,0.0165600032268059,"/Users/9oy/Documents/Projects/IM3/EvaluationP/Script/Revision/5_UrbanScaling/data/model_evaldfs/single_latent_conus_model/Evaldf_0.0001.csv",2.57987381626136,3.06913108089765
"single_latent_conus_model","2A","single-latent cGAN","MSASample","CONUS Model",1e-04,84,9,10,1692,1133.24769938818,1129626.83519621,3897384.4368145,2819330.02203944,5387664.91669397,-0.537838245735288,957.598877366374,2446849.68883005,2810507.01471514,2037496.72390109,3876791.35239997,-0.0601773823320428,"/Users/9oy/Documents/Projects/IM3/EvaluationP/Script/Revision/5_UrbanScaling/data/model_evaldfs/single_latent_conus_model/Evaldf_0.0001.csv",2.57987381626136,3.06913108089765
"single_latent_conus_model","2A","single-latent cGAN","MSASample","CONUS Model",1e-04,85,9,11,1663,1055.26973343856,1185636.51190368,3393658.60549826,2457188.9404171,4687030.18365267,-0.456716586097825,1255.1810252176,7194605.82769646,4752594.95675978,3433470.69359092,6578520.9307832,0.180076202326128,"/Users/9oy/Documents/Projects/IM3/EvaluationP/Script/Revision/5_UrbanScaling/data/model_evaldfs/single_latent_conus_model/Evaldf_0.0001.csv",2.57987381626136,3.06913108089765
"single_latent_conus_model","2A","single-latent cGAN","MSASample","CONUS Model",1e-04,86,9,12,2144,888.760930867933,1202910.27046059,2431584.34736669,1764484.22393436,3350895.60912884,-0.305656106162509,803.426761161533,1377410.66346724,1998874.96506018,1452369.84486769,2751021.81449406,-0.161722187864502,"/Users/9oy/Documents/Projects/IM3/EvaluationP/Script/Revision/5_UrbanScaling/data/model_evaldfs/single_latent_conus_model/Evaldf_0.0001.csv",2.57987381626136,3.06913108089765
"single_latent_conus_model","2A","single-latent cGAN","MSASample","CONUS Model",1e-04,87,9,13,1169,673.459618358404,778653.14343249,1419106.91465787,1033454.03362922,1948673.44816259,-0.26067107498371,678.42266324901,581185.791516377,1439479.51476671,1048191.35609349,1976834.9179634,-0.393890500429934,"/Users/9oy/Documents/Projects/IM3/EvaluationP/Script/Revision/5_UrbanScaling/data/model_evaldfs/single_latent_conus_model/Evaldf_0.0001.csv",2.57987381626136,3.06913108089765
"single_latent_conus_model","2A","single-latent cGAN","MSASample","CONUS Model",1e-04,88,9,14,89,122.376365640606,126206.290966172,51792.3875928282,38552.8020849166,69578.6367656848,0.386815071440042,483.14763940328,389491.767438766,744764.648601189,544688.129624864,1018333.88986844,-0.281520771443482,"/Users/9oy/Documents/Projects/IM3/EvaluationP/Script/Revision/5_UrbanScaling/data/model_evaldfs/single_latent_conus_model/Evaldf_0.0001.csv",2.57987381626136,3.06913108089765
"single_latent_conus_model","2A","single-latent cGAN","MSASample","CONUS Model",1e-04,89,10,5,11,9.25863550254783,856.904333124224,344.971799519455,265.445869872555,448.323202469969,0.395148744777302,0,0,0,0,0,NA,"/Users/9oy/Documents/Projects/IM3/EvaluationP/Script/Revision/5_UrbanScaling/data/model_evaldfs/single_latent_conus_model/Evaldf_0.0001.csv",2.57987381626136,3.06913108089765
"single_latent_conus_model","2A","single-latent cGAN","MSASample","CONUS Model",1e-04,90,10,6,540,363.87335964086,429996.278845121,429524.909917219,315281.829403542,585164.227790803,0.000476341822697143,392.633466133176,678205.569726434,497878.042451059,365097.756239843,678948.421123842,0.134238378748734,"/Users/9oy/Documents/Projects/IM3/EvaluationP/Script/Revision/5_UrbanScaling/data/model_evaldfs/single_latent_conus_model/Evaldf_0.0001.csv",2.57987381626136,3.06913108089765
"single_latent_conus_model","2A","single-latent cGAN","MSASample","CONUS Model",1e-04,91,10,7,2166,75.3523086696793,79004.8874386487,20203.5457669413,15132.9293418103,26973.1822793315,0.592226362879948,65.9979350819489,244861.16653676,15619.7714371839,11719.5134518941,20818.0365807281,1.19524523958022,"/Users/9oy/Documents/Projects/IM3/EvaluationP/Script/Revision/5_UrbanScaling/data/model_evaldfs/single_latent_conus_model/Evaldf_0.0001.csv",2.57987381626136,3.06913108089765
"single_latent_conus_model","2A","single-latent cGAN","MSASample","CONUS Model",1e-04,92,10,8,310,428.892706629147,735507.080188794,591008.33847284,432899.423027341,806863.759950927,0.0949932493806158,422.343926117569,857660.806415707,573615.783010418,420242.85052389,782964.103038202,0.174694471624493,"/Users/9oy/Documents/Projects/IM3/EvaluationP/Script/Revision/5_UrbanScaling/data/model_evaldfs/single_latent_conus_model/Evaldf_0.0001.csv",2.57987381626136,3.06913108089765
"single_latent_conus_model","2A","single-latent cGAN","MSASample","CONUS Model",1e-04,93,10,9,1581,567.852189821879,806040.495616162,1019087.23466087,743770.583292583,1396316.03504842,-0.101854500159205,557.114142758181,1693581.74777007,982009.888885921,716885.845389827,1345184.07368659,0.236690303341977,"/Users/9oy/Documents/Projects/IM3/EvaluationP/Script/Revision/5_UrbanScaling/data/model_evaldfs/single_latent_conus_model/Evaldf_0.0001.csv",2.57987381626136,3.06913108089765
"single_latent_conus_model","2A","single-latent cGAN","MSASample","CONUS Model",1e-04,94,10,10,1043,1111.0855139401,1240561.55585487,3750784.1474779,2713969.27383017,5183692.3345551,-0.480503753261912,989.426300230363,1500713.71006978,2994681.88988178,2170103.91310894,4132576.12569253,-0.3000528460982,"/Users/9oy/Documents/Projects/IM3/EvaluationP/Script/Revision/5_UrbanScaling/data/model_evaldfs/single_latent_conus_model/Evaldf_0.0001.csv",2.57987381626136,3.06913108089765
"single_latent_conus_model","2A","single-latent cGAN","MSASample","CONUS Model",1e-04,95,10,11,2489,1080.77497978573,1228846.3565145,3554699.22283499,2573001.40492643,4910952.06579766,-0.461305273096088,1029.82299084122,5302846.27341038,3236597.50207388,2344203.31175646,4468709.40668613,0.214420342728336,"/Users/9oy/Documents/Projects/IM3/EvaluationP/Script/Revision/5_UrbanScaling/data/model_evaldfs/single_latent_conus_model/Evaldf_0.0001.csv",2.57987381626136,3.06913108089765
"single_latent_conus_model","2A","single-latent cGAN","MSASample","CONUS Model",1e-04,96,10,12,1490,942.34715484428,966021.533903637,2724260.33566456,1975378.96361925,3757048.40091924,-0.450261799732472,550.153533001823,879606.67503288,958331.713744386,699713.330180622,1312537.05475524,-0.0372273439322629,"/Users/9oy/Documents/Projects/IM3/EvaluationP/Script/Revision/5_UrbanScaling/data/model_evaldfs/single_latent_conus_model/Evaldf_0.0001.csv",2.57987381626136,3.06913108089765
"single_latent_conus_model","2A","single-latent cGAN","MSASample","CONUS Model",1e-04,97,10,13,323,324.646492072878,373731.157617496,344205.301428382,253025.638324585,468242.231561607,0.0357417510649274,288.264149193542,303228.778749071,273279.985250615,201195.338396449,371191.255889926,0.0451625912416359,"/Users/9oy/Documents/Projects/IM3/EvaluationP/Script/Revision/5_UrbanScaling/data/model_evaldfs/single_latent_conus_model/Evaldf_0.0001.csv",2.57987381626136,3.06913108089765
"single_latent_conus_model","2A","single-latent cGAN","MSASample","CONUS Model",1e-04,98,11,9,1483,603.051983668721,846723.368922092,1145293.70073429,835235.560565687,1570452.3644243,-0.13117532591377,723.861362016473,1292791.54934371,1632535.75502897,1187780.26621617,2243826.62959899,-0.101334197199452,"/Users/9oy/Documents/Projects/IM3/EvaluationP/Script/Revision/5_UrbanScaling/data/model_evaldfs/single_latent_conus_model/Evaldf_0.0001.csv",2.57987381626136,3.06913108089765
"single_latent_conus_model","2A","single-latent cGAN","MSASample","CONUS Model",1e-04,99,11,10,1600,1084.20466839164,1243263.66299795,3576630.38184449,2588770.49043617,4941451.91147391,-0.458910820699651,848.991217894146,1925273.24509007,2224810.43194923,1615388.00988572,3064143.98758619,-0.0628006366135237,"/Users/9oy/Documents/Projects/IM3/EvaluationP/Script/Revision/5_UrbanScaling/data/model_evaldfs/single_latent_conus_model/Evaldf_0.0001.csv",2.57987381626136,3.06913108089765
"single_latent_conus_model","2A","single-latent cGAN","MSASample","CONUS Model",1e-04,100,11,11,2218,890.606517164222,1060060.63558637,2441396.2713709,1771557.05741623,3364506.79299987,-0.362307569292019,934.015168190648,5985965.28678542,2677694.63671249,1941835.3958356,3692408.00886394,0.349373145273413,"/Users/9oy/Documents/Projects/IM3/EvaluationP/Script/Revision/5_UrbanScaling/data/model_evaldfs/single_latent_conus_model/Evaldf_0.0001.csv",2.57987381626136,3.06913108089765
"single_latent_conus_model","2A","single-latent cGAN","MSASample","CONUS Model",1e-04,101,11,12,4341,739.449668256983,1035143.56379182,1701476.37504898,1237600.45331467,2339221.71496954,-0.215825337148244,956.38611475605,1304734.19120053,2803601.29250715,2032523.46016503,3867202.69723703,-0.332194208094181,"/Users/9oy/Documents/Projects/IM3/EvaluationP/Script/Revision/5_UrbanScaling/data/model_evaldfs/single_latent_conus_model/Evaldf_0.0001.csv",2.57987381626136,3.06913108089765
"single_latent_conus_model","2A","single-latent cGAN","MSASample","CONUS Model",1e-04,102,11,13,855,118.753232028116,176664.343923753,48857.1297772241,36381.9216786624,65610.0343228567,0.558220955139283,1039.40080721279,1207289.01423203,3295289.69524865,2386429.08640227,4550285.71244187,-0.436082351498042,"/Users/9oy/Documents/Projects/IM3/EvaluationP/Script/Revision/5_UrbanScaling/data/model_evaldfs/single_latent_conus_model/Evaldf_0.0001.csv",2.57987381626136,3.06913108089765
"single_latent_conus_model","2A","single-latent cGAN","MSASample","CONUS Model",1e-04,103,12,9,156,346.196750971672,238868.701992235,389945.102729916,286412.443213262,530902.852673281,-0.212844220849595,2165.45513946649,14098777.8418376,13699737.5852217,9828161.73001036,19096430.7527466,0.0124692188547669,"/Users/9oy/Documents/Projects/IM3/EvaluationP/Script/Revision/5_UrbanScaling/data/model_evaldfs/single_latent_conus_model/Evaldf_0.0001.csv",2.57987381626136,3.06913108089765
"single_latent_conus_model","2A","single-latent cGAN","MSASample","CONUS Model",1e-04,104,12,10,1485,844.386947710085,1620395.97080784,2201447.26115464,1598536.16796028,3031755.01485788,-0.133087131150384,994.441513579448,2088964.40383936,3024219.99222827,2191366.44145338,4173608.93567729,-0.160682340439566,"/Users/9oy/Documents/Projects/IM3/EvaluationP/Script/Revision/5_UrbanScaling/data/model_evaldfs/single_latent_conus_model/Evaldf_0.0001.csv",2.57987381626136,3.06913108089765
"single_latent_conus_model","2A","single-latent cGAN","MSASample","CONUS Model",1e-04,105,12,11,2575,807.639725718904,887193.541981156,2019273.01899652,1467092.37066636,2779282.07301311,-0.357176670528721,1067.68940591525,3583007.32768692,3471624.46064977,2513262.57324267,4795430.65817906,0.0137149566589502,"/Users/9oy/Documents/Projects/IM3/EvaluationP/Script/Revision/5_UrbanScaling/data/model_evaldfs/single_latent_conus_model/Evaldf_0.0001.csv",2.57987381626136,3.06913108089765
"single_latent_conus_model","2A","single-latent cGAN","MSASample","CONUS Model",1e-04,106,12,12,5417,715.615932917187,940220.626247118,1596628.95547574,1161826.61000087,2194151.86355703,-0.22997422673819,982.226450640545,2295147.61792145,2952522.75017013,2139753.92633128,4074015.4664507,-0.109382629219541,"/Users/9oy/Documents/Projects/IM3/EvaluationP/Script/Revision/5_UrbanScaling/data/model_evaldfs/single_latent_conus_model/Evaldf_0.0001.csv",2.57987381626136,3.06913108089765
"single_latent_conus_model","2A","single-latent cGAN","MSASample","CONUS Model",1e-04,107,12,13,1890,306.946703429348,490432.524425921,308710.529621161,227096.891360689,419654.318154507,0.201027821114467,1137.45602827051,1321323.88637679,3925529.84829224,2839554.92875699,5426830.95641995,-0.472888997857899,"/Users/9oy/Documents/Projects/IM3/EvaluationP/Script/Revision/5_UrbanScaling/data/model_evaldfs/single_latent_conus_model/Evaldf_0.0001.csv",2.57987381626136,3.06913108089765
"single_latent_conus_model","2A","single-latent cGAN","MSASample","CONUS Model",2e-04,1,1,4,376,602.670141180864,731184.996121084,1143886.33122784,834215.986887211,1568509.78563996,-0.194355599342929,673.284322352117,776669.807421671,1418389.92386548,1032935.34472159,1947682.38535336,-0.261559214866573,"/Users/9oy/Documents/Projects/IM3/EvaluationP/Script/Revision/5_UrbanScaling/data/model_evaldfs/single_latent_conus_model/Evaldf_0.0002.csv",2.7393858557245,3.06913108089765
"single_latent_conus_model","2A","single-latent cGAN","MSASample","CONUS Model",2e-04,2,1,5,2873,742.046697315078,1297563.80179465,1713096.27937591,1245996.28851433,2355303.05303782,-0.120653050354231,919.540035845735,1253510.86855836,2597722.15738253,1884218.23128624,3581411.2690915,-0.31646459485402,"/Users/9oy/Documents/Projects/IM3/EvaluationP/Script/Revision/5_UrbanScaling/data/model_evaldfs/single_latent_conus_model/Evaldf_0.0002.csv",2.7393858557245,3.06913108089765
"single_latent_conus_model","2A","single-latent cGAN","MSASample","CONUS Model",2e-04,3,1,6,1631,651.848423281205,1327848.18021981,1332038.59603083,970453.701535581,1828347.72901398,-0.00136838604218167,382.277176224914,608163.144087705,472701.090539566,346754.354811977,644393.698006926,0.109433493246531,"/Users/9oy/Documents/Projects/IM3/EvaluationP/Script/Revision/5_UrbanScaling/data/model_evaldfs/single_latent_conus_model/Evaldf_0.0002.csv",2.7393858557245,3.06913108089765
"single_latent_conus_model","2A","single-latent cGAN","MSASample","CONUS Model",2e-04,4,1,7,540,731.590111996776,1388390.63375261,1666544.00223094,1212358.15263352,2290881.53969919,-0.0793051097401985,820.132858823158,1685056.64388418,2080351.65564922,1511170.72044647,2863914.01885011,-0.0915222484036353,"/Users/9oy/Documents/Projects/IM3/EvaluationP/Script/Revision/5_UrbanScaling/data/model_evaldfs/single_latent_conus_model/Evaldf_0.0002.csv",2.7393858557245,3.06913108089765
"single_latent_conus_model","2A","single-latent cGAN","MSASample","CONUS Model",2e-04,5,2,3,348,289.590894885368,276886.811701415,275726.995218626,202984.912168901,374537.078051558,0.00182298245817869,583.114429750892,488822.873437225,1072931.80534022,782801.751128536,1470592.85093704,-0.341420599838488,"/Users/9oy/Documents/Projects/IM3/EvaluationP/Script/Revision/5_UrbanScaling/data/model_evaldfs/single_latent_conus_model/Evaldf_0.0002.csv",2.7393858557245,3.06913108089765
"single_latent_conus_model","2A","single-latent cGAN","MSASample","CONUS Model",2e-04,6,2,4,1396,809.643954610691,1013678.82649797,2029012.20835185,1474121.39285266,2792775.7928226,-0.301384285004199,1088.67011100457,3302729.19463101,3605282.68065437,2609371.29047683,4981300.76576843,-0.0380663568426028,"/Users/9oy/Documents/Projects/IM3/EvaluationP/Script/Revision/5_UrbanScaling/data/model_evaldfs/single_latent_conus_model/Evaldf_0.0002.csv",2.7393858557245,3.06913108089765
"single_latent_conus_model","2A","single-latent cGAN","MSASample","CONUS Model",2e-04,7,2,5,1481,1051.57478451587,1334970.0811381,3370628.92106232,2440624.19488668,4655013.80642883,-0.402239410288205,1117.40056776099,2449083.63757663,3792279.82981508,2743794.69148165,5241422.16335305,-0.189896759372848,"/Users/9oy/Documents/Projects/IM3/EvaluationP/Script/Revision/5_UrbanScaling/data/model_evaldfs/single_latent_conus_model/Evaldf_0.0002.csv",2.7393858557245,3.06913108089765
"single_latent_conus_model","2A","single-latent cGAN","MSASample","CONUS Model",2e-04,8,2,6,1384,871.87759922026,1008655.87102543,2342715.00842722,1700414.89620041,3227632.04613993,-0.365976439092717,816.481194901174,1445455.32557506,2062407.48376139,1498221.92901256,2839048.43915773,-0.154369802362713,"/Users/9oy/Documents/Projects/IM3/EvaluationP/Script/Revision/5_UrbanScaling/data/model_evaldfs/single_latent_conus_model/Evaldf_0.0002.csv",2.7393858557245,3.06913108089765
"single_latent_conus_model","2A","single-latent cGAN","MSASample","CONUS Model",2e-04,9,2,7,2309,615.557092304399,1215771.46893445,1191847.70627644,868957.157614245,1634719.20624539,0.00863118237008904,391.641129620083,866225.085654845,495438.159967142,363320.382495047,675599.229159609,0.242641302575761,"/Users/9oy/Documents/Projects/IM3/EvaluationP/Script/Revision/5_UrbanScaling/data/model_evaldfs/single_latent_conus_model/Evaldf_0.0002.csv",2.7393858557245,3.06913108089765
"single_latent_conus_model","2A","single-latent cGAN","MSASample","CONUS Model",2e-04,10,2,8,427,663.175529875293,1249918.58369138,1377340.51229131,1003236.26187499,1890947.28618897,-0.0421595965944449,714.296708224943,1037885.38753054,1590919.99554161,1157699.78488831,2186254.55861023,-0.185498942791545,"/Users/9oy/Documents/Projects/IM3/EvaluationP/Script/Revision/5_UrbanScaling/data/model_evaldfs/single_latent_conus_model/Evaldf_0.0002.csv",2.7393858557245,3.06913108089765
"single_latent_conus_model","2A","single-latent cGAN","MSASample","CONUS Model",2e-04,11,3,3,527,353.129471823156,442803.986228587,405247.089692483,297575.861155736,551876.765361288,0.0384916172296972,748.711936674946,967507.682325204,1743094.06972155,1267669.12896712,2396821.74667618,-0.255666403209717,"/Users/9oy/Documents/Projects/IM3/EvaluationP/Script/Revision/5_UrbanScaling/data/model_evaldfs/single_latent_conus_model/Evaldf_0.0002.csv",2.7393858557245,3.06913108089765
"single_latent_conus_model","2A","single-latent cGAN","MSASample","CONUS Model",2e-04,12,3,4,702,628.368597563868,683310.078004939,1240474.48709421,904170.875758742,1701865.20533562,-0.25897001044883,1298.66393956768,7280178.78945513,5077422.95427707,3666535.42661807,7031221.80941227,0.156498702951587,"/Users/9oy/Documents/Projects/IM3/EvaluationP/Script/Revision/5_UrbanScaling/data/model_evaldfs/single_latent_conus_model/Evaldf_0.0002.csv",2.7393858557245,3.06913108089765
"single_latent_conus_model","2A","single-latent cGAN","MSASample","CONUS Model",2e-04,13,3,5,1135,732.493688996595,804924.197121378,1670542.13953198,1215247.40195203,2296413.91166065,-0.317102452144848,896.596957145314,1312205.57855719,2473376.0037758,1794608.04622819,3408871.85305538,-0.275288263296267,"/Users/9oy/Documents/Projects/IM3/EvaluationP/Script/Revision/5_UrbanScaling/data/model_evaldfs/single_latent_conus_model/Evaldf_0.0002.csv",2.7393858557245,3.06913108089765
"single_latent_conus_model","2A","single-latent cGAN","MSASample","CONUS Model",2e-04,14,3,6,1243,897.332824379942,771779.681194309,2477318.31837165,1797449.52923967,3414341.23779584,-0.506488473402492,1255.7773463723,2394884.38474863,4756979.18300034,3436617.07075511,6584629.73371849,-0.298046698619346,"/Users/9oy/Documents/Projects/IM3/EvaluationP/Script/Revision/5_UrbanScaling/data/model_evaldfs/single_latent_conus_model/Evaldf_0.0002.csv",2.7393858557245,3.06913108089765
"single_latent_conus_model","2A","single-latent cGAN","MSASample","CONUS Model",2e-04,15,3,7,1433,920.182907231024,1338481.05414187,2601248.95252135,1886759.39938052,3586305.7659684,-0.288569690097954,872.297067332883,2967360.04739782,2344903.53803191,1701992.88215146,3230667.21390981,0.102245263132542,"/Users/9oy/Documents/Projects/IM3/EvaluationP/Script/Revision/5_UrbanScaling/data/model_evaldfs/single_latent_conus_model/Evaldf_0.0002.csv",2.7393858557245,3.06913108089765
"single_latent_conus_model","2A","single-latent cGAN","MSASample","CONUS Model",2e-04,16,3,8,487,895.08092143982,1488936.64810697,2465263.63366217,1788760.83814128,3397617.30795295,-0.218987149657491,774.987524175917,1375231.96846462,1863808.60891756,1354858.58947204,2563944.7228429,-0.132025354055256,"/Users/9oy/Documents/Projects/IM3/EvaluationP/Script/Revision/5_UrbanScaling/data/model_evaldfs/single_latent_conus_model/Evaldf_0.0002.csv",2.7393858557245,3.06913108089765
"single_latent_conus_model","2A","single-latent cGAN","MSASample","CONUS Model",2e-04,17,3,9,431,810.793421385583,1190042.60988557,2034608.08712076,1478159.98069968,2800529.11878843,-0.232918254655995,610.900175449458,638713.709103656,1174405.84728948,856324.110665345,1610639.09910945,-0.264511967114479,"/Users/9oy/Documents/Projects/IM3/EvaluationP/Script/Revision/5_UrbanScaling/data/model_evaldfs/single_latent_conus_model/Evaldf_0.0002.csv",2.7393858557245,3.06913108089765
"single_latent_conus_model","2A","single-latent cGAN","MSASample","CONUS Model",2e-04,18,3,10,15,554.168366982052,464266.404731862,971954.92909336,709593.858931169,1331319.84204575,-0.320878868187155,258.818089714603,85810.7424537562,221698.646556791,163445.99164498,300712.727124395,-0.412221382206662,"/Users/9oy/Documents/Projects/IM3/EvaluationP/Script/Revision/5_UrbanScaling/data/model_evaldfs/single_latent_conus_model/Evaldf_0.0002.csv",2.7393858557245,3.06913108089765
"single_latent_conus_model","2A","single-latent cGAN","MSASample","CONUS Model",2e-04,19,4,1,473,358.146569166356,444386.475933312,416498.921155652,305782.741254236,567302.623464916,0.0281469527294924,212.961918125678,245472.609263059,151827.239056222,112214.478096018,205423.675363093,0.208653344432248,"/Users/9oy/Documents/Projects/IM3/EvaluationP/Script/Revision/5_UrbanScaling/data/model_evaldfs/single_latent_conus_model/Evaldf_0.0002.csv",2.7393858557245,3.06913108089765
"single_latent_conus_model","2A","single-latent cGAN","MSASample","CONUS Model",2e-04,20,4,2,320,138.168343949784,110786.965336842,65553.133683194,48719.8952267671,88202.4338452559,0.227895208980487,327.102391751645,530926.127937993,349278.150543033,256729.838541717,475189.121528382,0.181862679622629,"/Users/9oy/Documents/Projects/IM3/EvaluationP/Script/Revision/5_UrbanScaling/data/model_evaldfs/single_latent_conus_model/Evaldf_0.0002.csv",2.7393858557245,3.06913108089765
"single_latent_conus_model","2A","single-latent cGAN","MSASample","CONUS Model",2e-04,21,4,3,205,157.300669142894,193629.940420753,84320.0831666748,62563.4081215087,113642.728852405,0.36104148560404,206.671442565237,238371.35404411,143242.265694176,105910.167704249,193733.492505626,0.221182881725673,"/Users/9oy/Documents/Projects/IM3/EvaluationP/Script/Revision/5_UrbanScaling/data/model_evaldfs/single_latent_conus_model/Evaldf_0.0002.csv",2.7393858557245,3.06913108089765
"single_latent_conus_model","2A","single-latent cGAN","MSASample","CONUS Model",2e-04,22,4,4,152,375.881598229831,460224.502698493,457469.511420141,335653.82607797,623494.617428759,0.00260758179938982,635.537942798549,629591.243380593,1268097.39493246,924170.273477401,1740015.93557404,-0.304093931330306,"/Users/9oy/Documents/Projects/IM3/EvaluationP/Script/Revision/5_UrbanScaling/data/model_evaldfs/single_latent_conus_model/Evaldf_0.0002.csv",2.7393858557245,3.06913108089765
"single_latent_conus_model","2A","single-latent cGAN","MSASample","CONUS Model",2e-04,23,4,5,951,612.685475139759,768296.348762313,1181077.71130051,861156.652392373,1619849.94978042,-0.186749704542304,653.161070196998,1517233.25313809,1337250.79172562,974225.858165118,1835549.39030137,0.0548394888559319,"/Users/9oy/Documents/Projects/IM3/EvaluationP/Script/Revision/5_UrbanScaling/data/model_evaldfs/single_latent_conus_model/Evaldf_0.0002.csv",2.7393858557245,3.06913108089765
"single_latent_conus_model","2A","single-latent cGAN","MSASample","CONUS Model",2e-04,24,4,6,1767,711.999077623803,791394.720913274,1581000.64841745,1150529.17185588,2172533.39718839,-0.300538899119989,909.228821760083,3567706.25197583,2541471.90571006,1843685.02842345,3503352.98488417,0.147303776199519,"/Users/9oy/Documents/Projects/IM3/EvaluationP/Script/Revision/5_UrbanScaling/data/model_evaldfs/single_latent_conus_model/Evaldf_0.0002.csv",2.7393858557245,3.06913108089765
"single_latent_conus_model","2A","single-latent cGAN","MSASample","CONUS Model",2e-04,25,4,7,1023,860.480596101151,1698840.30664446,2283631.67271174,1657810.57959664,3145699.32222359,-0.128473501299977,1820.67345309369,10780574.6070688,9783620.28431818,7034401.66373083,13607301.7213742,0.0421423206693129,"/Users/9oy/Documents/Projects/IM3/EvaluationP/Script/Revision/5_UrbanScaling/data/model_evaldfs/single_latent_conus_model/Evaldf_0.0002.csv",2.7393858557245,3.06913108089765
"single_latent_conus_model","2A","single-latent cGAN","MSASample","CONUS Model",2e-04,26,4,8,713,887.741921649929,1420784.08212165,2426175.06962121,1760584.91604542,3343391.96866075,-0.232394052977631,1421.17684778826,5989638.3714483,6048498.67269786,4362718.5142456,8385674.22449303,-0.0042469873294891,"/Users/9oy/Documents/Projects/IM3/EvaluationP/Script/Revision/5_UrbanScaling/data/model_evaldfs/single_latent_conus_model/Evaldf_0.0002.csv",2.7393858557245,3.06913108089765
"single_latent_conus_model","2A","single-latent cGAN","MSASample","CONUS Model",2e-04,27,4,9,855,758.569231245165,827324.715780782,1787920.80129437,1300051.01434673,2458873.34914116,-0.334672278360317,879.806135614649,2591752.48512071,2384248.89851585,1730360.24197177,3285236.60691389,0.0362419329645811,"/Users/9oy/Documents/Projects/IM3/EvaluationP/Script/Revision/5_UrbanScaling/data/model_evaldfs/single_latent_conus_model/Evaldf_0.0002.csv",2.7393858557245,3.06913108089765
"single_latent_conus_model","2A","single-latent cGAN","MSASample","CONUS Model",2e-04,28,4,10,784,881.268654507322,1062016.68623557,2391949.00852252,1735911.53098998,3295916.84670069,-0.35262057677771,758.082984722014,1172112.03772333,1785696.62233466,1298444.44217099,2455794.27463673,-0.182838550931053,"/Users/9oy/Documents/Projects/IM3/EvaluationP/Script/Revision/5_UrbanScaling/data/model_evaldfs/single_latent_conus_model/Evaldf_0.0002.csv",2.7393858557245,3.06913108089765
"single_latent_conus_model","2A","single-latent cGAN","MSASample","CONUS Model",2e-04,29,4,11,184,1141.78856232597,1498835.23885737,3954608.52608585,2860449.46012669,5467297.64416052,-0.421349603193602,512.875978477372,356728.374502348,836299.123907189,611163.442319268,1144368.55384189,-0.370023986931484,"/Users/9oy/Documents/Projects/IM3/EvaluationP/Script/Revision/5_UrbanScaling/data/model_evaldfs/single_latent_conus_model/Evaldf_0.0002.csv",2.7393858557245,3.06913108089765
"single_latent_conus_model","2A","single-latent cGAN","MSASample","CONUS Model",2e-04,30,5,4,126,442.958069982113,532727.083601402,629214.631143916,460693.608779724,859380.387529698,-0.0722940360503328,640.13877311343,1627828.24099768,1285979.37177063,937115.550609631,1764716.14791128,0.102374576551417,"/Users/9oy/Documents/Projects/IM3/EvaluationP/Script/Revision/5_UrbanScaling/data/model_evaldfs/single_latent_conus_model/Evaldf_0.0002.csv",2.7393858557245,3.06913108089765
"single_latent_conus_model","2A","single-latent cGAN","MSASample","CONUS Model",2e-04,31,5,5,844,1061.34697258432,1331140.2756645,3431701.85473708,2484550.98604139,4739921.89573435,-0.411285725564733,1317.30296865282,3739732.93605641,5219847.22637173,3768693.62502469,7229774.4995077,-0.144817203106626,"/Users/9oy/Documents/Projects/IM3/EvaluationP/Script/Revision/5_UrbanScaling/data/model_evaldfs/single_latent_conus_model/Evaldf_0.0002.csv",2.7393858557245,3.06913108089765
"single_latent_conus_model","2A","single-latent cGAN","MSASample","CONUS Model",2e-04,32,5,6,829,969.431678619208,1135432.58794901,2878317.61839109,2086327.32497613,3970955.18673484,-0.403977361328509,2222.15039587044,14548170.1666346,14404620.708431,10330413.032276,20085653.6041179,0.00430654500264713,"/Users/9oy/Documents/Projects/IM3/EvaluationP/Script/Revision/5_UrbanScaling/data/model_evaldfs/single_latent_conus_model/Evaldf_0.0002.csv",2.7393858557245,3.06913108089765
"single_latent_conus_model","2A","single-latent cGAN","MSASample","CONUS Model",2e-04,33,5,7,705,891.421357783738,911202.640272589,2445734.40826813,1774684.1027395,3370524.80864236,-0.428794324076956,1887.66308965929,5185850.92273785,10494534.7539303,7542046.02670868,14602835.7970011,-0.30614316212242,"/Users/9oy/Documents/Projects/IM3/EvaluationP/Script/Revision/5_UrbanScaling/data/model_evaldfs/single_latent_conus_model/Evaldf_0.0002.csv",2.7393858557245,3.06913108089765
"single_latent_conus_model","2A","single-latent cGAN","MSASample","CONUS Model",2e-04,34,5,8,1213,760.630129844715,925905.334272316,1797362.62349955,1306870.89803702,2471944.55489486,-0.288069120074689,2444.8747159892,39575884.8140339,17339350.2093309,12419833.7359809,24207495.2107302,0.358397815043498,"/Users/9oy/Documents/Projects/IM3/EvaluationP/Script/Revision/5_UrbanScaling/data/model_evaldfs/single_latent_conus_model/Evaldf_0.0002.csv",2.7393858557245,3.06913108089765
"single_latent_conus_model","2A","single-latent cGAN","MSASample","CONUS Model",2e-04,35,5,9,967,995.532339683328,1407097.71057547,3030663.24265886,2196004.32870019,4182559.92047159,-0.333213425254091,1132.46179488706,1900084.45796615,3892139.16971136,2815560.73839382,5380366.01726563,-0.311415455181887,"/Users/9oy/Documents/Projects/IM3/EvaluationP/Script/Revision/5_UrbanScaling/data/model_evaldfs/single_latent_conus_model/Evaldf_0.0002.csv",2.7393858557245,3.06913108089765
"single_latent_conus_model","2A","single-latent cGAN","MSASample","CONUS Model",2e-04,36,5,10,1355,1056.20257924443,805302.424224138,3399484.8188673,2461379.48946505,4695130.14273996,-0.625454099615704,1023.95525762421,1215529.80873862,3200893.1335787,2318513.52767522,4419088.66620445,-0.420505561219109,"/Users/9oy/Documents/Projects/IM3/EvaluationP/Script/Revision/5_UrbanScaling/data/model_evaldfs/single_latent_conus_model/Evaldf_0.0002.csv",2.7393858557245,3.06913108089765
"single_latent_conus_model","2A","single-latent cGAN","MSASample","CONUS Model",2e-04,37,5,11,3149,740.482047165567,1203951.73067623,1706090.96275957,1240934.71863598,2345607.9755826,-0.151393107141194,527.458914235081,2451388.1358492,883078.62220764,645117.288597722,1208815.61660708,0.443412708500555,"/Users/9oy/Documents/Projects/IM3/EvaluationP/Script/Revision/5_UrbanScaling/data/model_evaldfs/single_latent_conus_model/Evaldf_0.0002.csv",2.7393858557245,3.06913108089765
"single_latent_conus_model","2A","single-latent cGAN","MSASample","CONUS Model",2e-04,38,5,12,2408,760.175742388832,854408.823301978,1795278.81598784,1305365.77205053,2469059.70429409,-0.322466181731728,629.473575385321,1272769.37688923,1244712.64764082,907239.557048012,1707718.27921415,0.00968061506597652,"/Users/9oy/Documents/Projects/IM3/EvaluationP/Script/Revision/5_UrbanScaling/data/model_evaldfs/single_latent_conus_model/Evaldf_0.0002.csv",2.7393858557245,3.06913108089765
"single_latent_conus_model","2A","single-latent cGAN","MSASample","CONUS Model",2e-04,39,5,13,627,767.036663743168,690938.769049272,1826867.541994,1328180.9519137,2512793.91650848,-0.42226749781138,529.765267232991,245348.627639153,890590.0150762,650568.138290938,1219166.03084353,-0.559894188602199,"/Users/9oy/Documents/Projects/IM3/EvaluationP/Script/Revision/5_UrbanScaling/data/model_evaldfs/single_latent_conus_model/Evaldf_0.0002.csv",2.7393858557245,3.06913108089765
"single_latent_conus_model","2A","single-latent cGAN","MSASample","CONUS Model",2e-04,40,5,14,372,299.005326820779,273189.754467935,293394.294426814,215902.489773905,398699.487404485,-0.0309872561465629,389.763262602793,376776.019954145,490836.908872074,359968.365309771,669283.454682939,-0.114853958230867,"/Users/9oy/Documents/Projects/IM3/EvaluationP/Script/Revision/5_UrbanScaling/data/model_evaldfs/single_latent_conus_model/Evaldf_0.0002.csv",2.7393858557245,3.06913108089765
"single_latent_conus_model","2A","single-latent cGAN","MSASample","CONUS Model",2e-04,41,5,15,221,603.054503875982,827688.123741264,1145302.99233292,835242.291868712,1570465.1895823,-0.141053671724488,464.215407895675,439048.294986287,689156.084555248,504277.351466182,941815.267924777,-0.195805299948753,"/Users/9oy/Documents/Projects/IM3/EvaluationP/Script/Revision/5_UrbanScaling/data/model_evaldfs/single_latent_conus_model/Evaldf_0.0002.csv",2.7393858557245,3.06913108089765
"single_latent_conus_model","2A","single-latent cGAN","MSASample","CONUS Model",2e-04,42,5,16,74,590.118676491656,534759.832870367,1098092.27188268,801035.733517906,1505309.42268072,-0.312480056206405,512.885626498752,173133.206799764,836329.664860772,611185.613808974,1144410.62178657,-0.683997128440116,"/Users/9oy/Documents/Projects/IM3/EvaluationP/Script/Revision/5_UrbanScaling/data/model_evaldfs/single_latent_conus_model/Evaldf_0.0002.csv",2.7393858557245,3.06913108089765
"single_latent_conus_model","2A","single-latent cGAN","MSASample","CONUS Model",2e-04,43,6,5,1020,890.148500014508,1922131.8781398,2438959.46947473,1769800.52918784,3361126.40698002,-0.103421401835447,1038.68675336805,18703882.5606851,3290896.38093141,2383268.5140759,4544179.10783618,0.754617558883984,"/Users/9oy/Documents/Projects/IM3/EvaluationP/Script/Revision/5_UrbanScaling/data/model_evaldfs/single_latent_conus_model/Evaldf_0.0002.csv",2.7393858557245,3.06913108089765
"single_latent_conus_model","2A","single-latent cGAN","MSASample","CONUS Model",2e-04,44,6,6,1894,976.130787020974,1275331.27831847,2917055.84268679,2114219.39804465,4024754.85620034,-0.359321731953509,1669.87340621542,9407703.01028866,8271931.05964477,5954109.68112573,11492036.1095161,0.0558766925558535,"/Users/9oy/Documents/Projects/IM3/EvaluationP/Script/Revision/5_UrbanScaling/data/model_evaldfs/single_latent_conus_model/Evaldf_0.0002.csv",2.7393858557245,3.06913108089765
"single_latent_conus_model","2A","single-latent cGAN","MSASample","CONUS Model",2e-04,45,6,7,794,1091.90688096472,1227284.24329915,3626120.55009685,2624352.89016534,5010282.83700302,-0.470497079596836,910.179821480569,2772965.39190108,2546634.8501144,1847405.62476457,3510517.11269078,0.0369777713802011,"/Users/9oy/Documents/Projects/IM3/EvaluationP/Script/Revision/5_UrbanScaling/data/model_evaldfs/single_latent_conus_model/Evaldf_0.0002.csv",2.7393858557245,3.06913108089765
"single_latent_conus_model","2A","single-latent cGAN","MSASample","CONUS Model",2e-04,46,6,8,842,913.579063783777,1003579.17088989,2565130.74923678,1860734.00052618,3536182.9035313,-0.40755786773734,1504.48706738476,6679005.85108356,6755785.34507676,4869312.30077867,9373117.35405745,-0.00496401813919723,"/Users/9oy/Documents/Projects/IM3/EvaluationP/Script/Revision/5_UrbanScaling/data/model_evaldfs/single_latent_conus_model/Evaldf_0.0002.csv",2.7393858557245,3.06913108089765
"single_latent_conus_model","2A","single-latent cGAN","MSASample","CONUS Model",2e-04,47,6,9,1391,778.427282384939,1089053.18607084,1879901.42027616,1366479.19642611,2586229.89592468,-0.237085986085533,727.689718266758,2253482.5107051,1649338.894412,1199924.37648653,2267075.19400974,0.13554429130599,"/Users/9oy/Documents/Projects/IM3/EvaluationP/Script/Revision/5_UrbanScaling/data/model_evaldfs/single_latent_conus_model/Evaldf_0.0002.csv",2.7393858557245,3.06913108089765
"single_latent_conus_model","2A","single-latent cGAN","MSASample","CONUS Model",2e-04,48,6,10,2337,720.927481895873,1221863.53329815,1619715.0599652,1178513.82668115,2226089.17781315,-0.122415916826159,432.907072112222,1157303.49963683,601794.369339094,440747.180968937,821687.531096796,0.283999146446125,"/Users/9oy/Documents/Projects/IM3/EvaluationP/Script/Revision/5_UrbanScaling/data/model_evaldfs/single_latent_conus_model/Evaldf_0.0002.csv",2.7393858557245,3.06913108089765
"single_latent_conus_model","2A","single-latent cGAN","MSASample","CONUS Model",2e-04,49,6,11,1784,934.499539462961,1223295.98132856,2680391.02660205,1943777.84300377,3696150.81340077,-0.340666606309803,790.747009849885,1867973.02927979,1938089.13062028,1408491.04585597,2666818.14504952,-0.0160031445265159,"/Users/9oy/Documents/Projects/IM3/EvaluationP/Script/Revision/5_UrbanScaling/data/model_evaldfs/single_latent_conus_model/Evaldf_0.0002.csv",2.7393858557245,3.06913108089765
"single_latent_conus_model","2A","single-latent cGAN","MSASample","CONUS Model",2e-04,50,6,12,1799,802.434651195917,755838.972993014,1994086.04185086,1448913.24172508,2744387.32961688,-0.421314612047782,697.966707392815,606519.087996735,1521073.15705145,1107201.68880575,2089649.58461906,-0.399305628977548,"/Users/9oy/Documents/Projects/IM3/EvaluationP/Script/Revision/5_UrbanScaling/data/model_evaldfs/single_latent_conus_model/Evaldf_0.0002.csv",2.7393858557245,3.06913108089765
"single_latent_conus_model","2A","single-latent cGAN","MSASample","CONUS Model",2e-04,51,6,13,2220,895.278385164191,1348789.14513201,2466319.53828275,1789521.91688269,3399082.18364336,-0.262105281283854,826.698205302608,3231376.39946596,2112803.12238609,1534586.32726044,2908886.22859913,0.184528518743143,"/Users/9oy/Documents/Projects/IM3/EvaluationP/Script/Revision/5_UrbanScaling/data/model_evaldfs/single_latent_conus_model/Evaldf_0.0002.csv",2.7393858557245,3.06913108089765
"single_latent_conus_model","2A","single-latent cGAN","MSASample","CONUS Model",2e-04,52,6,14,2343,856.650308648379,823243.409996444,2263939.36252842,1643609.06870681,3118394.47395984,-0.439336527603492,614.676786264456,1032449.41655927,1188541.08163993,866562.281267088,1630153.92347827,-0.0611454144209842,"/Users/9oy/Documents/Projects/IM3/EvaluationP/Script/Revision/5_UrbanScaling/data/model_evaldfs/single_latent_conus_model/Evaldf_0.0002.csv",2.7393858557245,3.06913108089765
"single_latent_conus_model","2A","single-latent cGAN","MSASample","CONUS Model",2e-04,53,6,15,2667,856.326637647935,1519308.42853262,2262279.09155155,1642411.69318402,3116092.45678813,-0.172900234544535,625.389577303888,895042.157953957,1229083.3305036,895922.653737882,1686134.20703145,-0.137737836794611,"/Users/9oy/Documents/Projects/IM3/EvaluationP/Script/Revision/5_UrbanScaling/data/model_evaldfs/single_latent_conus_model/Evaldf_0.0002.csv",2.7393858557245,3.06913108089765
"single_latent_conus_model","2A","single-latent cGAN","MSASample","CONUS Model",2e-04,54,6,16,2060,821.591395701024,1063146.40377451,2087539.92768563,1516357.68081873,2873875.34274157,-0.293041716372012,681.054275436625,803461.307266405,1450339.02710266,1056046.44676685,1991847.32828467,-0.256504566496438,"/Users/9oy/Documents/Projects/IM3/EvaluationP/Script/Revision/5_UrbanScaling/data/model_evaldfs/single_latent_conus_model/Evaldf_0.0002.csv",2.7393858557245,3.06913108089765
"single_latent_conus_model","2A","single-latent cGAN","MSASample","CONUS Model",2e-04,55,7,5,256,958.304741599322,830011.307483968,2814530.14472399,2040394.00654122,3882377.57519605,-0.530321895550073,832.259801957495,1396697.43707579,2140483.72060941,1554557.5948064,2947250.44186252,-0.185409592946458,"/Users/9oy/Documents/Projects/IM3/EvaluationP/Script/Revision/5_UrbanScaling/data/model_evaldfs/single_latent_conus_model/Evaldf_0.0002.csv",2.7393858557245,3.06913108089765
"single_latent_conus_model","2A","single-latent cGAN","MSASample","CONUS Model",2e-04,56,7,6,1440,960.261705906565,1022200.4284522,2825698.61180394,2048436.90556255,3897885.56487561,-0.441589779606492,1298.05081345611,6011821.84378054,5072770.40408238,3663197.92461287,7024736.33751409,0.0737608956917206,"/Users/9oy/Documents/Projects/IM3/EvaluationP/Script/Revision/5_UrbanScaling/data/model_evaldfs/single_latent_conus_model/Evaldf_0.0002.csv",2.7393858557245,3.06913108089765
"single_latent_conus_model","2A","single-latent cGAN","MSASample","CONUS Model",2e-04,57,7,7,1468,1063.82077236741,1233381.45403044,3447246.61583433,2495730.74716769,4761534.97081664,-0.446374940133176,1181.37426202109,6830594.79169797,4225111.45029169,3054772.02534888,5843829.46395065,0.208620353355097,"/Users/9oy/Documents/Projects/IM3/EvaluationP/Script/Revision/5_UrbanScaling/data/model_evaldfs/single_latent_conus_model/Evaldf_0.0002.csv",2.7393858557245,3.06913108089765
"single_latent_conus_model","2A","single-latent cGAN","MSASample","CONUS Model",2e-04,58,7,8,1181,1016.82591996279,1573512.9939724,3157770.53589452,2287483.69545212,4359163.20504865,-0.30251023452176,1050.11801577532,7428508.19374722,3361570.14880052,2434108.21426945,4642420.4967807,0.34435942824005,"/Users/9oy/Documents/Projects/IM3/EvaluationP/Script/Revision/5_UrbanScaling/data/model_evaldfs/single_latent_conus_model/Evaldf_0.0002.csv",2.7393858557245,3.06913108089765
"single_latent_conus_model","2A","single-latent cGAN","MSASample","CONUS Model",2e-04,59,7,9,1236,753.285555020116,1063544.05730245,1763824.28729767,1282644.87736832,2425516.34622696,-0.2196998331485,1201.43129069522,7251579.66513516,4365478.04666436,3155575.10387965,6039279.03743383,0.220400813890621,"/Users/9oy/Documents/Projects/IM3/EvaluationP/Script/Revision/5_UrbanScaling/data/model_evaldfs/single_latent_conus_model/Evaldf_0.0002.csv",2.7393858557245,3.06913108089765
"single_latent_conus_model","2A","single-latent cGAN","MSASample","CONUS Model",2e-04,60,7,10,1155,839.147953746049,1121052.25084302,2175008.83031399,1579464.71458245,2995105.47356195,-0.287835169496301,1109.84690137856,4906835.70819768,3742671.2992855,2708137.83234758,5172406.03014391,0.11761983027071,"/Users/9oy/Documents/Projects/IM3/EvaluationP/Script/Revision/5_UrbanScaling/data/model_evaldfs/single_latent_conus_model/Evaldf_0.0002.csv",2.7393858557245,3.06913108089765
"single_latent_conus_model","2A","single-latent cGAN","MSASample","CONUS Model",2e-04,61,7,11,1226,821.980740967705,829879.227813084,2089460.81490316,1517743.74715805,2876537.29767674,-0.401019336762295,655.994553274368,1453492.31057747,1348535.49462251,982392.460978863,1851142.03588733,0.0325503566144324,"/Users/9oy/Documents/Projects/IM3/EvaluationP/Script/Revision/5_UrbanScaling/data/model_evaldfs/single_latent_conus_model/Evaldf_0.0002.csv",2.7393858557245,3.06913108089765
"single_latent_conus_model","2A","single-latent cGAN","MSASample","CONUS Model",2e-04,62,7,12,2081,874.75354138154,1405375.86992751,2357739.81717835,1711247.97258046,3248469.61666558,-0.224703385358663,792.044902540006,2553495.8108499,1944269.31642137,1412952.67950271,2675378.46781116,0.118378727320311,"/Users/9oy/Documents/Projects/IM3/EvaluationP/Script/Revision/5_UrbanScaling/data/model_evaldfs/single_latent_conus_model/Evaldf_0.0002.csv",2.7393858557245,3.06913108089765
"single_latent_conus_model","2A","single-latent cGAN","MSASample","CONUS Model",2e-04,63,7,13,2157,626.809948254064,995587.167687427,1234508.1792884,899850.795032989,1693625.71344296,-0.0934146814463721,255.966596164736,439550.930781802,216981.561305101,159991.116490936,294272.575746833,0.30658637417387,"/Users/9oy/Documents/Projects/IM3/EvaluationP/Script/Revision/5_UrbanScaling/data/model_evaldfs/single_latent_conus_model/Evaldf_0.0002.csv",2.7393858557245,3.06913108089765
"single_latent_conus_model","2A","single-latent cGAN","MSASample","CONUS Model",2e-04,64,7,14,2805,941.415835534526,1087303.17166862,2719036.06775313,1971615.85614092,3749795.94260982,-0.398064313627639,724.231158505416,1545285.25060957,1634155.1981685,1188950.72005517,2246067.19745057,-0.0242846403733731,"/Users/9oy/Documents/Projects/IM3/EvaluationP/Script/Revision/5_UrbanScaling/data/model_evaldfs/single_latent_conus_model/Evaldf_0.0002.csv",2.7393858557245,3.06913108089765
"single_latent_conus_model","2A","single-latent cGAN","MSASample","CONUS Model",2e-04,65,7,15,3917,1121.36541384644,1937516.59054911,3818445.60698825,2762600.48181419,5277826.79743577,-0.294641178575587,1155.25252711303,4779601.99271333,4045638.63135385,2925852.75204905,5593990.30728401,0.0724046458491493,"/Users/9oy/Documents/Projects/IM3/EvaluationP/Script/Revision/5_UrbanScaling/data/model_evaldfs/single_latent_conus_model/Evaldf_0.0002.csv",2.7393858557245,3.06913108089765
"single_latent_conus_model","2A","single-latent cGAN","MSASample","CONUS Model",2e-04,66,7,16,3141,1047.50560682656,1959873.12922093,3345354.75028199,2422444.17749955,4619878.76095708,-0.232214219714046,1229.96104597647,7213943.35294946,4568969.7683616,3301673.04796849,6322698.95925853,0.198354443268808,"/Users/9oy/Documents/Projects/IM3/EvaluationP/Script/Revision/5_UrbanScaling/data/model_evaldfs/single_latent_conus_model/Evaldf_0.0002.csv",2.7393858557245,3.06913108089765
"single_latent_conus_model","2A","single-latent cGAN","MSASample","CONUS Model",2e-04,67,8,5,180,579.3801089645,931167.177884319,1059633.07970867,773162.924094586,1452245.3529801,-0.05612784826859,1244.22591636228,1770535.18860355,4672400.49397937,3375915.04981642,6466787.83499777,-0.421435498583696,"/Users/9oy/Documents/Projects/IM3/EvaluationP/Script/Revision/5_UrbanScaling/data/model_evaldfs/single_latent_conus_model/Evaldf_0.0002.csv",2.7393858557245,3.06913108089765
"single_latent_conus_model","2A","single-latent cGAN","MSASample","CONUS Model",2e-04,68,8,6,1595,937.388138509374,1306163.73160697,2696498.55289212,1955381.24425265,3718509.86457032,-0.314802571065798,1195.48231173973,5477007.77771436,4323612.85040426,3125512.24516207,5980980.59257855,0.102696558697917,"/Users/9oy/Documents/Projects/IM3/EvaluationP/Script/Revision/5_UrbanScaling/data/model_evaldfs/single_latent_conus_model/Evaldf_0.0002.csv",2.7393858557245,3.06913108089765
"single_latent_conus_model","2A","single-latent cGAN","MSASample","CONUS Model",2e-04,69,8,7,2014,881.249761673958,1089351.21309633,2391849.46167448,1735839.76480642,3295778.77134904,-0.341565921160657,928.312433080921,7649795.89366982,2646047.70595034,1919036.35277941,3648481.41205059,0.461052177900682,"/Users/9oy/Documents/Projects/IM3/EvaluationP/Script/Revision/5_UrbanScaling/data/model_evaldfs/single_latent_conus_model/Evaldf_0.0002.csv",2.7393858557245,3.06913108089765
"single_latent_conus_model","2A","single-latent cGAN","MSASample","CONUS Model",2e-04,70,8,8,1604,988.28450140385,1254741.46253342,2987976.68427833,2165277.0858102,4123261.97155051,-0.376822954925003,946.876299027523,10406212.2773141,2749736.04161591,1993728.76030616,3792415.72329049,0.57800167473335,"/Users/9oy/Documents/Projects/IM3/EvaluationP/Script/Revision/5_UrbanScaling/data/model_evaldfs/single_latent_conus_model/Evaldf_0.0002.csv",2.7393858557245,3.06913108089765
"single_latent_conus_model","2A","single-latent cGAN","MSASample","CONUS Model",2e-04,71,8,9,1141,1073.91542634454,1234712.18695903,3511032.0347766,2541601.61644585,4850227.4587258,-0.453869057225481,844.450768536356,3342836.78021573,2201770.28594474,1598769.17359882,3032202.81709387,0.181343165538517,"/Users/9oy/Documents/Projects/IM3/EvaluationP/Script/Revision/5_UrbanScaling/data/model_evaldfs/single_latent_conus_model/Evaldf_0.0002.csv",2.7393858557245,3.06913108089765
"single_latent_conus_model","2A","single-latent cGAN","MSASample","CONUS Model",2e-04,72,8,10,1749,1186.7969100347,1615264.84518814,4262841.76328676,3081869.87677517,5896361.82752677,-0.421455470792461,1909.30696942455,8171242.01270831,10729390.8508537,7709699.48477834,14931817.8040103,-0.118286992626641,"/Users/9oy/Documents/Projects/IM3/EvaluationP/Script/Revision/5_UrbanScaling/data/model_evaldfs/single_latent_conus_model/Evaldf_0.0002.csv",2.7393858557245,3.06913108089765
"single_latent_conus_model","2A","single-latent cGAN","MSASample","CONUS Model",2e-04,73,8,11,1656,1027.0176243345,1492373.7887384,3219503.26470685,2331904.00818933,4444951.95130542,-0.333911257102713,978.77751534797,1770610.36496054,2932429.99363894,2125288.32441319,4046107.80044048,-0.21910465072734,"/Users/9oy/Documents/Projects/IM3/EvaluationP/Script/Revision/5_UrbanScaling/data/model_evaldfs/single_latent_conus_model/Evaldf_0.0002.csv",2.7393858557245,3.06913108089765
"single_latent_conus_model","2A","single-latent cGAN","MSASample","CONUS Model",2e-04,74,8,12,1418,905.304235140256,1513487.38555905,2520219.21088142,1828369.07351327,3473863.65417523,-0.22145951214027,936.440919742935,1880688.50229895,2691211.47580185,1951572.63583312,3711170.71150967,-0.155630956548689,"/Users/9oy/Documents/Projects/IM3/EvaluationP/Script/Revision/5_UrbanScaling/data/model_evaldfs/single_latent_conus_model/Evaldf_0.0002.csv",2.7393858557245,3.06913108089765
"single_latent_conus_model","2A","single-latent cGAN","MSASample","CONUS Model",2e-04,75,8,13,180,205.021132666474,258497.928361898,141030.129175681,104285.30259622,190721.960239393,0.263145163250484,592.693337638552,538871.484006976,1107411.96381441,807789.080407869,1518170.13542704,-0.312824008842993,"/Users/9oy/Documents/Projects/IM3/EvaluationP/Script/Revision/5_UrbanScaling/data/model_evaldfs/single_latent_conus_model/Evaldf_0.0002.csv",2.7393858557245,3.06913108089765
"single_latent_conus_model","2A","single-latent cGAN","MSASample","CONUS Model",2e-04,76,8,14,4417,742.245689891181,838731.710890622,1713988.21482836,1246640.7311464,2356537.47480958,-0.310384768245272,1216.17159755223,4068648.38380041,4470053.69319648,3230661.23518302,6184919.60792899,-0.0408625804419245,"/Users/9oy/Documents/Projects/IM3/EvaluationP/Script/Revision/5_UrbanScaling/data/model_evaldfs/single_latent_conus_model/Evaldf_0.0002.csv",2.7393858557245,3.06913108089765
"single_latent_conus_model","2A","single-latent cGAN","MSASample","CONUS Model",2e-04,77,8,15,2931,240.650657242127,299722.388655759,192487.911445874,142043.290876076,260847.209496998,0.19231572477546,788.600225938371,809308.014211478,1927887.71544455,1401126.17812614,2652688.31700281,-0.376967894971413,"/Users/9oy/Documents/Projects/IM3/EvaluationP/Script/Revision/5_UrbanScaling/data/model_evaldfs/single_latent_conus_model/Evaldf_0.0002.csv",2.7393858557245,3.06913108089765
"single_latent_conus_model","2A","single-latent cGAN","MSASample","CONUS Model",2e-04,78,8,16,35,323.551344442063,2121563.98518099,341954.793169454,251382.199251543,465160.544062854,0.792687438774729,305.374695354039,236294.989904333,305648.663041884,224859.319892721,415464.679266407,-0.111767986946383,"/Users/9oy/Documents/Projects/IM3/EvaluationP/Script/Revision/5_UrbanScaling/data/model_evaldfs/single_latent_conus_model/Evaldf_0.0002.csv",2.7393858557245,3.06913108089765
"single_latent_conus_model","2A","single-latent cGAN","MSASample","CONUS Model",2e-04,79,9,5,861,618.645113803201,782963.684652187,1203482.21459896,877383.289657587,1650783.02485255,-0.186698057412258,522.963589678479,1610113.25376242,868526.80653533,634556.48632796,1188765.42896229,0.26807319773064,"/Users/9oy/Documents/Projects/IM3/EvaluationP/Script/Revision/5_UrbanScaling/data/model_evaldfs/single_latent_conus_model/Evaldf_0.0002.csv",2.7393858557245,3.06913108089765
"single_latent_conus_model","2A","single-latent cGAN","MSASample","CONUS Model",2e-04,80,9,6,1697,632.671084761028,840505.020311925,1257016.22966773,916147.694201208,1724710.77714796,-0.174800573201151,787.79014517315,3831196.41517572,1924045.0343419,1398351.90426909,2647366.0048475,0.299119184718498,"/Users/9oy/Documents/Projects/IM3/EvaluationP/Script/Revision/5_UrbanScaling/data/model_evaldfs/single_latent_conus_model/Evaldf_0.0002.csv",2.7393858557245,3.06913108089765
"single_latent_conus_model","2A","single-latent cGAN","MSASample","CONUS Model",2e-04,81,9,7,2248,730.551194890742,1119207.104204,1661952.75484839,1209040.23641148,2284528.5675076,-0.171708215528821,597.335393158405,4586798.08781329,1124311.64063128,820034.169707593,1541492.67427448,0.610622915600731,"/Users/9oy/Documents/Projects/IM3/EvaluationP/Script/Revision/5_UrbanScaling/data/model_evaldfs/single_latent_conus_model/Evaldf_0.0002.csv",2.7393858557245,3.06913108089765
"single_latent_conus_model","2A","single-latent cGAN","MSASample","CONUS Model",2e-04,82,9,8,1464,896.867915023823,1182699.6053203,2474827.27184232,1795654.07317184,3410885.26847253,-0.32067044128494,1163.00822556604,7105420.11457003,4098530.89560854,2963850.28846924,5667612.6886738,0.238961547847324,"/Users/9oy/Documents/Projects/IM3/EvaluationP/Script/Revision/5_UrbanScaling/data/model_evaldfs/single_latent_conus_model/Evaldf_0.0002.csv",2.7393858557245,3.06913108089765
"single_latent_conus_model","2A","single-latent cGAN","MSASample","CONUS Model",2e-04,83,9,9,1423,879.70983154432,1381234.70190461,2383742.28347362,1729995.00062917,3284533.92752783,-0.23699181922603,767.090833342516,1898132.83409414,1827118.00996751,1328361.84368034,2513140.70652499,0.0165600032268059,"/Users/9oy/Documents/Projects/IM3/EvaluationP/Script/Revision/5_UrbanScaling/data/model_evaldfs/single_latent_conus_model/Evaldf_0.0002.csv",2.7393858557245,3.06913108089765
"single_latent_conus_model","2A","single-latent cGAN","MSASample","CONUS Model",2e-04,84,9,10,1692,1175.48510540209,1343872.20175894,4184319.47389575,3025473.49011663,5787037.80311366,-0.493266865052782,957.598877366374,2446849.68883005,2810507.01471514,2037496.72390109,3876791.35239997,-0.0601773823320428,"/Users/9oy/Documents/Projects/IM3/EvaluationP/Script/Revision/5_UrbanScaling/data/model_evaldfs/single_latent_conus_model/Evaldf_0.0002.csv",2.7393858557245,3.06913108089765
"single_latent_conus_model","2A","single-latent cGAN","MSASample","CONUS Model",2e-04,85,9,11,1663,1249.6016385794,1769494.2423159,4711669.59758608,3404099.33345966,6521498.99934175,-0.42532567441819,1255.1810252176,7194605.82769646,4752594.95675978,3433470.69359092,6578520.9307832,0.180076202326128,"/Users/9oy/Documents/Projects/IM3/EvaluationP/Script/Revision/5_UrbanScaling/data/model_evaldfs/single_latent_conus_model/Evaldf_0.0002.csv",2.7393858557245,3.06913108089765
"single_latent_conus_model","2A","single-latent cGAN","MSASample","CONUS Model",2e-04,86,9,12,2144,1020.21162610114,1571699.14004915,3178213.99753391,2302194.59397046,4387571.85885831,-0.305813720504555,803.426761161533,1377410.66346724,1998874.96506018,1452369.84486769,2751021.81449406,-0.161722187864502,"/Users/9oy/Documents/Projects/IM3/EvaluationP/Script/Revision/5_UrbanScaling/data/model_evaldfs/single_latent_conus_model/Evaldf_0.0002.csv",2.7393858557245,3.06913108089765
"single_latent_conus_model","2A","single-latent cGAN","MSASample","CONUS Model",2e-04,87,9,13,1169,728.274618565926,956177.227793971,1651913.44227743,1201785.00345625,2270637.43758574,-0.237448890842049,678.42266324901,581185.791516377,1439479.51476671,1048191.35609349,1976834.9179634,-0.393890500429934,"/Users/9oy/Documents/Projects/IM3/EvaluationP/Script/Revision/5_UrbanScaling/data/model_evaldfs/single_latent_conus_model/Evaldf_0.0002.csv",2.7393858557245,3.06913108089765
"single_latent_conus_model","2A","single-latent cGAN","MSASample","CONUS Model",2e-04,88,9,14,89,116.246365118557,73615.8297763909,46874.841726413,34915.3605764237,62930.7774744834,0.196031397355973,483.14763940328,389491.767438766,744764.648601189,544688.129624864,1018333.88986844,-0.281520771443482,"/Users/9oy/Documents/Projects/IM3/EvaluationP/Script/Revision/5_UrbanScaling/data/model_evaldfs/single_latent_conus_model/Evaldf_0.0002.csv",2.7393858557245,3.06913108089765
"single_latent_conus_model","2A","single-latent cGAN","MSASample","CONUS Model",2e-04,89,10,5,11,7.85973403125358,617.614563283732,251.004581048161,193.547641413146,325.518302610964,0.39103588026582,0,0,0,0,0,NA,"/Users/9oy/Documents/Projects/IM3/EvaluationP/Script/Revision/5_UrbanScaling/data/model_evaldfs/single_latent_conus_model/Evaldf_0.0002.csv",2.7393858557245,3.06913108089765
"single_latent_conus_model","2A","single-latent cGAN","MSASample","CONUS Model",2e-04,90,10,6,540,263.374985172761,459431.262050071,229338.963982135,169040.865283209,311145.830401897,0.301742697188975,392.633466133176,678205.569726434,497878.042451059,365097.756239843,678948.421123842,0.134238378748734,"/Users/9oy/Documents/Projects/IM3/EvaluationP/Script/Revision/5_UrbanScaling/data/model_evaldfs/single_latent_conus_model/Evaldf_0.0002.csv",2.7393858557245,3.06913108089765
"single_latent_conus_model","2A","single-latent cGAN","MSASample","CONUS Model",2e-04,91,10,7,2166,189.211991984877,168120.982732035,120686.274517453,89333.9974220492,163041.812492622,0.14396403876277,65.9979350819489,244861.16653676,15619.7714371839,11719.5134518941,20818.0365807281,1.19524523958022,"/Users/9oy/Documents/Projects/IM3/EvaluationP/Script/Revision/5_UrbanScaling/data/model_evaldfs/single_latent_conus_model/Evaldf_0.0002.csv",2.7393858557245,3.06913108089765
"single_latent_conus_model","2A","single-latent cGAN","MSASample","CONUS Model",2e-04,92,10,8,310,368.459292160145,549467.916997606,440096.12203777,322989.389216855,599662.413376197,0.0963947976448459,422.343926117569,857660.806415707,573615.783010418,420242.85052389,782964.103038202,0.174694471624493,"/Users/9oy/Documents/Projects/IM3/EvaluationP/Script/Revision/5_UrbanScaling/data/model_evaldfs/single_latent_conus_model/Evaldf_0.0002.csv",2.7393858557245,3.06913108089765
"single_latent_conus_model","2A","single-latent cGAN","MSASample","CONUS Model",2e-04,93,10,9,1581,627.191428883143,1088352.19453718,1235967.14863737,900907.217456544,1695640.53091237,-0.055237470281138,557.114142758181,1693581.74777007,982009.888885921,716885.845389827,1345184.07368659,0.236690303341977,"/Users/9oy/Documents/Projects/IM3/EvaluationP/Script/Revision/5_UrbanScaling/data/model_evaldfs/single_latent_conus_model/Evaldf_0.0002.csv",2.7393858557245,3.06913108089765
"single_latent_conus_model","2A","single-latent cGAN","MSASample","CONUS Model",2e-04,94,10,10,1043,1008.65902073064,1009949.99972678,3108720.72826593,2252185.39532983,4291007.56376006,-0.488281835571513,989.426300230363,1500713.71006978,2994681.88988178,2170103.91310894,4132576.12569253,-0.3000528460982,"/Users/9oy/Documents/Projects/IM3/EvaluationP/Script/Revision/5_UrbanScaling/data/model_evaldfs/single_latent_conus_model/Evaldf_0.0002.csv",2.7393858557245,3.06913108089765
"single_latent_conus_model","2A","single-latent cGAN","MSASample","CONUS Model",2e-04,95,10,11,2489,1056.11454785412,1225050.39587425,3398934.799966,2460983.88614711,4694365.4688072,-0.443188878827066,1029.82299084122,5302846.27341038,3236597.50207388,2344203.31175646,4468709.40668613,0.214420342728336,"/Users/9oy/Documents/Projects/IM3/EvaluationP/Script/Revision/5_UrbanScaling/data/model_evaldfs/single_latent_conus_model/Evaldf_0.0002.csv",2.7393858557245,3.06913108089765
"single_latent_conus_model","2A","single-latent cGAN","MSASample","CONUS Model",2e-04,96,10,12,1490,1039.39442274743,1564405.65762236,3295250.40135751,2386400.81830379,4550231.09460924,-0.323539043704652,550.153533001823,879606.67503288,958331.713744386,699713.330180622,1312537.05475524,-0.0372273439322629,"/Users/9oy/Documents/Projects/IM3/EvaluationP/Script/Revision/5_UrbanScaling/data/model_evaldfs/single_latent_conus_model/Evaldf_0.0002.csv",2.7393858557245,3.06913108089765
"single_latent_conus_model","2A","single-latent cGAN","MSASample","CONUS Model",2e-04,97,10,13,323,198.47272606255,294154.041795983,132417.062098702,97957.1747947151,178999.428797302,0.34663087206822,288.264149193542,303228.778749071,273279.985250615,201195.338396449,371191.255889926,0.0451625912416359,"/Users/9oy/Documents/Projects/IM3/EvaluationP/Script/Revision/5_UrbanScaling/data/model_evaldfs/single_latent_conus_model/Evaldf_0.0002.csv",2.7393858557245,3.06913108089765
"single_latent_conus_model","2A","single-latent cGAN","MSASample","CONUS Model",2e-04,98,11,9,1483,431.410283287164,604637.276921442,597761.651478582,437813.144416372,816144.961693024,0.00496686859235226,723.861362016473,1292791.54934371,1632535.75502897,1187780.26621617,2243826.62959899,-0.101334197199452,"/Users/9oy/Documents/Projects/IM3/EvaluationP/Script/Revision/5_UrbanScaling/data/model_evaldfs/single_latent_conus_model/Evaldf_0.0002.csv",2.7393858557245,3.06913108089765
"single_latent_conus_model","2A","single-latent cGAN","MSASample","CONUS Model",2e-04,99,11,10,1600,1101.89003550438,1326416.20162759,3690757.38618029,2670820.59584341,5100189.0972549,-0.44443567959779,848.991217894146,1925273.24509007,2224810.43194923,1615388.00988572,3064143.98758619,-0.0628006366135237,"/Users/9oy/Documents/Projects/IM3/EvaluationP/Script/Revision/5_UrbanScaling/data/model_evaldfs/single_latent_conus_model/Evaldf_0.0002.csv",2.7393858557245,3.06913108089765
"single_latent_conus_model","2A","single-latent cGAN","MSASample","CONUS Model",2e-04,100,11,11,2218,914.907716058287,1124574.38418491,2572377.82941995,1865956.163302,3546239.63168654,-0.359346571042388,934.015168190648,5985965.28678542,2677694.63671249,1941835.3958356,3692408.00886394,0.349373145273413,"/Users/9oy/Documents/Projects/IM3/EvaluationP/Script/Revision/5_UrbanScaling/data/model_evaldfs/single_latent_conus_model/Evaldf_0.0002.csv",2.7393858557245,3.06913108089765
"single_latent_conus_model","2A","single-latent cGAN","MSASample","CONUS Model",2e-04,101,11,12,4341,772.178391972245,917250.348761142,1850715.9333203,1345403.88871229,2545815.04824094,-0.304851878382406,956.38611475605,1304734.19120053,2803601.29250715,2032523.46016503,3867202.69723703,-0.332194208094181,"/Users/9oy/Documents/Projects/IM3/EvaluationP/Script/Revision/5_UrbanScaling/data/model_evaldfs/single_latent_conus_model/Evaldf_0.0002.csv",2.7393858557245,3.06913108089765
"single_latent_conus_model","2A","single-latent cGAN","MSASample","CONUS Model",2e-04,102,11,13,855,494.468890029746,965748.543921243,779016.651252165,569569.044230506,1065484.42032699,0.0933173213339154,1039.40080721279,1207289.01423203,3295289.69524865,2386429.08640227,4550285.71244187,-0.436082351498042,"/Users/9oy/Documents/Projects/IM3/EvaluationP/Script/Revision/5_UrbanScaling/data/model_evaldfs/single_latent_conus_model/Evaldf_0.0002.csv",2.7393858557245,3.06913108089765
"single_latent_conus_model","2A","single-latent cGAN","MSASample","CONUS Model",2e-04,103,12,9,156,665.617331893951,794006.340883141,1387202.543536,1010371.92957065,1904576.76076816,-0.242315905754636,2165.45513946649,14098777.8418376,13699737.5852217,9828161.73001036,19096430.7527466,0.0124692188547669,"/Users/9oy/Documents/Projects/IM3/EvaluationP/Script/Revision/5_UrbanScaling/data/model_evaldfs/single_latent_conus_model/Evaldf_0.0002.csv",2.7393858557245,3.06913108089765
"single_latent_conus_model","2A","single-latent cGAN","MSASample","CONUS Model",2e-04,104,12,10,1485,693.31849299405,1066572.23995043,1501469.85598323,1093026.10174557,2062541.53018487,-0.148526341620346,994.441513579448,2088964.40383936,3024219.99222827,2191366.44145338,4173608.93567729,-0.160682340439566,"/Users/9oy/Documents/Projects/IM3/EvaluationP/Script/Revision/5_UrbanScaling/data/model_evaldfs/single_latent_conus_model/Evaldf_0.0002.csv",2.7393858557245,3.06913108089765
"single_latent_conus_model","2A","single-latent cGAN","MSASample","CONUS Model",2e-04,105,12,11,2575,814.810307773839,936217.804517282,2054221.92936639,1492314.85937948,2827706.03573861,-0.341270465054418,1067.68940591525,3583007.32768692,3471624.46064977,2513262.57324267,4795430.65817906,0.0137149566589502,"/Users/9oy/Documents/Projects/IM3/EvaluationP/Script/Revision/5_UrbanScaling/data/model_evaldfs/single_latent_conus_model/Evaldf_0.0002.csv",2.7393858557245,3.06913108089765
"single_latent_conus_model","2A","single-latent cGAN","MSASample","CONUS Model",2e-04,106,12,12,5417,771.699576476622,886029.52803807,1848488.75618795,1343795.51853833,2542731.11839957,-0.319368617698889,982.226450640545,2295147.61792145,2952522.75017013,2139753.92633128,4074015.4664507,-0.109382629219541,"/Users/9oy/Documents/Projects/IM3/EvaluationP/Script/Revision/5_UrbanScaling/data/model_evaldfs/single_latent_conus_model/Evaldf_0.0002.csv",2.7393858557245,3.06913108089765
"single_latent_conus_model","2A","single-latent cGAN","MSASample","CONUS Model",2e-04,107,12,13,1890,423.759626862448,882888.505126367,577354.323350213,422963.600130188,788100.94908541,0.184463440255992,1137.45602827051,1321323.88637679,3925529.84829224,2839554.92875699,5426830.95641995,-0.472888997857899,"/Users/9oy/Documents/Projects/IM3/EvaluationP/Script/Revision/5_UrbanScaling/data/model_evaldfs/single_latent_conus_model/Evaldf_0.0002.csv",2.7393858557245,3.06913108089765
"single_latent_conus_model","2A","single-latent cGAN","MSASample","CONUS Model",5e-04,1,1,4,376,593.590295194046,877211.209638692,1110667.71701114,810148.214516924,1522663.08251547,-0.102479975952457,673.284322352117,776669.807421671,1418389.92386548,1032935.34472159,1947682.38535336,-0.261559214866573,"/Users/9oy/Documents/Projects/IM3/EvaluationP/Script/Revision/5_UrbanScaling/data/model_evaldfs/single_latent_conus_model/Evaldf_0.0005.csv",2.74205352943211,3.06913108089765
"single_latent_conus_model","2A","single-latent cGAN","MSASample","CONUS Model",5e-04,2,1,5,2873,769.662971862709,1126437.13365201,1839030.15998466,1336964.78989023,2529634.25432535,-0.212881892897062,919.540035845735,1253510.86855836,2597722.15738253,1884218.23128624,3581411.2690915,-0.31646459485402,"/Users/9oy/Documents/Projects/IM3/EvaluationP/Script/Revision/5_UrbanScaling/data/model_evaldfs/single_latent_conus_model/Evaldf_0.0005.csv",2.74205352943211,3.06913108089765
"single_latent_conus_model","2A","single-latent cGAN","MSASample","CONUS Model",5e-04,3,1,6,1631,525.703513961524,901861.878306317,877382.264165791,640983.364630275,1200966.63962054,0.011951178573242,382.277176224914,608163.144087705,472701.090539566,346754.354811977,644393.698006926,0.109433493246531,"/Users/9oy/Documents/Projects/IM3/EvaluationP/Script/Revision/5_UrbanScaling/data/model_evaldfs/single_latent_conus_model/Evaldf_0.0005.csv",2.74205352943211,3.06913108089765
"single_latent_conus_model","2A","single-latent cGAN","MSASample","CONUS Model",5e-04,4,1,7,540,706.159400718023,1317046.38169669,1555924.97031565,1132400.8421013,2137849.44627866,-0.0723875811057004,820.132858823158,1685056.64388418,2080351.65564922,1511170.72044647,2863914.01885011,-0.0915222484036353,"/Users/9oy/Documents/Projects/IM3/EvaluationP/Script/Revision/5_UrbanScaling/data/model_evaldfs/single_latent_conus_model/Evaldf_0.0005.csv",2.74205352943211,3.06913108089765
"single_latent_conus_model","2A","single-latent cGAN","MSASample","CONUS Model",5e-04,5,2,3,348,329.995457414381,508410.452117581,355300.153286231,261126.650097024,483436.672887713,0.155619075527879,583.114429750892,488822.873437225,1072931.80534022,782801.751128536,1470592.85093704,-0.341420599838488,"/Users/9oy/Documents/Projects/IM3/EvaluationP/Script/Revision/5_UrbanScaling/data/model_evaldfs/single_latent_conus_model/Evaldf_0.0005.csv",2.74205352943211,3.06913108089765
"single_latent_conus_model","2A","single-latent cGAN","MSASample","CONUS Model",5e-04,6,2,4,1396,856.229846792775,1064320.43488611,2261782.71739943,1642053.71057605,3115404.22081086,-0.327378480582531,1088.67011100457,3302729.19463101,3605282.68065437,2609371.29047683,4981300.76576843,-0.0380663568426028,"/Users/9oy/Documents/Projects/IM3/EvaluationP/Script/Revision/5_UrbanScaling/data/model_evaldfs/single_latent_conus_model/Evaldf_0.0005.csv",2.74205352943211,3.06913108089765
"single_latent_conus_model","2A","single-latent cGAN","MSASample","CONUS Model",5e-04,7,2,5,1481,1140.81932518526,1411386.00426303,3948094.25964073,2855768.71197793,5458232.04016129,-0.44674170625802,1117.40056776099,2449083.63757663,3792279.82981508,2743794.69148165,5241422.16335305,-0.189896759372848,"/Users/9oy/Documents/Projects/IM3/EvaluationP/Script/Revision/5_UrbanScaling/data/model_evaldfs/single_latent_conus_model/Evaldf_0.0005.csv",2.74205352943211,3.06913108089765
"single_latent_conus_model","2A","single-latent cGAN","MSASample","CONUS Model",5e-04,8,2,6,1384,840.037893106066,1093902.60608567,2179488.9624122,1582696.58078444,3001315.72592534,-0.299376016975336,816.481194901174,1445455.32557506,2062407.48376139,1498221.92901256,2839048.43915773,-0.154369802362713,"/Users/9oy/Documents/Projects/IM3/EvaluationP/Script/Revision/5_UrbanScaling/data/model_evaldfs/single_latent_conus_model/Evaldf_0.0005.csv",2.74205352943211,3.06913108089765
"single_latent_conus_model","2A","single-latent cGAN","MSASample","CONUS Model",5e-04,9,2,7,2309,654.594748557663,1208527.04690544,1342954.84944888,978353.87241298,1843430.86741214,-0.0458050374132451,391.641129620083,866225.085654845,495438.159967142,363320.382495047,675599.229159609,0.242641302575761,"/Users/9oy/Documents/Projects/IM3/EvaluationP/Script/Revision/5_UrbanScaling/data/model_evaldfs/single_latent_conus_model/Evaldf_0.0005.csv",2.74205352943211,3.06913108089765
"single_latent_conus_model","2A","single-latent cGAN","MSASample","CONUS Model",5e-04,10,2,8,427,569.849679193003,838183.185913058,1026057.83361278,748824.225999407,1405930.31230134,-0.0878328958467951,714.296708224943,1037885.38753054,1590919.99554161,1157699.78488831,2186254.55861023,-0.185498942791545,"/Users/9oy/Documents/Projects/IM3/EvaluationP/Script/Revision/5_UrbanScaling/data/model_evaldfs/single_latent_conus_model/Evaldf_0.0005.csv",2.74205352943211,3.06913108089765
"single_latent_conus_model","2A","single-latent cGAN","MSASample","CONUS Model",5e-04,11,3,3,527,390.093005524718,434737.692154182,491643.355974804,360555.878007459,670390.372804204,-0.0534228789695745,748.711936674946,967507.682325204,1743094.06972155,1267669.12896712,2396821.74667618,-0.255666403209717,"/Users/9oy/Documents/Projects/IM3/EvaluationP/Script/Revision/5_UrbanScaling/data/model_evaldfs/single_latent_conus_model/Evaldf_0.0005.csv",2.74205352943211,3.06913108089765
"single_latent_conus_model","2A","single-latent cGAN","MSASample","CONUS Model",5e-04,12,3,4,702,708.789763954932,1076060.63209862,1567195.73755992,1140549.22142208,2153438.39064097,-0.163286498866803,1298.66393956768,7280178.78945513,5077422.95427707,3666535.42661807,7031221.80941227,0.156498702951587,"/Users/9oy/Documents/Projects/IM3/EvaluationP/Script/Revision/5_UrbanScaling/data/model_evaldfs/single_latent_conus_model/Evaldf_0.0005.csv",2.74205352943211,3.06913108089765
"single_latent_conus_model","2A","single-latent cGAN","MSASample","CONUS Model",5e-04,13,3,5,1135,877.925381837452,1122754.67439297,2374364.49256282,1723234.0407132,3271527.03019368,-0.325262517142316,896.596957145314,1312205.57855719,2473376.0037758,1794608.04622819,3408871.85305538,-0.275288263296267,"/Users/9oy/Documents/Projects/IM3/EvaluationP/Script/Revision/5_UrbanScaling/data/model_evaldfs/single_latent_conus_model/Evaldf_0.0005.csv",2.74205352943211,3.06913108089765
"single_latent_conus_model","2A","single-latent cGAN","MSASample","CONUS Model",5e-04,14,3,6,1243,931.202401733825,1091771.85720468,2662062.5849573,1930573.99644758,3670709.96463717,-0.387086366271148,1255.7773463723,2394884.38474863,4756979.18300034,3436617.07075511,6584629.73371849,-0.298046698619346,"/Users/9oy/Documents/Projects/IM3/EvaluationP/Script/Revision/5_UrbanScaling/data/model_evaldfs/single_latent_conus_model/Evaldf_0.0005.csv",2.74205352943211,3.06913108089765
"single_latent_conus_model","2A","single-latent cGAN","MSASample","CONUS Model",5e-04,15,3,7,1433,939.913761053474,1608381.78839878,2710620.37478117,1965553.82342366,3738113.26284658,-0.226679551471955,872.297067332883,2967360.04739782,2344903.53803191,1701992.88215146,3230667.21390981,0.102245263132542,"/Users/9oy/Documents/Projects/IM3/EvaluationP/Script/Revision/5_UrbanScaling/data/model_evaldfs/single_latent_conus_model/Evaldf_0.0005.csv",2.74205352943211,3.06913108089765
"single_latent_conus_model","2A","single-latent cGAN","MSASample","CONUS Model",5e-04,16,3,8,487,893.658396984614,1599712.6659011,2457663.39831984,1783282.64939621,3387073.48579101,-0.18648041823971,774.987524175917,1375231.96846462,1863808.60891756,1354858.58947204,2563944.7228429,-0.132025354055256,"/Users/9oy/Documents/Projects/IM3/EvaluationP/Script/Revision/5_UrbanScaling/data/model_evaldfs/single_latent_conus_model/Evaldf_0.0005.csv",2.74205352943211,3.06913108089765
"single_latent_conus_model","2A","single-latent cGAN","MSASample","CONUS Model",5e-04,17,3,9,431,628.19282104945,734150.401682701,1239800.9395805,903683.180759447,1700935.0207148,-0.227566920398154,610.900175449458,638713.709103656,1174405.84728948,856324.110665345,1610639.09910945,-0.264511967114479,"/Users/9oy/Documents/Projects/IM3/EvaluationP/Script/Revision/5_UrbanScaling/data/model_evaldfs/single_latent_conus_model/Evaldf_0.0005.csv",2.74205352943211,3.06913108089765
"single_latent_conus_model","2A","single-latent cGAN","MSASample","CONUS Model",5e-04,18,3,10,15,600.416334287532,505134.485448212,1135596.49437802,828210.217283853,1557067.7240289,-0.351817024437914,258.818089714603,85810.7424537562,221698.646556791,163445.99164498,300712.727124395,-0.412221382206662,"/Users/9oy/Documents/Projects/IM3/EvaluationP/Script/Revision/5_UrbanScaling/data/model_evaldfs/single_latent_conus_model/Evaldf_0.0005.csv",2.74205352943211,3.06913108089765
"single_latent_conus_model","2A","single-latent cGAN","MSASample","CONUS Model",5e-04,19,4,1,473,348.935880006794,478776.462133988,395956.814472009,290798.569457437,539142.263386439,0.0824849696057428,212.961918125678,245472.609263059,151827.239056222,112214.478096018,205423.675363093,0.208653344432248,"/Users/9oy/Documents/Projects/IM3/EvaluationP/Script/Revision/5_UrbanScaling/data/model_evaldfs/single_latent_conus_model/Evaldf_0.0005.csv",2.74205352943211,3.06913108089765
"single_latent_conus_model","2A","single-latent cGAN","MSASample","CONUS Model",5e-04,20,4,2,320,122.754813798502,126825.052505566,52103.7725223948,38783.0499394449,69999.7322362298,0.386335881684691,327.102391751645,530926.127937993,349278.150543033,256729.838541717,475189.121528382,0.181862679622629,"/Users/9oy/Documents/Projects/IM3/EvaluationP/Script/Revision/5_UrbanScaling/data/model_evaldfs/single_latent_conus_model/Evaldf_0.0005.csv",2.74205352943211,3.06913108089765
"single_latent_conus_model","2A","single-latent cGAN","MSASample","CONUS Model",5e-04,21,4,3,205,101.195822595374,122364.917818679,35813.0522264682,26723.39317653,47994.455692931,0.53361558680841,206.671442565237,238371.35404411,143242.265694176,105910.167704249,193733.492505626,0.221182881725673,"/Users/9oy/Documents/Projects/IM3/EvaluationP/Script/Revision/5_UrbanScaling/data/model_evaldfs/single_latent_conus_model/Evaldf_0.0005.csv",2.74205352943211,3.06913108089765
"single_latent_conus_model","2A","single-latent cGAN","MSASample","CONUS Model",5e-04,22,4,4,152,205.69811041531,298679.66538127,141935.555743866,104950.379456509,191954.541647641,0.323114453536194,635.537942798549,629591.243380593,1268097.39493246,924170.273477401,1740015.93557404,-0.304093931330306,"/Users/9oy/Documents/Projects/IM3/EvaluationP/Script/Revision/5_UrbanScaling/data/model_evaldfs/single_latent_conus_model/Evaldf_0.0005.csv",2.74205352943211,3.06913108089765
"single_latent_conus_model","2A","single-latent cGAN","MSASample","CONUS Model",5e-04,23,4,5,951,660.265904940351,779551.58350205,1365633.57593301,994765.274927276,1874768.96381603,-0.243489327889026,653.161070196998,1517233.25313809,1337250.79172562,974225.858165118,1835549.39030137,0.0548394888559319,"/Users/9oy/Documents/Projects/IM3/EvaluationP/Script/Revision/5_UrbanScaling/data/model_evaldfs/single_latent_conus_model/Evaldf_0.0005.csv",2.74205352943211,3.06913108089765
"single_latent_conus_model","2A","single-latent cGAN","MSASample","CONUS Model",5e-04,24,4,6,1767,780.072508246791,877732.356181746,1887622.27770393,1372054.18774175,2596922.11511607,-0.332552986026989,909.228821760083,3567706.25197583,2541471.90571006,1843685.02842345,3503352.98488417,0.147303776199519,"/Users/9oy/Documents/Projects/IM3/EvaluationP/Script/Revision/5_UrbanScaling/data/model_evaldfs/single_latent_conus_model/Evaldf_0.0005.csv",2.74205352943211,3.06913108089765
"single_latent_conus_model","2A","single-latent cGAN","MSASample","CONUS Model",5e-04,25,4,7,1023,728.075969693503,1264920.34938465,1651038.8338308,1201152.92566853,2269427.29153341,-0.115694109020233,1820.67345309369,10780574.6070688,9783620.28431818,7034401.66373083,13607301.7213742,0.0421423206693129,"/Users/9oy/Documents/Projects/IM3/EvaluationP/Script/Revision/5_UrbanScaling/data/model_evaldfs/single_latent_conus_model/Evaldf_0.0005.csv",2.74205352943211,3.06913108089765
"single_latent_conus_model","2A","single-latent cGAN","MSASample","CONUS Model",5e-04,26,4,8,713,858.631352521318,1595638.78819845,2274113.99944708,1650946.81713407,3132502.16712538,-0.153877646738918,1421.17684778826,5989638.3714483,6048498.67269786,4362718.5142456,8385674.22449303,-0.0042469873294891,"/Users/9oy/Documents/Projects/IM3/EvaluationP/Script/Revision/5_UrbanScaling/data/model_evaldfs/single_latent_conus_model/Evaldf_0.0005.csv",2.74205352943211,3.06913108089765
"single_latent_conus_model","2A","single-latent cGAN","MSASample","CONUS Model",5e-04,27,4,9,855,866.894096087836,1033846.48423551,2316789.94269303,1681721.51444871,3191679.23609703,-0.350430604026208,879.806135614649,2591752.48512071,2384248.89851585,1730360.24197177,3285236.60691389,0.0362419329645811,"/Users/9oy/Documents/Projects/IM3/EvaluationP/Script/Revision/5_UrbanScaling/data/model_evaldfs/single_latent_conus_model/Evaldf_0.0005.csv",2.74205352943211,3.06913108089765
"single_latent_conus_model","2A","single-latent cGAN","MSASample","CONUS Model",5e-04,28,4,10,784,1095.87290734509,1652425.37980899,3651732.6492409,2642766.19111265,5045906.59074449,-0.344377117706336,758.082984722014,1172112.03772333,1785696.62233466,1298444.44217099,2455794.27463673,-0.182838550931053,"/Users/9oy/Documents/Projects/IM3/EvaluationP/Script/Revision/5_UrbanScaling/data/model_evaldfs/single_latent_conus_model/Evaldf_0.0005.csv",2.74205352943211,3.06913108089765
"single_latent_conus_model","2A","single-latent cGAN","MSASample","CONUS Model",5e-04,29,4,11,184,899.299315221964,1100001.06193724,2487868.47926852,1805053.57059694,3428978.3256078,-0.35443431329906,512.875978477372,356728.374502348,836299.123907189,611163.442319268,1144368.55384189,-0.370023986931484,"/Users/9oy/Documents/Projects/IM3/EvaluationP/Script/Revision/5_UrbanScaling/data/model_evaldfs/single_latent_conus_model/Evaldf_0.0005.csv",2.74205352943211,3.06913108089765
"single_latent_conus_model","2A","single-latent cGAN","MSASample","CONUS Model",5e-04,30,5,4,126,194.655071330121,380525.931851368,127517.244536737,94356.012784465,172332.924785469,0.474815338475456,640.13877311343,1627828.24099768,1285979.37177063,937115.550609631,1764716.14791128,0.102374576551417,"/Users/9oy/Documents/Projects/IM3/EvaluationP/Script/Revision/5_UrbanScaling/data/model_evaldfs/single_latent_conus_model/Evaldf_0.0005.csv",2.74205352943211,3.06913108089765
"single_latent_conus_model","2A","single-latent cGAN","MSASample","CONUS Model",5e-04,31,5,5,844,898.326064806198,1139937.43859324,2482644.30456604,1801288.26702348,3421730.35589635,-0.338033484134848,1317.30296865282,3739732.93605641,5219847.22637173,3768693.62502469,7229774.4995077,-0.144817203106626,"/Users/9oy/Documents/Projects/IM3/EvaluationP/Script/Revision/5_UrbanScaling/data/model_evaldfs/single_latent_conus_model/Evaldf_0.0005.csv",2.74205352943211,3.06913108089765
"single_latent_conus_model","2A","single-latent cGAN","MSASample","CONUS Model",5e-04,32,5,6,829,1091.17398240623,1621047.24191711,3621397.1526354,2620957.00522612,5003713.26617181,-0.349080484179647,2222.15039587044,14548170.1666346,14404620.708431,10330413.032276,20085653.6041179,0.00430654500264713,"/Users/9oy/Documents/Projects/IM3/EvaluationP/Script/Revision/5_UrbanScaling/data/model_evaldfs/single_latent_conus_model/Evaldf_0.0005.csv",2.74205352943211,3.06913108089765
"single_latent_conus_model","2A","single-latent cGAN","MSASample","CONUS Model",5e-04,33,5,7,705,914.598577616146,947597.207006774,2570690.76130113,1864740.49008877,3543898.48097544,-0.433426064768003,1887.66308965929,5185850.92273785,10494534.7539303,7542046.02670868,14602835.7970011,-0.30614316212242,"/Users/9oy/Documents/Projects/IM3/EvaluationP/Script/Revision/5_UrbanScaling/data/model_evaldfs/single_latent_conus_model/Evaldf_0.0005.csv",2.74205352943211,3.06913108089765
"single_latent_conus_model","2A","single-latent cGAN","MSASample","CONUS Model",5e-04,34,5,8,1213,813.016920820433,1135098.89745496,2045453.82062393,1485987.2191423,2815556.74127529,-0.255755977220204,2444.8747159892,39575884.8140339,17339350.2093309,12419833.7359809,24207495.2107302,0.358397815043498,"/Users/9oy/Documents/Projects/IM3/EvaluationP/Script/Revision/5_UrbanScaling/data/model_evaldfs/single_latent_conus_model/Evaldf_0.0005.csv",2.74205352943211,3.06913108089765
"single_latent_conus_model","2A","single-latent cGAN","MSASample","CONUS Model",5e-04,35,5,9,967,986.361756465476,1471121.14192662,2976701.84811387,2157160.59031628,4107600.48757678,-0.306086900193404,1132.46179488706,1900084.45796615,3892139.16971136,2815560.73839382,5380366.01726563,-0.311415455181887,"/Users/9oy/Documents/Projects/IM3/EvaluationP/Script/Revision/5_UrbanScaling/data/model_evaldfs/single_latent_conus_model/Evaldf_0.0005.csv",2.74205352943211,3.06913108089765
"single_latent_conus_model","2A","single-latent cGAN","MSASample","CONUS Model",5e-04,36,5,10,1355,1040.40300153533,928744.275883236,3301460.62681398,2390868.43840109,4558863.25459723,-0.550809972152618,1023.95525762421,1215529.80873862,3200893.1335787,2318513.52767522,4419088.66620445,-0.420505561219109,"/Users/9oy/Documents/Projects/IM3/EvaluationP/Script/Revision/5_UrbanScaling/data/model_evaldfs/single_latent_conus_model/Evaldf_0.0005.csv",2.74205352943211,3.06913108089765
"single_latent_conus_model","2A","single-latent cGAN","MSASample","CONUS Model",5e-04,37,5,11,3149,635.81981253165,851872.026879155,1269189.44216291,924960.87232472,1741524.30475167,-0.173152093286708,527.458914235081,2451388.1358492,883078.62220764,645117.288597722,1208815.61660708,0.443412708500555,"/Users/9oy/Documents/Projects/IM3/EvaluationP/Script/Revision/5_UrbanScaling/data/model_evaldfs/single_latent_conus_model/Evaldf_0.0005.csv",2.74205352943211,3.06913108089765
"single_latent_conus_model","2A","single-latent cGAN","MSASample","CONUS Model",5e-04,38,5,12,2408,712.624102674622,953957.481445681,1583696.03237577,1152477.6717436,2176261.79183864,-0.220142810360944,629.473575385321,1272769.37688923,1244712.64764082,907239.557048012,1707718.27921415,0.00968061506597652,"/Users/9oy/Documents/Projects/IM3/EvaluationP/Script/Revision/5_UrbanScaling/data/model_evaldfs/single_latent_conus_model/Evaldf_0.0005.csv",2.74205352943211,3.06913108089765
"single_latent_conus_model","2A","single-latent cGAN","MSASample","CONUS Model",5e-04,39,5,13,627,722.926303495135,845174.798154287,1628444.34332572,1184823.16085532,2238166.05458251,-0.284826381353981,529.765267232991,245348.627639153,890590.0150762,650568.138290938,1219166.03084353,-0.559894188602199,"/Users/9oy/Documents/Projects/IM3/EvaluationP/Script/Revision/5_UrbanScaling/data/model_evaldfs/single_latent_conus_model/Evaldf_0.0005.csv",2.74205352943211,3.06913108089765
"single_latent_conus_model","2A","single-latent cGAN","MSASample","CONUS Model",5e-04,40,5,14,372,265.373067230388,440556.878451643,232728.619189823,171522.654303671,315775.256684812,0.277152193515357,389.763262602793,376776.019954145,490836.908872074,359968.365309771,669283.454682939,-0.114853958230867,"/Users/9oy/Documents/Projects/IM3/EvaluationP/Script/Revision/5_UrbanScaling/data/model_evaldfs/single_latent_conus_model/Evaldf_0.0005.csv",2.74205352943211,3.06913108089765
"single_latent_conus_model","2A","single-latent cGAN","MSASample","CONUS Model",5e-04,41,5,15,221,422.170993524264,771672.858088846,573159.914914203,419911.081228653,782337.744227267,0.129157415623043,464.215407895675,439048.294986287,689156.084555248,504277.351466182,941815.267924777,-0.195805299948753,"/Users/9oy/Documents/Projects/IM3/EvaluationP/Script/Revision/5_UrbanScaling/data/model_evaldfs/single_latent_conus_model/Evaldf_0.0005.csv",2.74205352943211,3.06913108089765
"single_latent_conus_model","2A","single-latent cGAN","MSASample","CONUS Model",5e-04,42,5,16,74,350.42629731464,265402.48994309,399246.643977491,293198.631879025,543651.522879747,-0.177336281200008,512.885626498752,173133.206799764,836329.664860772,611185.613808974,1144410.62178657,-0.683997128440116,"/Users/9oy/Documents/Projects/IM3/EvaluationP/Script/Revision/5_UrbanScaling/data/model_evaldfs/single_latent_conus_model/Evaldf_0.0005.csv",2.74205352943211,3.06913108089765
"single_latent_conus_model","2A","single-latent cGAN","MSASample","CONUS Model",5e-04,43,6,5,1020,791.561654111818,1313475.74972306,1941967.11378152,1411290.67172395,2672189.61094826,-0.169819812121749,1038.68675336805,18703882.5606851,3290896.38093141,2383268.5140759,4544179.10783618,0.754617558883984,"/Users/9oy/Documents/Projects/IM3/EvaluationP/Script/Revision/5_UrbanScaling/data/model_evaldfs/single_latent_conus_model/Evaldf_0.0005.csv",2.74205352943211,3.06913108089765
"single_latent_conus_model","2A","single-latent cGAN","MSASample","CONUS Model",5e-04,44,6,6,1894,1059.72602080304,1415434.42414948,3421534.6592221,2477238.57816173,4725786.01328958,-0.383331189960309,1669.87340621542,9407703.01028866,8271931.05964477,5954109.68112573,11492036.1095161,0.0558766925558535,"/Users/9oy/Documents/Projects/IM3/EvaluationP/Script/Revision/5_UrbanScaling/data/model_evaldfs/single_latent_conus_model/Evaldf_0.0005.csv",2.74205352943211,3.06913108089765
"single_latent_conus_model","2A","single-latent cGAN","MSASample","CONUS Model",5e-04,45,6,7,794,1089.65398955215,1158629.609575,3611610.59225118,2613920.8677694,4990101.73984028,-0.493756295067863,910.179821480569,2772965.39190108,2546634.8501144,1847405.62476457,3510517.11269078,0.0369777713802011,"/Users/9oy/Documents/Projects/IM3/EvaluationP/Script/Revision/5_UrbanScaling/data/model_evaldfs/single_latent_conus_model/Evaldf_0.0005.csv",2.74205352943211,3.06913108089765
"single_latent_conus_model","2A","single-latent cGAN","MSASample","CONUS Model",5e-04,46,6,8,842,858.757360180228,956165.396112531,2274761.92280215,1651414.07937181,3133400.56262506,-0.376402927585689,1504.48706738476,6679005.85108356,6755785.34507676,4869312.30077867,9373117.35405745,-0.00496401813919723,"/Users/9oy/Documents/Projects/IM3/EvaluationP/Script/Revision/5_UrbanScaling/data/model_evaldfs/single_latent_conus_model/Evaldf_0.0005.csv",2.74205352943211,3.06913108089765
"single_latent_conus_model","2A","single-latent cGAN","MSASample","CONUS Model",5e-04,47,6,9,1391,937.941655977471,1511634.47617589,2699590.44231519,1957608.50040718,3722801.85477521,-0.251851093480546,727.689718266758,2253482.5107051,1649338.894412,1199924.37648653,2267075.19400974,0.13554429130599,"/Users/9oy/Documents/Projects/IM3/EvaluationP/Script/Revision/5_UrbanScaling/data/model_evaldfs/single_latent_conus_model/Evaldf_0.0005.csv",2.74205352943211,3.06913108089765
"single_latent_conus_model","2A","single-latent cGAN","MSASample","CONUS Model",5e-04,48,6,10,2337,574.993936798628,859980.376436478,1044115.69888152,761915.017934265,1430838.82977735,-0.0842600843225634,432.907072112222,1157303.49963683,601794.369339094,440747.180968937,821687.531096796,0.283999146446125,"/Users/9oy/Documents/Projects/IM3/EvaluationP/Script/Revision/5_UrbanScaling/data/model_evaldfs/single_latent_conus_model/Evaldf_0.0005.csv",2.74205352943211,3.06913108089765
"single_latent_conus_model","2A","single-latent cGAN","MSASample","CONUS Model",5e-04,49,6,11,1784,989.725267341264,1627623.88260995,2996438.77605487,2171368.61807341,4135016.62679998,-0.265051354755407,790.747009849885,1867973.02927979,1938089.13062028,1408491.04585597,2666818.14504952,-0.0160031445265159,"/Users/9oy/Documents/Projects/IM3/EvaluationP/Script/Revision/5_UrbanScaling/data/model_evaldfs/single_latent_conus_model/Evaldf_0.0005.csv",2.74205352943211,3.06913108089765
"single_latent_conus_model","2A","single-latent cGAN","MSASample","CONUS Model",5e-04,50,6,12,1799,791.962976545147,842191.928576905,1943878.92667031,1412670.84997133,2674837.7243217,-0.363258136761723,697.966707392815,606519.087996735,1521073.15705145,1107201.68880575,2089649.58461906,-0.399305628977548,"/Users/9oy/Documents/Projects/IM3/EvaluationP/Script/Revision/5_UrbanScaling/data/model_evaldfs/single_latent_conus_model/Evaldf_0.0005.csv",2.74205352943211,3.06913108089765
"single_latent_conus_model","2A","single-latent cGAN","MSASample","CONUS Model",5e-04,51,6,13,2220,873.293108419002,1417996.07035272,2350104.24467978,1705742.68589269,3237879.90213278,-0.219412099601415,826.698205302608,3231376.39946596,2112803.12238609,1534586.32726044,2908886.22859913,0.184528518743143,"/Users/9oy/Documents/Projects/IM3/EvaluationP/Script/Revision/5_UrbanScaling/data/model_evaldfs/single_latent_conus_model/Evaldf_0.0005.csv",2.74205352943211,3.06913108089765
"single_latent_conus_model","2A","single-latent cGAN","MSASample","CONUS Model",5e-04,52,6,14,2343,896.546465294705,1021637.71435419,2473105.61175754,1794413.15598408,3408496.72580138,-0.383945746127451,614.676786264456,1032449.41655927,1188541.08163993,866562.281267088,1630153.92347827,-0.0611454144209842,"/Users/9oy/Documents/Projects/IM3/EvaluationP/Script/Revision/5_UrbanScaling/data/model_evaldfs/single_latent_conus_model/Evaldf_0.0005.csv",2.74205352943211,3.06913108089765
"single_latent_conus_model","2A","single-latent cGAN","MSASample","CONUS Model",5e-04,53,6,15,2667,846.40540875498,962651.998013616,2211674.69459429,1605913.35483825,3045933.29395499,-0.361251932327503,625.389577303888,895042.157953957,1229083.3305036,895922.653737882,1686134.20703145,-0.137737836794611,"/Users/9oy/Documents/Projects/IM3/EvaluationP/Script/Revision/5_UrbanScaling/data/model_evaldfs/single_latent_conus_model/Evaldf_0.0005.csv",2.74205352943211,3.06913108089765
"single_latent_conus_model","2A","single-latent cGAN","MSASample","CONUS Model",5e-04,54,6,16,2060,716.262861214356,777147.594768854,1599432.16843802,1163852.92750878,2198029.66592191,-0.313462319252254,681.054275436625,803461.307266405,1450339.02710266,1056046.44676685,1991847.32828467,-0.256504566496438,"/Users/9oy/Documents/Projects/IM3/EvaluationP/Script/Revision/5_UrbanScaling/data/model_evaldfs/single_latent_conus_model/Evaldf_0.0005.csv",2.74205352943211,3.06913108089765
"single_latent_conus_model","2A","single-latent cGAN","MSASample","CONUS Model",5e-04,55,7,5,256,905.461904723866,718767.462846095,2521071.36567383,1828983.20329877,3475046.03615666,-0.544996730472053,832.259801957495,1396697.43707579,2140483.72060941,1554557.5948064,2947250.44186252,-0.185409592946458,"/Users/9oy/Documents/Projects/IM3/EvaluationP/Script/Revision/5_UrbanScaling/data/model_evaldfs/single_latent_conus_model/Evaldf_0.0005.csv",2.74205352943211,3.06913108089765
"single_latent_conus_model","2A","single-latent cGAN","MSASample","CONUS Model",5e-04,56,7,6,1440,840.370009205918,906575.669923297,2181162.04637523,1583903.49452367,3003634.93672227,-0.381283872505032,1298.05081345611,6011821.84378054,5072770.40408238,3663197.92461287,7024736.33751409,0.0737608956917206,"/Users/9oy/Documents/Projects/IM3/EvaluationP/Script/Revision/5_UrbanScaling/data/model_evaldfs/single_latent_conus_model/Evaldf_0.0005.csv",2.74205352943211,3.06913108089765
"single_latent_conus_model","2A","single-latent cGAN","MSASample","CONUS Model",5e-04,57,7,7,1468,1229.33991679416,1918315.55228082,4564491.63694883,3298458.42065571,6316460.97865137,-0.376472367953998,1181.37426202109,6830594.79169797,4225111.45029169,3054772.02534888,5843829.46395065,0.208620353355097,"/Users/9oy/Documents/Projects/IM3/EvaluationP/Script/Revision/5_UrbanScaling/data/model_evaldfs/single_latent_conus_model/Evaldf_0.0005.csv",2.74205352943211,3.06913108089765
"single_latent_conus_model","2A","single-latent cGAN","MSASample","CONUS Model",5e-04,58,7,8,1181,1058.65127906321,1533201.02600593,3414801.55526987,2472395.94415387,4716424.84669432,-0.347766369340088,1050.11801577532,7428508.19374722,3361570.14880052,2434108.21426945,4642420.4967807,0.34435942824005,"/Users/9oy/Documents/Projects/IM3/EvaluationP/Script/Revision/5_UrbanScaling/data/model_evaldfs/single_latent_conus_model/Evaldf_0.0005.csv",2.74205352943211,3.06913108089765
"single_latent_conus_model","2A","single-latent cGAN","MSASample","CONUS Model",5e-04,59,7,9,1236,815.557996207699,1003900.90896066,2057882.84932909,1494956.7655219,2832778.79282641,-0.311729800260972,1201.43129069522,7251579.66513516,4365478.04666436,3155575.10387965,6039279.03743383,0.220400813890621,"/Users/9oy/Documents/Projects/IM3/EvaluationP/Script/Revision/5_UrbanScaling/data/model_evaldfs/single_latent_conus_model/Evaldf_0.0005.csv",2.74205352943211,3.06913108089765
"single_latent_conus_model","2A","single-latent cGAN","MSASample","CONUS Model",5e-04,60,7,10,1155,818.286508200678,995160.483264727,2071269.32099374,1504616.86033112,2851328.27711752,-0.318343450255936,1109.84690137856,4906835.70819768,3742671.2992855,2708137.83234758,5172406.03014391,0.11761983027071,"/Users/9oy/Documents/Projects/IM3/EvaluationP/Script/Revision/5_UrbanScaling/data/model_evaldfs/single_latent_conus_model/Evaldf_0.0005.csv",2.74205352943211,3.06913108089765
"single_latent_conus_model","2A","single-latent cGAN","MSASample","CONUS Model",5e-04,61,7,11,1226,1039.64529917124,1347608.96472434,3296794.61871412,2387511.7294682,4552377.53340937,-0.388528001243705,655.994553274368,1453492.31057747,1348535.49462251,982392.460978863,1851142.03588733,0.0325503566144324,"/Users/9oy/Documents/Projects/IM3/EvaluationP/Script/Revision/5_UrbanScaling/data/model_evaldfs/single_latent_conus_model/Evaldf_0.0005.csv",2.74205352943211,3.06913108089765
"single_latent_conus_model","2A","single-latent cGAN","MSASample","CONUS Model",5e-04,62,7,12,2081,910.224468388756,1663026.17527151,2546877.36148035,1847580.38561603,3510853.62505532,-0.185108948230913,792.044902540006,2553495.8108499,1944269.31642137,1412952.67950271,2675378.46781116,0.118378727320311,"/Users/9oy/Documents/Projects/IM3/EvaluationP/Script/Revision/5_UrbanScaling/data/model_evaldfs/single_latent_conus_model/Evaldf_0.0005.csv",2.74205352943211,3.06913108089765
"single_latent_conus_model","2A","single-latent cGAN","MSASample","CONUS Model",5e-04,63,7,13,2157,482.485541381576,1026858.30662097,742784.615338071,543249.590182617,1015608.65346895,0.140647620628559,255.966596164736,439550.930781802,216981.561305101,159991.116490936,294272.575746833,0.30658637417387,"/Users/9oy/Documents/Projects/IM3/EvaluationP/Script/Revision/5_UrbanScaling/data/model_evaldfs/single_latent_conus_model/Evaldf_0.0005.csv",2.74205352943211,3.06913108089765
"single_latent_conus_model","2A","single-latent cGAN","MSASample","CONUS Model",5e-04,64,7,14,2805,1022.61802101351,1299894.13199786,3192783.10031531,2312677.98370137,4407818.12145938,-0.390261432763149,724.231158505416,1545285.25060957,1634155.1981685,1188950.72005517,2246067.19745057,-0.0242846403733731,"/Users/9oy/Documents/Projects/IM3/EvaluationP/Script/Revision/5_UrbanScaling/data/model_evaldfs/single_latent_conus_model/Evaldf_0.0005.csv",2.74205352943211,3.06913108089765
"single_latent_conus_model","2A","single-latent cGAN","MSASample","CONUS Model",5e-04,65,7,15,3917,1082.78728389778,1818766.55756983,3567558.98070231,2582247.99002522,4928836.08776297,-0.292594201773524,1155.25252711303,4779601.99271333,4045638.63135385,2925852.75204905,5593990.30728401,0.0724046458491493,"/Users/9oy/Documents/Projects/IM3/EvaluationP/Script/Revision/5_UrbanScaling/data/model_evaldfs/single_latent_conus_model/Evaldf_0.0005.csv",2.74205352943211,3.06913108089765
"single_latent_conus_model","2A","single-latent cGAN","MSASample","CONUS Model",5e-04,66,7,16,3141,828.682047236395,1637066.7777593,2122656.8490105,1541695.88720018,2922542.72457961,-0.112813396203132,1229.96104597647,7213943.35294946,4568969.7683616,3301673.04796849,6322698.95925853,0.198354443268808,"/Users/9oy/Documents/Projects/IM3/EvaluationP/Script/Revision/5_UrbanScaling/data/model_evaldfs/single_latent_conus_model/Evaldf_0.0005.csv",2.74205352943211,3.06913108089765
"single_latent_conus_model","2A","single-latent cGAN","MSASample","CONUS Model",5e-04,67,8,5,180,547.600131140179,689216.204507429,949715.974646844,693464.101873501,1300659.15461611,-0.139238263281291,1244.22591636228,1770535.18860355,4672400.49397937,3375915.04981642,6466787.83499777,-0.421435498583696,"/Users/9oy/Documents/Projects/IM3/EvaluationP/Script/Revision/5_UrbanScaling/data/model_evaldfs/single_latent_conus_model/Evaldf_0.0005.csv",2.74205352943211,3.06913108089765
"single_latent_conus_model","2A","single-latent cGAN","MSASample","CONUS Model",5e-04,68,8,6,1595,973.102887640224,1521942.99329742,2899515.63049803,2101590.50114019,4000394.40934911,-0.279927068678517,1195.48231173973,5477007.77771436,4323612.85040426,3125512.24516207,5980980.59257855,0.102696558697917,"/Users/9oy/Documents/Projects/IM3/EvaluationP/Script/Revision/5_UrbanScaling/data/model_evaldfs/single_latent_conus_model/Evaldf_0.0005.csv",2.74205352943211,3.06913108089765
"single_latent_conus_model","2A","single-latent cGAN","MSASample","CONUS Model",5e-04,69,8,7,2014,913.661847595602,1183480.52651971,2565582.00058945,1861059.1699175,3536809.09674696,-0.336024783779593,928.312433080921,7649795.89366982,2646047.70595034,1919036.35277941,3648481.41205059,0.461052177900682,"/Users/9oy/Documents/Projects/IM3/EvaluationP/Script/Revision/5_UrbanScaling/data/model_evaldfs/single_latent_conus_model/Evaldf_0.0005.csv",2.74205352943211,3.06913108089765
"single_latent_conus_model","2A","single-latent cGAN","MSASample","CONUS Model",5e-04,70,8,8,1604,1007.36334683993,1368103.01352279,3100973.228006,2246609.63343061,4280242.91257318,-0.355379217289578,946.876299027523,10406212.2773141,2749736.04161591,1993728.76030616,3792415.72329049,0.57800167473335,"/Users/9oy/Documents/Projects/IM3/EvaluationP/Script/Revision/5_UrbanScaling/data/model_evaldfs/single_latent_conus_model/Evaldf_0.0005.csv",2.74205352943211,3.06913108089765
"single_latent_conus_model","2A","single-latent cGAN","MSASample","CONUS Model",5e-04,71,8,9,1141,886.701576914069,946177.955940978,2420658.56125599,1756608.2511172,3335739.69406965,-0.407960710018814,844.450768536356,3342836.78021573,2201770.28594474,1598769.17359882,3032202.81709387,0.181343165538517,"/Users/9oy/Documents/Projects/IM3/EvaluationP/Script/Revision/5_UrbanScaling/data/model_evaldfs/single_latent_conus_model/Evaldf_0.0005.csv",2.74205352943211,3.06913108089765
"single_latent_conus_model","2A","single-latent cGAN","MSASample","CONUS Model",5e-04,72,8,10,1749,1257.23735442309,1243269.76719379,4767721.6155501,3444326.38755548,6599597.96072537,-0.583745516310584,1909.30696942455,8171242.01270831,10729390.8508537,7709699.48477834,14931817.8040103,-0.118286992626641,"/Users/9oy/Documents/Projects/IM3/EvaluationP/Script/Revision/5_UrbanScaling/data/model_evaldfs/single_latent_conus_model/Evaldf_0.0005.csv",2.74205352943211,3.06913108089765
"single_latent_conus_model","2A","single-latent cGAN","MSASample","CONUS Model",5e-04,73,8,11,1656,1009.00430106179,1478803.32313827,3110786.91867871,2253672.38661615,4293878.43188354,-0.322959846173751,978.77751534797,1770610.36496054,2932429.99363894,2125288.32441319,4046107.80044048,-0.21910465072734,"/Users/9oy/Documents/Projects/IM3/EvaluationP/Script/Revision/5_UrbanScaling/data/model_evaldfs/single_latent_conus_model/Evaldf_0.0005.csv",2.74205352943211,3.06913108089765
"single_latent_conus_model","2A","single-latent cGAN","MSASample","CONUS Model",5e-04,74,8,12,1418,768.343855879973,1515139.92201813,1832916.34942743,1332549.446497,2521168.99138718,-0.0826899036429573,936.440919742935,1880688.50229895,2691211.47580185,1951572.63583312,3711170.71150967,-0.155630956548689,"/Users/9oy/Documents/Projects/IM3/EvaluationP/Script/Revision/5_UrbanScaling/data/model_evaldfs/single_latent_conus_model/Evaldf_0.0005.csv",2.74205352943211,3.06913108089765
"single_latent_conus_model","2A","single-latent cGAN","MSASample","CONUS Model",5e-04,75,8,13,180,349.678403345072,440019.176074934,397594.152042976,291993.089236539,541386.476481688,0.044031615477215,592.693337638552,538871.484006976,1107411.96381441,807789.080407869,1518170.13542704,-0.312824008842993,"/Users/9oy/Documents/Projects/IM3/EvaluationP/Script/Revision/5_UrbanScaling/data/model_evaldfs/single_latent_conus_model/Evaldf_0.0005.csv",2.74205352943211,3.06913108089765
"single_latent_conus_model","2A","single-latent cGAN","MSASample","CONUS Model",5e-04,76,8,14,4417,795.115109490274,1251363.25692534,1958926.71875496,1423533.85715416,2695681.50428368,-0.194634790946165,1216.17159755223,4068648.38380041,4470053.69319648,3230661.23518302,6184919.60792899,-0.0408625804419245,"/Users/9oy/Documents/Projects/IM3/EvaluationP/Script/Revision/5_UrbanScaling/data/model_evaldfs/single_latent_conus_model/Evaldf_0.0005.csv",2.74205352943211,3.06913108089765
"single_latent_conus_model","2A","single-latent cGAN","MSASample","CONUS Model",5e-04,77,8,15,2931,154.676174628635,211324.403313776,81610.4379536306,60566.0079186897,109967.022953285,0.413203942937986,788.600225938371,809308.014211478,1927887.71544455,1401126.17812614,2652688.31700281,-0.376967894971413,"/Users/9oy/Documents/Projects/IM3/EvaluationP/Script/Revision/5_UrbanScaling/data/model_evaldfs/single_latent_conus_model/Evaldf_0.0005.csv",2.74205352943211,3.06913108089765
"single_latent_conus_model","2A","single-latent cGAN","MSASample","CONUS Model",5e-04,78,8,16,35,119.899065784344,166843.533041858,49776.4413298167,37061.9236014256,66852.8201101086,0.525285533455035,305.374695354039,236294.989904333,305648.663041884,224859.319892721,415464.679266407,-0.111767986946383,"/Users/9oy/Documents/Projects/IM3/EvaluationP/Script/Revision/5_UrbanScaling/data/model_evaldfs/single_latent_conus_model/Evaldf_0.0005.csv",2.74205352943211,3.06913108089765
"single_latent_conus_model","2A","single-latent cGAN","MSASample","CONUS Model",5e-04,79,9,5,861,592.001363830326,948599.377681846,1104903.42213832,805971.347990049,1514708.40160443,-0.0662414832840424,522.963589678479,1610113.25376242,868526.80653533,634556.48632796,1188765.42896229,0.26807319773064,"/Users/9oy/Documents/Projects/IM3/EvaluationP/Script/Revision/5_UrbanScaling/data/model_evaldfs/single_latent_conus_model/Evaldf_0.0005.csv",2.74205352943211,3.06913108089765
"single_latent_conus_model","2A","single-latent cGAN","MSASample","CONUS Model",5e-04,80,9,6,1697,679.32164547377,862838.485136021,1443184.77071201,1050871.54996558,1981957.055059,-0.223392429630576,787.79014517315,3831196.41517572,1924045.0343419,1398351.90426909,2647366.0048475,0.299119184718498,"/Users/9oy/Documents/Projects/IM3/EvaluationP/Script/Revision/5_UrbanScaling/data/model_evaldfs/single_latent_conus_model/Evaldf_0.0005.csv",2.74205352943211,3.06913108089765
"single_latent_conus_model","2A","single-latent cGAN","MSASample","CONUS Model",5e-04,81,9,7,2248,928.293493547309,1709680.07430779,2645942.90630323,1918960.85016042,3648335.95371743,-0.189665618641042,597.335393158405,4586798.08781329,1124311.64063128,820034.169707593,1541492.67427448,0.610622915600731,"/Users/9oy/Documents/Projects/IM3/EvaluationP/Script/Revision/5_UrbanScaling/data/model_evaldfs/single_latent_conus_model/Evaldf_0.0005.csv",2.74205352943211,3.06913108089765
"single_latent_conus_model","2A","single-latent cGAN","MSASample","CONUS Model",5e-04,82,9,8,1464,945.807470590421,1416114.54119354,2743713.68905462,1989391.04543944,3784054.83666126,-0.287240407763937,1163.00822556604,7105420.11457003,4098530.89560854,2963850.28846924,5667612.6886738,0.238961547847324,"/Users/9oy/Documents/Projects/IM3/EvaluationP/Script/Revision/5_UrbanScaling/data/model_evaldfs/single_latent_conus_model/Evaldf_0.0005.csv",2.74205352943211,3.06913108089765
"single_latent_conus_model","2A","single-latent cGAN","MSASample","CONUS Model",5e-04,83,9,9,1423,968.358350717,1751464.4814712,2872134.34048186,2081875.04780487,3962368.28837209,-0.214803415083843,767.090833342516,1898132.83409414,1827118.00996751,1328361.84368034,2513140.70652499,0.0165600032268059,"/Users/9oy/Documents/Projects/IM3/EvaluationP/Script/Revision/5_UrbanScaling/data/model_evaldfs/single_latent_conus_model/Evaldf_0.0005.csv",2.74205352943211,3.06913108089765
"single_latent_conus_model","2A","single-latent cGAN","MSASample","CONUS Model",5e-04,84,9,10,1692,1244.41196392727,1493975.16351048,4673756.89022221,3376888.59075079,6468677.56571234,-0.495322740775434,957.598877366374,2446849.68883005,2810507.01471514,2037496.72390109,3876791.35239997,-0.0601773823320428,"/Users/9oy/Documents/Projects/IM3/EvaluationP/Script/Revision/5_UrbanScaling/data/model_evaldfs/single_latent_conus_model/Evaldf_0.0005.csv",2.74205352943211,3.06913108089765
"single_latent_conus_model","2A","single-latent cGAN","MSASample","CONUS Model",5e-04,85,9,11,1663,1155.76099768977,2008632.11708455,4049096.09122876,2928336.6737777,5598802.65914011,-0.304457680784557,1255.1810252176,7194605.82769646,4752594.95675978,3433470.69359092,6578520.9307832,0.180076202326128,"/Users/9oy/Documents/Projects/IM3/EvaluationP/Script/Revision/5_UrbanScaling/data/model_evaldfs/single_latent_conus_model/Evaldf_0.0005.csv",2.74205352943211,3.06913108089765
"single_latent_conus_model","2A","single-latent cGAN","MSASample","CONUS Model",5e-04,86,9,12,2144,922.404811833527,1314318.83733621,2613456.19632393,1895554.93105632,3603247.35421821,-0.298514492939606,803.426761161533,1377410.66346724,1998874.96506018,1452369.84486769,2751021.81449406,-0.161722187864502,"/Users/9oy/Documents/Projects/IM3/EvaluationP/Script/Revision/5_UrbanScaling/data/model_evaldfs/single_latent_conus_model/Evaldf_0.0005.csv",2.74205352943211,3.06913108089765
"single_latent_conus_model","2A","single-latent cGAN","MSASample","CONUS Model",5e-04,87,9,13,1169,703.977755482783,862274.160876908,1546606.82962517,1125663.85018053,2124961.80370332,-0.253734551518583,678.42266324901,581185.791516377,1439479.51476671,1048191.35609349,1976834.9179634,-0.393890500429934,"/Users/9oy/Documents/Projects/IM3/EvaluationP/Script/Revision/5_UrbanScaling/data/model_evaldfs/single_latent_conus_model/Evaldf_0.0005.csv",2.74205352943211,3.06913108089765
"single_latent_conus_model","2A","single-latent cGAN","MSASample","CONUS Model",5e-04,88,9,14,89,245.518257064222,156110.652841109,200118.106927869,147635.885193476,271256.928272639,-0.107853845990794,483.14763940328,389491.767438766,744764.648601189,544688.129624864,1018333.88986844,-0.281520771443482,"/Users/9oy/Documents/Projects/IM3/EvaluationP/Script/Revision/5_UrbanScaling/data/model_evaldfs/single_latent_conus_model/Evaldf_0.0005.csv",2.74205352943211,3.06913108089765
"single_latent_conus_model","2A","single-latent cGAN","MSASample","CONUS Model",5e-04,89,10,5,11,177.719916638309,66738.5311511686,106863.72788456,79166.0143652666,144252.005471628,-0.204453676210721,0,0,0,0,0,NA,"/Users/9oy/Documents/Projects/IM3/EvaluationP/Script/Revision/5_UrbanScaling/data/model_evaldfs/single_latent_conus_model/Evaldf_0.0005.csv",2.74205352943211,3.06913108089765
"single_latent_conus_model","2A","single-latent cGAN","MSASample","CONUS Model",5e-04,90,10,6,540,217.872979599838,254271.501127604,158697.930355343,117258.21214061,214782.680370981,0.204726423988765,392.633466133176,678205.569726434,497878.042451059,365097.756239843,678948.421123842,0.134238378748734,"/Users/9oy/Documents/Projects/IM3/EvaluationP/Script/Revision/5_UrbanScaling/data/model_evaldfs/single_latent_conus_model/Evaldf_0.0005.csv",2.74205352943211,3.06913108089765
"single_latent_conus_model","2A","single-latent cGAN","MSASample","CONUS Model",5e-04,91,10,7,2166,170.381794070977,261223.907868731,98464.4770978517,72983.2649962678,132842.141971165,0.423733343250344,65.9979350819489,244861.16653676,15619.7714371839,11719.5134518941,20818.0365807281,1.19524523958022,"/Users/9oy/Documents/Projects/IM3/EvaluationP/Script/Revision/5_UrbanScaling/data/model_evaldfs/single_latent_conus_model/Evaldf_0.0005.csv",2.74205352943211,3.06913108089765
"single_latent_conus_model","2A","single-latent cGAN","MSASample","CONUS Model",5e-04,92,10,8,310,260.51662075087,369276.400791021,224531.814177192,165520.818328513,304581.236890953,0.21607366884667,422.343926117569,857660.806415707,573615.783010418,420242.85052389,782964.103038202,0.174694471624493,"/Users/9oy/Documents/Projects/IM3/EvaluationP/Script/Revision/5_UrbanScaling/data/model_evaldfs/single_latent_conus_model/Evaldf_0.0005.csv",2.74205352943211,3.06913108089765
"single_latent_conus_model","2A","single-latent cGAN","MSASample","CONUS Model",5e-04,93,10,9,1581,572.180466204632,742097.221318952,1034220.65865666,754741.936841155,1417189.53006494,-0.144152403160577,557.114142758181,1693581.74777007,982009.888885921,716885.845389827,1345184.07368659,0.236690303341977,"/Users/9oy/Documents/Projects/IM3/EvaluationP/Script/Revision/5_UrbanScaling/data/model_evaldfs/single_latent_conus_model/Evaldf_0.0005.csv",2.74205352943211,3.06913108089765
"single_latent_conus_model","2A","single-latent cGAN","MSASample","CONUS Model",5e-04,94,10,10,1043,1206.19065837559,1502458.6276124,4399112.33385944,3179726.06982532,6086118.39540549,-0.466562530169389,989.426300230363,1500713.71006978,2994681.88988178,2170103.91310894,4132576.12569253,-0.3000528460982,"/Users/9oy/Documents/Projects/IM3/EvaluationP/Script/Revision/5_UrbanScaling/data/model_evaldfs/single_latent_conus_model/Evaldf_0.0005.csv",2.74205352943211,3.06913108089765
"single_latent_conus_model","2A","single-latent cGAN","MSASample","CONUS Model",5e-04,95,10,11,2489,1014.67846745478,1054412.25039017,3144837.01323802,2278176.54427928,4341191.14458736,-0.474587699275186,1029.82299084122,5302846.27341038,3236597.50207388,2344203.31175646,4468709.40668613,0.214420342728336,"/Users/9oy/Documents/Projects/IM3/EvaluationP/Script/Revision/5_UrbanScaling/data/model_evaldfs/single_latent_conus_model/Evaldf_0.0005.csv",2.74205352943211,3.06913108089765
"single_latent_conus_model","2A","single-latent cGAN","MSASample","CONUS Model",5e-04,96,10,12,1490,1117.12716181491,1690538.24598983,3790478.71816369,2742500.1702998,5238916.32476407,-0.350669062114625,550.153533001823,879606.67503288,958331.713744386,699713.330180622,1312537.05475524,-0.0372273439322629,"/Users/9oy/Documents/Projects/IM3/EvaluationP/Script/Revision/5_UrbanScaling/data/model_evaldfs/single_latent_conus_model/Evaldf_0.0005.csv",2.74205352943211,3.06913108089765
"single_latent_conus_model","2A","single-latent cGAN","MSASample","CONUS Model",5e-04,97,10,13,323,483.374343972946,812042.427541213,745443.205970319,545181.111243858,1019267.83937816,0.037164159921169,288.264149193542,303228.778749071,273279.985250615,201195.338396449,371191.255889926,0.0451625912416359,"/Users/9oy/Documents/Projects/IM3/EvaluationP/Script/Revision/5_UrbanScaling/data/model_evaldfs/single_latent_conus_model/Evaldf_0.0005.csv",2.74205352943211,3.06913108089765
"single_latent_conus_model","2A","single-latent cGAN","MSASample","CONUS Model",5e-04,98,11,9,1483,553.83436665287,629934.144279304,970818.036897005,708769.338738449,1329752.30339691,-0.187842687499445,723.861362016473,1292791.54934371,1632535.75502897,1187780.26621617,2243826.62959899,-0.101334197199452,"/Users/9oy/Documents/Projects/IM3/EvaluationP/Script/Revision/5_UrbanScaling/data/model_evaldfs/single_latent_conus_model/Evaldf_0.0005.csv",2.74205352943211,3.06913108089765
"single_latent_conus_model","2A","single-latent cGAN","MSASample","CONUS Model",5e-04,99,11,10,1600,1151.2909407977,1431845.86796312,4018749.98419694,2906534.82555156,5556565.60296613,-0.448194718001942,848.991217894146,1925273.24509007,2224810.43194923,1615388.00988572,3064143.98758619,-0.0628006366135237,"/Users/9oy/Documents/Projects/IM3/EvaluationP/Script/Revision/5_UrbanScaling/data/model_evaldfs/single_latent_conus_model/Evaldf_0.0005.csv",2.74205352943211,3.06913108089765
"single_latent_conus_model","2A","single-latent cGAN","MSASample","CONUS Model",5e-04,100,11,11,2218,926.770040272687,1288915.6103026,2637519.65182546,1912892.27473763,3636644.88880832,-0.310971220646586,934.015168190648,5985965.28678542,2677694.63671249,1941835.3958356,3692408.00886394,0.349373145273413,"/Users/9oy/Documents/Projects/IM3/EvaluationP/Script/Revision/5_UrbanScaling/data/model_evaldfs/single_latent_conus_model/Evaldf_0.0005.csv",2.74205352943211,3.06913108089765
"single_latent_conus_model","2A","single-latent cGAN","MSASample","CONUS Model",5e-04,101,11,12,4341,868.580936457241,1260950.41449755,2325549.52382174,1688037.80270492,3203826.70286261,-0.265827583728329,956.38611475605,1304734.19120053,2803601.29250715,2032523.46016503,3867202.69723703,-0.332194208094181,"/Users/9oy/Documents/Projects/IM3/EvaluationP/Script/Revision/5_UrbanScaling/data/model_evaldfs/single_latent_conus_model/Evaldf_0.0005.csv",2.74205352943211,3.06913108089765
"single_latent_conus_model","2A","single-latent cGAN","MSASample","CONUS Model",5e-04,102,11,13,855,414.133969383239,573102.6766742,552167.438814921,404631.372166188,753497.87846457,0.0161616440194341,1039.40080721279,1207289.01423203,3295289.69524865,2386429.08640227,4550285.71244187,-0.436082351498042,"/Users/9oy/Documents/Projects/IM3/EvaluationP/Script/Revision/5_UrbanScaling/data/model_evaldfs/single_latent_conus_model/Evaldf_0.0005.csv",2.74205352943211,3.06913108089765
"single_latent_conus_model","2A","single-latent cGAN","MSASample","CONUS Model",5e-04,103,12,9,156,401.06579592887,476978.254111786,518845.238030703,380369.31840834,707734.215140195,-0.0365392555304888,2165.45513946649,14098777.8418376,13699737.5852217,9828161.73001036,19096430.7527466,0.0124692188547669,"/Users/9oy/Documents/Projects/IM3/EvaluationP/Script/Revision/5_UrbanScaling/data/model_evaldfs/single_latent_conus_model/Evaldf_0.0005.csv",2.74205352943211,3.06913108089765
"single_latent_conus_model","2A","single-latent cGAN","MSASample","CONUS Model",5e-04,104,12,10,1485,732.161205724162,1194099.82352382,1669070.43113791,1214183.87890255,2294377.44356881,-0.145434029189387,994.441513579448,2088964.40383936,3024219.99222827,2191366.44145338,4173608.93567729,-0.160682340439566,"/Users/9oy/Documents/Projects/IM3/EvaluationP/Script/Revision/5_UrbanScaling/data/model_evaldfs/single_latent_conus_model/Evaldf_0.0005.csv",2.74205352943211,3.06913108089765
"single_latent_conus_model","2A","single-latent cGAN","MSASample","CONUS Model",5e-04,105,12,11,2575,824.961329661801,924846.537018948,2104194.32873389,1528374.81906093,2896955.45742916,-0.357016171014159,1067.68940591525,3583007.32768692,3471624.46064977,2513262.57324267,4795430.65817906,0.0137149566589502,"/Users/9oy/Documents/Projects/IM3/EvaluationP/Script/Revision/5_UrbanScaling/data/model_evaldfs/single_latent_conus_model/Evaldf_0.0005.csv",2.74205352943211,3.06913108089765
"single_latent_conus_model","2A","single-latent cGAN","MSASample","CONUS Model",5e-04,106,12,12,5417,744.651221707472,963952.381050741,1724788.22955064,1254443.79930943,2371484.82732673,-0.252680199346962,982.226450640545,2295147.61792145,2952522.75017013,2139753.92633128,4074015.4664507,-0.109382629219541,"/Users/9oy/Documents/Projects/IM3/EvaluationP/Script/Revision/5_UrbanScaling/data/model_evaldfs/single_latent_conus_model/Evaldf_0.0005.csv",2.74205352943211,3.06913108089765
"single_latent_conus_model","2A","single-latent cGAN","MSASample","CONUS Model",5e-04,107,12,13,1890,364.441874428446,705199.559244421,430828.647825573,316232.462937908,586952.149260076,0.214007458318398,1137.45602827051,1321323.88637679,3925529.84829224,2839554.92875699,5426830.95641995,-0.472888997857899,"/Users/9oy/Documents/Projects/IM3/EvaluationP/Script/Revision/5_UrbanScaling/data/model_evaldfs/single_latent_conus_model/Evaldf_0.0005.csv",2.74205352943211,3.06913108089765
"single_latent_conus_model","2A","single-latent cGAN","MSASample","CONUS Model",0.001,1,1,4,376,664.367617115601,791195.541467626,1382150.89161403,1006716.85147671,1897595.2219209,-0.242271626979915,673.284322352117,776669.807421671,1418389.92386548,1032935.34472159,1947682.38535336,-0.261559214866573,"/Users/9oy/Documents/Projects/IM3/EvaluationP/Script/Revision/5_UrbanScaling/data/model_evaldfs/single_latent_conus_model/Evaldf_0.001.csv",2.86312661823367,3.06913108089765
"single_latent_conus_model","2A","single-latent cGAN","MSASample","CONUS Model",0.001,2,1,5,2873,826.212977772263,1183519.11100805,2110396.38509788,1532849.80951401,2905550.74253901,-0.251188759158307,919.540035845735,1253510.86855836,2597722.15738253,1884218.23128624,3581411.2690915,-0.31646459485402,"/Users/9oy/Documents/Projects/IM3/EvaluationP/Script/Revision/5_UrbanScaling/data/model_evaldfs/single_latent_conus_model/Evaldf_0.001.csv",2.86312661823367,3.06913108089765
"single_latent_conus_model","2A","single-latent cGAN","MSASample","CONUS Model",0.001,3,1,6,1631,754.815174868316,1156737.84380407,1770783.90260519,1287672.3219549,2435150.29115888,-0.184930621169266,382.277176224914,608163.144087705,472701.090539566,346754.354811977,644393.698006926,0.109433493246531,"/Users/9oy/Documents/Projects/IM3/EvaluationP/Script/Revision/5_UrbanScaling/data/model_evaldfs/single_latent_conus_model/Evaldf_0.001.csv",2.86312661823367,3.06913108089765
"single_latent_conus_model","2A","single-latent cGAN","MSASample","CONUS Model",0.001,4,1,7,540,666.241559018385,1064135.75122789,1389729.16825801,1012200.01349098,1908068.69725883,-0.115933138570657,820.132858823158,1685056.64388418,2080351.65564922,1511170.72044647,2863914.01885011,-0.0915222484036353,"/Users/9oy/Documents/Projects/IM3/EvaluationP/Script/Revision/5_UrbanScaling/data/model_evaldfs/single_latent_conus_model/Evaldf_0.001.csv",2.86312661823367,3.06913108089765
"single_latent_conus_model","2A","single-latent cGAN","MSASample","CONUS Model",0.001,5,2,3,348,323.597115134457,361531.683536869,342048.707764555,251450.782038465,465289.141417363,0.0240584095152284,583.114429750892,488822.873437225,1072931.80534022,782801.751128536,1470592.85093704,-0.341420599838488,"/Users/9oy/Documents/Projects/IM3/EvaluationP/Script/Revision/5_UrbanScaling/data/model_evaldfs/single_latent_conus_model/Evaldf_0.001.csv",2.86312661823367,3.06913108089765
"single_latent_conus_model","2A","single-latent cGAN","MSASample","CONUS Model",0.001,6,2,4,1396,866.214707811461,1035926.47762996,2313266.48022953,1679180.79996103,3186793.11285461,-0.348896731356778,1088.67011100457,3302729.19463101,3605282.68065437,2609371.29047683,4981300.76576843,-0.0380663568426028,"/Users/9oy/Documents/Projects/IM3/EvaluationP/Script/Revision/5_UrbanScaling/data/model_evaldfs/single_latent_conus_model/Evaldf_0.001.csv",2.86312661823367,3.06913108089765
"single_latent_conus_model","2A","single-latent cGAN","MSASample","CONUS Model",0.001,7,2,5,1481,1021.36702067908,1057298.15325889,3185205.10240082,2307225.17512231,4397287.1195038,-0.478939929111501,1117.40056776099,2449083.63757663,3792279.82981508,2743794.69148165,5241422.16335305,-0.189896759372848,"/Users/9oy/Documents/Projects/IM3/EvaluationP/Script/Revision/5_UrbanScaling/data/model_evaldfs/single_latent_conus_model/Evaldf_0.001.csv",2.86312661823367,3.06913108089765
"single_latent_conus_model","2A","single-latent cGAN","MSASample","CONUS Model",0.001,8,2,6,1384,948.333297184229,1385212.07393152,2757955.8626939,1999649.14256109,3803827.57088362,-0.299071043269831,816.481194901174,1445455.32557506,2062407.48376139,1498221.92901256,2839048.43915773,-0.154369802362713,"/Users/9oy/Documents/Projects/IM3/EvaluationP/Script/Revision/5_UrbanScaling/data/model_evaldfs/single_latent_conus_model/Evaldf_0.001.csv",2.86312661823367,3.06913108089765
"single_latent_conus_model","2A","single-latent cGAN","MSASample","CONUS Model",0.001,9,2,7,2309,673.190480170458,1170333.14554706,1418006.16541796,1032657.72363759,1947151.93537741,-0.0833686140804499,391.641129620083,866225.085654845,495438.159967142,363320.382495047,675599.229159609,0.242641302575761,"/Users/9oy/Documents/Projects/IM3/EvaluationP/Script/Revision/5_UrbanScaling/data/model_evaldfs/single_latent_conus_model/Evaldf_0.001.csv",2.86312661823367,3.06913108089765
"single_latent_conus_model","2A","single-latent cGAN","MSASample","CONUS Model",0.001,10,2,8,427,520.731867830025,699448.324696002,861346.056112845,629344.714266636,1178872.26437692,-0.0904220352339667,714.296708224943,1037885.38753054,1590919.99554161,1157699.78488831,2186254.55861023,-0.185498942791545,"/Users/9oy/Documents/Projects/IM3/EvaluationP/Script/Revision/5_UrbanScaling/data/model_evaldfs/single_latent_conus_model/Evaldf_0.001.csv",2.86312661823367,3.06913108089765
"single_latent_conus_model","2A","single-latent cGAN","MSASample","CONUS Model",0.001,11,3,3,527,422.587181197689,533115.931498279,574257.325869436,420709.746270348,783845.582942131,-0.0322848831864994,748.711936674946,967507.682325204,1743094.06972155,1267669.12896712,2396821.74667618,-0.255666403209717,"/Users/9oy/Documents/Projects/IM3/EvaluationP/Script/Revision/5_UrbanScaling/data/model_evaldfs/single_latent_conus_model/Evaldf_0.001.csv",2.86312661823367,3.06913108089765
"single_latent_conus_model","2A","single-latent cGAN","MSASample","CONUS Model",0.001,12,3,4,702,804.419978293633,996637.155946089,2003674.81156162,1455834.27736046,2757671.53783843,-0.303290164442999,1298.66393956768,7280178.78945513,5077422.95427707,3666535.42661807,7031221.80941227,0.156498702951587,"/Users/9oy/Documents/Projects/IM3/EvaluationP/Script/Revision/5_UrbanScaling/data/model_evaldfs/single_latent_conus_model/Evaldf_0.001.csv",2.86312661823367,3.06913108089765
"single_latent_conus_model","2A","single-latent cGAN","MSASample","CONUS Model",0.001,13,3,5,1135,913.033271638662,859748.917671221,2562156.62075761,1858590.84945118,3532055.77829596,-0.474234036219005,896.596957145314,1312205.57855719,2473376.0037758,1794608.04622819,3408871.85305538,-0.275288263296267,"/Users/9oy/Documents/Projects/IM3/EvaluationP/Script/Revision/5_UrbanScaling/data/model_evaldfs/single_latent_conus_model/Evaldf_0.001.csv",2.86312661823367,3.06913108089765
"single_latent_conus_model","2A","single-latent cGAN","MSASample","CONUS Model",0.001,14,3,6,1243,1097.6719440352,1273133.94145175,3663379.41720883,2651139.11648885,5062106.57560781,-0.459007804508085,1255.7773463723,2394884.38474863,4756979.18300034,3436617.07075511,6584629.73371849,-0.298046698619346,"/Users/9oy/Documents/Projects/IM3/EvaluationP/Script/Revision/5_UrbanScaling/data/model_evaldfs/single_latent_conus_model/Evaldf_0.001.csv",2.86312661823367,3.06913108089765
"single_latent_conus_model","2A","single-latent cGAN","MSASample","CONUS Model",0.001,15,3,7,1433,980.938925444082,1206543.83497284,2945014.12282404,2134348.23311658,4063586.27381465,-0.387544276893989,872.297067332883,2967360.04739782,2344903.53803191,1701992.88215146,3230667.21390981,0.102245263132542,"/Users/9oy/Documents/Projects/IM3/EvaluationP/Script/Revision/5_UrbanScaling/data/model_evaldfs/single_latent_conus_model/Evaldf_0.001.csv",2.86312661823367,3.06913108089765
"single_latent_conus_model","2A","single-latent cGAN","MSASample","CONUS Model",0.001,16,3,8,487,873.319023563667,1702970.94334941,2350239.63200383,1705840.30187296,3238067.66775102,-0.139904907534549,774.987524175917,1375231.96846462,1863808.60891756,1354858.58947204,2563944.7228429,-0.132025354055256,"/Users/9oy/Documents/Projects/IM3/EvaluationP/Script/Revision/5_UrbanScaling/data/model_evaldfs/single_latent_conus_model/Evaldf_0.001.csv",2.86312661823367,3.06913108089765
"single_latent_conus_model","2A","single-latent cGAN","MSASample","CONUS Model",0.001,17,3,9,431,812.061927368157,1284335.44066575,2040792.15057938,1482622.98037945,2809097.56356302,-0.201120308312169,610.900175449458,638713.709103656,1174405.84728948,856324.110665345,1610639.09910945,-0.264511967114479,"/Users/9oy/Documents/Projects/IM3/EvaluationP/Script/Revision/5_UrbanScaling/data/model_evaldfs/single_latent_conus_model/Evaldf_0.001.csv",2.86312661823367,3.06913108089765
"single_latent_conus_model","2A","single-latent cGAN","MSASample","CONUS Model",0.001,18,3,10,15,1126.02743834827,1746118.41271825,3849323.95743697,2784792.18246001,5320790.19132016,-0.34331077069476,258.818089714603,85810.7424537562,221698.646556791,163445.99164498,300712.727124395,-0.412221382206662,"/Users/9oy/Documents/Projects/IM3/EvaluationP/Script/Revision/5_UrbanScaling/data/model_evaldfs/single_latent_conus_model/Evaldf_0.001.csv",2.86312661823367,3.06913108089765
"single_latent_conus_model","2A","single-latent cGAN","MSASample","CONUS Model",0.001,19,4,1,473,392.595617318438,549876.898964938,497784.876022719,365029.888636409,678820.53089567,0.0432237772996675,212.961918125678,245472.609263059,151827.239056222,112214.478096018,205423.675363093,0.208653344432248,"/Users/9oy/Documents/Projects/IM3/EvaluationP/Script/Revision/5_UrbanScaling/data/model_evaldfs/single_latent_conus_model/Evaldf_0.001.csv",2.86312661823367,3.06913108089765
"single_latent_conus_model","2A","single-latent cGAN","MSASample","CONUS Model",0.001,20,4,2,320,82.695050714116,80394.2640874186,24200.4122960806,18105.0367985471,32347.9019577187,0.521402299116304,327.102391751645,530926.127937993,349278.150543033,256729.838541717,475189.121528382,0.181862679622629,"/Users/9oy/Documents/Projects/IM3/EvaluationP/Script/Revision/5_UrbanScaling/data/model_evaldfs/single_latent_conus_model/Evaldf_0.001.csv",2.86312661823367,3.06913108089765
"single_latent_conus_model","2A","single-latent cGAN","MSASample","CONUS Model",0.001,21,4,3,205,223.791027024172,250055.527895278,167173.160882001,123477.844677702,226331.013407511,0.174869905690046,206.671442565237,238371.35404411,143242.265694176,105910.167704249,193733.492505626,0.221182881725673,"/Users/9oy/Documents/Projects/IM3/EvaluationP/Script/Revision/5_UrbanScaling/data/model_evaldfs/single_latent_conus_model/Evaldf_0.001.csv",2.86312661823367,3.06913108089765
"single_latent_conus_model","2A","single-latent cGAN","MSASample","CONUS Model",0.001,22,4,4,152,421.620127292111,509043.867559906,571708.946427845,418855.091353363,780344.148066933,-0.0504197784777388,635.537942798549,629591.243380593,1268097.39493246,924170.273477401,1740015.93557404,-0.304093931330306,"/Users/9oy/Documents/Projects/IM3/EvaluationP/Script/Revision/5_UrbanScaling/data/model_evaldfs/single_latent_conus_model/Evaldf_0.001.csv",2.86312661823367,3.06913108089765
"single_latent_conus_model","2A","single-latent cGAN","MSASample","CONUS Model",0.001,23,4,5,951,700.675337235765,931000.51130901,1532553.33708752,1115502.70241318,2105525.80996627,-0.216465678602949,653.161070196998,1517233.25313809,1337250.79172562,974225.858165118,1835549.39030137,0.0548394888559319,"/Users/9oy/Documents/Projects/IM3/EvaluationP/Script/Revision/5_UrbanScaling/data/model_evaldfs/single_latent_conus_model/Evaldf_0.001.csv",2.86312661823367,3.06913108089765
"single_latent_conus_model","2A","single-latent cGAN","MSASample","CONUS Model",0.001,24,4,6,1767,850.363944512151,1074376.51464139,2231799.11640318,1620428.71594895,3073833.02144279,-0.31749859500924,909.228821760083,3567706.25197583,2541471.90571006,1843685.02842345,3503352.98488417,0.147303776199519,"/Users/9oy/Documents/Projects/IM3/EvaluationP/Script/Revision/5_UrbanScaling/data/model_evaldfs/single_latent_conus_model/Evaldf_0.001.csv",2.86312661823367,3.06913108089765
"single_latent_conus_model","2A","single-latent cGAN","MSASample","CONUS Model",0.001,25,4,7,1023,811.945498873375,1283939.91684104,2040224.17350123,1482213.07863294,2808310.58512715,-0.201133187982366,1820.67345309369,10780574.6070688,9783620.28431818,7034401.66373083,13607301.7213742,0.0421423206693129,"/Users/9oy/Documents/Projects/IM3/EvaluationP/Script/Revision/5_UrbanScaling/data/model_evaldfs/single_latent_conus_model/Evaldf_0.001.csv",2.86312661823367,3.06913108089765
"single_latent_conus_model","2A","single-latent cGAN","MSASample","CONUS Model",0.001,26,4,8,713,881.979481306483,1061648.26763126,2395695.83368249,1738612.71056107,3301113.86662501,-0.35345102218018,1421.17684778826,5989638.3714483,6048498.67269786,4362718.5142456,8385674.22449303,-0.0042469873294891,"/Users/9oy/Documents/Projects/IM3/EvaluationP/Script/Revision/5_UrbanScaling/data/model_evaldfs/single_latent_conus_model/Evaldf_0.001.csv",2.86312661823367,3.06913108089765
"single_latent_conus_model","2A","single-latent cGAN","MSASample","CONUS Model",0.001,27,4,9,855,880.776254577182,1071015.23430789,2389355.19612492,1734041.57063666,3292319.14039586,-0.348485067425504,879.806135614649,2591752.48512071,2384248.89851585,1730360.24197177,3285236.60691389,0.0362419329645811,"/Users/9oy/Documents/Projects/IM3/EvaluationP/Script/Revision/5_UrbanScaling/data/model_evaldfs/single_latent_conus_model/Evaldf_0.001.csv",2.86312661823367,3.06913108089765
"single_latent_conus_model","2A","single-latent cGAN","MSASample","CONUS Model",0.001,28,4,10,784,910.638021271016,1108371.17746068,2549124.21439355,1849199.52893811,3513971.40152798,-0.361705774715397,758.082984722014,1172112.03772333,1785696.62233466,1298444.44217099,2455794.27463673,-0.182838550931053,"/Users/9oy/Documents/Projects/IM3/EvaluationP/Script/Revision/5_UrbanScaling/data/model_evaldfs/single_latent_conus_model/Evaldf_0.001.csv",2.86312661823367,3.06913108089765
"single_latent_conus_model","2A","single-latent cGAN","MSASample","CONUS Model",0.001,29,4,11,184,910.877833003476,646577.44502035,2550427.56325539,1850138.75324966,3515779.96190163,-0.595992442531301,512.875978477372,356728.374502348,836299.123907189,611163.442319268,1144368.55384189,-0.370023986931484,"/Users/9oy/Documents/Projects/IM3/EvaluationP/Script/Revision/5_UrbanScaling/data/model_evaldfs/single_latent_conus_model/Evaldf_0.001.csv",2.86312661823367,3.06913108089765
"single_latent_conus_model","2A","single-latent cGAN","MSASample","CONUS Model",0.001,30,5,4,126,578.903298321891,1065539.82941337,1057940.84411608,771936.345896776,1449910.78033616,0.00310830374997388,640.13877311343,1627828.24099768,1285979.37177063,937115.550609631,1764716.14791128,0.102374576551417,"/Users/9oy/Documents/Projects/IM3/EvaluationP/Script/Revision/5_UrbanScaling/data/model_evaldfs/single_latent_conus_model/Evaldf_0.001.csv",2.86312661823367,3.06913108089765
"single_latent_conus_model","2A","single-latent cGAN","MSASample","CONUS Model",0.001,31,5,5,844,880.914568262299,967581.300805239,2390083.65254418,1734566.7389724,3293329.53169803,-0.392725634729185,1317.30296865282,3739732.93605641,5219847.22637173,3768693.62502469,7229774.4995077,-0.144817203106626,"/Users/9oy/Documents/Projects/IM3/EvaluationP/Script/Revision/5_UrbanScaling/data/model_evaldfs/single_latent_conus_model/Evaldf_0.001.csv",2.86312661823367,3.06913108089765
"single_latent_conus_model","2A","single-latent cGAN","MSASample","CONUS Model",0.001,32,5,6,829,988.796922698015,1195620.50313318,2990984.97332292,2167442.64968985,4127440.74770497,-0.398220877203155,2222.15039587044,14548170.1666346,14404620.708431,10330413.032276,20085653.6041179,0.00430654500264713,"/Users/9oy/Documents/Projects/IM3/EvaluationP/Script/Revision/5_UrbanScaling/data/model_evaldfs/single_latent_conus_model/Evaldf_0.001.csv",2.86312661823367,3.06913108089765
"single_latent_conus_model","2A","single-latent cGAN","MSASample","CONUS Model",0.001,33,5,7,705,922.435449984209,896989.467960281,2613624.71739466,1895676.35151624,3603481.23661119,-0.464455884880133,1887.66308965929,5185850.92273785,10494534.7539303,7542046.02670868,14602835.7970011,-0.30614316212242,"/Users/9oy/Documents/Projects/IM3/EvaluationP/Script/Revision/5_UrbanScaling/data/model_evaldfs/single_latent_conus_model/Evaldf_0.001.csv",2.86312661823367,3.06913108089765
"single_latent_conus_model","2A","single-latent cGAN","MSASample","CONUS Model",0.001,34,5,8,1213,800.453293421857,1012241.70156275,1984538.68154408,1442021.87599577,2731160.90962566,-0.292375343281869,2444.8747159892,39575884.8140339,17339350.2093309,12419833.7359809,24207495.2107302,0.358397815043498,"/Users/9oy/Documents/Projects/IM3/EvaluationP/Script/Revision/5_UrbanScaling/data/model_evaldfs/single_latent_conus_model/Evaldf_0.001.csv",2.86312661823367,3.06913108089765
"single_latent_conus_model","2A","single-latent cGAN","MSASample","CONUS Model",0.001,35,5,9,967,872.348219805468,892723.230857859,2345170.48832021,1702185.35948593,3231037.43586954,-0.419457584042024,1132.46179488706,1900084.45796615,3892139.16971136,2815560.73839382,5380366.01726563,-0.311415455181887,"/Users/9oy/Documents/Projects/IM3/EvaluationP/Script/Revision/5_UrbanScaling/data/model_evaldfs/single_latent_conus_model/Evaldf_0.001.csv",2.86312661823367,3.06913108089765
"single_latent_conus_model","2A","single-latent cGAN","MSASample","CONUS Model",0.001,36,5,10,1355,988.868212886914,698018.587673426,2991403.61535938,2167744.0145592,4128022.28025287,-0.632008026510852,1023.95525762421,1215529.80873862,3200893.1335787,2318513.52767522,4419088.66620445,-0.420505561219109,"/Users/9oy/Documents/Projects/IM3/EvaluationP/Script/Revision/5_UrbanScaling/data/model_evaldfs/single_latent_conus_model/Evaldf_0.001.csv",2.86312661823367,3.06913108089765
"single_latent_conus_model","2A","single-latent cGAN","MSASample","CONUS Model",0.001,37,5,11,3149,724.592178347296,1191895.56128901,1635736.95693741,1190093.93007514,2248255.64157103,-0.137475263568803,527.458914235081,2451388.1358492,883078.62220764,645117.288597722,1208815.61660708,0.443412708500555,"/Users/9oy/Documents/Projects/IM3/EvaluationP/Script/Revision/5_UrbanScaling/data/model_evaldfs/single_latent_conus_model/Evaldf_0.001.csv",2.86312661823367,3.06913108089765
"single_latent_conus_model","2A","single-latent cGAN","MSASample","CONUS Model",0.001,38,5,12,2408,632.009911337223,670772.812646376,1254467.31186722,914302.254067338,1721190.37172086,-0.271883897488964,629.473575385321,1272769.37688923,1244712.64764082,907239.557048012,1707718.27921415,0.00968061506597652,"/Users/9oy/Documents/Projects/IM3/EvaluationP/Script/Revision/5_UrbanScaling/data/model_evaldfs/single_latent_conus_model/Evaldf_0.001.csv",2.86312661823367,3.06913108089765
"single_latent_conus_model","2A","single-latent cGAN","MSASample","CONUS Model",0.001,39,5,13,627,859.153033714874,1007970.05578676,2276797.03264088,1652881.7317718,3136222.4097459,-0.353876686200295,529.765267232991,245348.627639153,890590.0150762,650568.138290938,1219166.03084353,-0.559894188602199,"/Users/9oy/Documents/Projects/IM3/EvaluationP/Script/Revision/5_UrbanScaling/data/model_evaldfs/single_latent_conus_model/Evaldf_0.001.csv",2.86312661823367,3.06913108089765
"single_latent_conus_model","2A","single-latent cGAN","MSASample","CONUS Model",0.001,40,5,14,372,488.626707577661,587446.797145714,761248.109081376,556662.764646693,1041022.89641696,-0.112557686565594,389.763262602793,376776.019954145,490836.908872074,359968.365309771,669283.454682939,-0.114853958230867,"/Users/9oy/Documents/Projects/IM3/EvaluationP/Script/Revision/5_UrbanScaling/data/model_evaldfs/single_latent_conus_model/Evaldf_0.001.csv",2.86312661823367,3.06913108089765
"single_latent_conus_model","2A","single-latent cGAN","MSASample","CONUS Model",0.001,41,5,15,221,564.014542251034,669628.615973021,1005759.73744388,734107.589099543,1377935.14804002,-0.176660241400325,464.215407895675,439048.294986287,689156.084555248,504277.351466182,941815.267924777,-0.195805299948753,"/Users/9oy/Documents/Projects/IM3/EvaluationP/Script/Revision/5_UrbanScaling/data/model_evaldfs/single_latent_conus_model/Evaldf_0.001.csv",2.86312661823367,3.06913108089765
"single_latent_conus_model","2A","single-latent cGAN","MSASample","CONUS Model",0.001,42,5,16,74,267.140792077151,187348.893279607,235747.584183559,173732.835201257,319898.788182456,-0.0997961190693571,512.885626498752,173133.206799764,836329.664860772,611185.613808974,1144410.62178657,-0.683997128440116,"/Users/9oy/Documents/Projects/IM3/EvaluationP/Script/Revision/5_UrbanScaling/data/model_evaldfs/single_latent_conus_model/Evaldf_0.001.csv",2.86312661823367,3.06913108089765
"single_latent_conus_model","2A","single-latent cGAN","MSASample","CONUS Model",0.001,43,6,5,1020,979.366355247192,1655872.42750092,2935855.73881778,2127754.705538,4050865.87129411,-0.248707836919964,1038.68675336805,18703882.5606851,3290896.38093141,2383268.5140759,4544179.10783618,0.754617558883984,"/Users/9oy/Documents/Projects/IM3/EvaluationP/Script/Revision/5_UrbanScaling/data/model_evaldfs/single_latent_conus_model/Evaldf_0.001.csv",2.86312661823367,3.06913108089765
"single_latent_conus_model","2A","single-latent cGAN","MSASample","CONUS Model",0.001,44,6,6,1894,894.113957561347,1035240.44879002,2460096.11977759,1785036.14771513,3390448.38183894,-0.375910843637266,1669.87340621542,9407703.01028866,8271931.05964477,5954109.68112573,11492036.1095161,0.0558766925558535,"/Users/9oy/Documents/Projects/IM3/EvaluationP/Script/Revision/5_UrbanScaling/data/model_evaldfs/single_latent_conus_model/Evaldf_0.001.csv",2.86312661823367,3.06913108089765
"single_latent_conus_model","2A","single-latent cGAN","MSASample","CONUS Model",0.001,45,6,7,794,896.976067267173,836408.791626816,2475406.65756982,1796071.67447528,3411689.08091108,-0.471227965527224,910.179821480569,2772965.39190108,2546634.8501144,1847405.62476457,3510517.11269078,0.0369777713802011,"/Users/9oy/Documents/Projects/IM3/EvaluationP/Script/Revision/5_UrbanScaling/data/model_evaldfs/single_latent_conus_model/Evaldf_0.001.csv",2.86312661823367,3.06913108089765
"single_latent_conus_model","2A","single-latent cGAN","MSASample","CONUS Model",0.001,46,6,8,842,854.104667874261,756866.92459462,2250897.43799671,1634203.16946361,3100311.74278236,-0.473336180050994,1504.48706738476,6679005.85108356,6755785.34507676,4869312.30077867,9373117.35405745,-0.00496401813919723,"/Users/9oy/Documents/Projects/IM3/EvaluationP/Script/Revision/5_UrbanScaling/data/model_evaldfs/single_latent_conus_model/Evaldf_0.001.csv",2.86312661823367,3.06913108089765
"single_latent_conus_model","2A","single-latent cGAN","MSASample","CONUS Model",0.001,47,6,9,1391,718.066100429731,907733.836161535,1607258.3911576,1169510.03026858,2208856.24670808,-0.248127177542398,727.689718266758,2253482.5107051,1649338.894412,1199924.37648653,2267075.19400974,0.13554429130599,"/Users/9oy/Documents/Projects/IM3/EvaluationP/Script/Revision/5_UrbanScaling/data/model_evaldfs/single_latent_conus_model/Evaldf_0.001.csv",2.86312661823367,3.06913108089765
"single_latent_conus_model","2A","single-latent cGAN","MSASample","CONUS Model",0.001,48,6,10,2337,734.460070763199,966089.679950086,1679259.01676209,1221546.48476582,2308476.08383678,-0.240100246041437,432.907072112222,1157303.49963683,601794.369339094,440747.180968937,821687.531096796,0.283999146446125,"/Users/9oy/Documents/Projects/IM3/EvaluationP/Script/Revision/5_UrbanScaling/data/model_evaldfs/single_latent_conus_model/Evaldf_0.001.csv",2.86312661823367,3.06913108089765
"single_latent_conus_model","2A","single-latent cGAN","MSASample","CONUS Model",0.001,49,6,11,1784,1036.06781780784,1799333.83313805,3274807.34828281,2371693.7447596,4521816.18814119,-0.260074010088655,790.747009849885,1867973.02927979,1938089.13062028,1408491.04585597,2666818.14504952,-0.0160031445265159,"/Users/9oy/Documents/Projects/IM3/EvaluationP/Script/Revision/5_UrbanScaling/data/model_evaldfs/single_latent_conus_model/Evaldf_0.001.csv",2.86312661823367,3.06913108089765
"single_latent_conus_model","2A","single-latent cGAN","MSASample","CONUS Model",0.001,50,6,12,1799,807.311928729226,712995.844460328,2017682.3106133,1465944.29443509,2777078.17549141,-0.451765787805996,697.966707392815,606519.087996735,1521073.15705145,1107201.68880575,2089649.58461906,-0.399305628977548,"/Users/9oy/Documents/Projects/IM3/EvaluationP/Script/Revision/5_UrbanScaling/data/model_evaldfs/single_latent_conus_model/Evaldf_0.001.csv",2.86312661823367,3.06913108089765
"single_latent_conus_model","2A","single-latent cGAN","MSASample","CONUS Model",0.001,51,6,13,2220,1058.62253375095,1776523.7220471,3414621.5582843,2472266.48449238,4716174.59502711,-0.283771566898833,826.698205302608,3231376.39946596,2112803.12238609,1534586.32726044,2908886.22859913,0.184528518743143,"/Users/9oy/Documents/Projects/IM3/EvaluationP/Script/Revision/5_UrbanScaling/data/model_evaldfs/single_latent_conus_model/Evaldf_0.001.csv",2.86312661823367,3.06913108089765
"single_latent_conus_model","2A","single-latent cGAN","MSASample","CONUS Model",0.001,52,6,14,2343,909.077389656538,798937.749123791,2540650.25499488,1843092.9138839,3502212.86706774,-0.502431942656587,614.676786264456,1032449.41655927,1188541.08163993,866562.281267088,1630153.92347827,-0.0611454144209842,"/Users/9oy/Documents/Projects/IM3/EvaluationP/Script/Revision/5_UrbanScaling/data/model_evaldfs/single_latent_conus_model/Evaldf_0.001.csv",2.86312661823367,3.06913108089765
"single_latent_conus_model","2A","single-latent cGAN","MSASample","CONUS Model",0.001,53,6,15,2667,971.75588198243,1396602.58480136,2891729.0947259,2095984.05834259,3989580.51422233,-0.316084763117302,625.389577303888,895042.157953957,1229083.3305036,895922.653737882,1686134.20703145,-0.137737836794611,"/Users/9oy/Documents/Projects/IM3/EvaluationP/Script/Revision/5_UrbanScaling/data/model_evaldfs/single_latent_conus_model/Evaldf_0.001.csv",2.86312661823367,3.06913108089765
"single_latent_conus_model","2A","single-latent cGAN","MSASample","CONUS Model",0.001,54,6,16,2060,936.075240560829,1749866.02359173,2689171.71584468,1950103.25742906,3708339.28395821,-0.186613736067298,681.054275436625,803461.307266405,1450339.02710266,1056046.44676685,1991847.32828467,-0.256504566496438,"/Users/9oy/Documents/Projects/IM3/EvaluationP/Script/Revision/5_UrbanScaling/data/model_evaldfs/single_latent_conus_model/Evaldf_0.001.csv",2.86312661823367,3.06913108089765
"single_latent_conus_model","2A","single-latent cGAN","MSASample","CONUS Model",0.001,55,7,5,256,1030.87167763974,836855.789561488,3242998.8467042,2348808.9683914,4477606.16604228,-0.588296169200545,832.259801957495,1396697.43707579,2140483.72060941,1554557.5948064,2947250.44186252,-0.185409592946458,"/Users/9oy/Documents/Projects/IM3/EvaluationP/Script/Revision/5_UrbanScaling/data/model_evaldfs/single_latent_conus_model/Evaldf_0.001.csv",2.86312661823367,3.06913108089765
"single_latent_conus_model","2A","single-latent cGAN","MSASample","CONUS Model",0.001,56,7,6,1440,974.305341575818,1143843.92575692,2906475.14338212,2106601.38857743,4010059.90260108,-0.404999842900394,1298.05081345611,6011821.84378054,5072770.40408238,3663197.92461287,7024736.33751409,0.0737608956917206,"/Users/9oy/Documents/Projects/IM3/EvaluationP/Script/Revision/5_UrbanScaling/data/model_evaldfs/single_latent_conus_model/Evaldf_0.001.csv",2.86312661823367,3.06913108089765
"single_latent_conus_model","2A","single-latent cGAN","MSASample","CONUS Model",0.001,57,7,7,1468,1024.89942439886,1023149.1270308,3206625.29673378,2322638.0251149,4427054.78962628,-0.496109276311403,1181.37426202109,6830594.79169797,4225111.45029169,3054772.02534888,5843829.46395065,0.208620353355097,"/Users/9oy/Documents/Projects/IM3/EvaluationP/Script/Revision/5_UrbanScaling/data/model_evaldfs/single_latent_conus_model/Evaldf_0.001.csv",2.86312661823367,3.06913108089765
"single_latent_conus_model","2A","single-latent cGAN","MSASample","CONUS Model",0.001,58,7,8,1181,874.657043491311,1201237.94270766,2357234.92732212,1710883.94806769,3247769.38194026,-0.292773825927962,1050.11801577532,7428508.19374722,3361570.14880052,2434108.21426945,4642420.4967807,0.34435942824005,"/Users/9oy/Documents/Projects/IM3/EvaluationP/Script/Revision/5_UrbanScaling/data/model_evaldfs/single_latent_conus_model/Evaldf_0.001.csv",2.86312661823367,3.06913108089765
"single_latent_conus_model","2A","single-latent cGAN","MSASample","CONUS Model",0.001,59,7,9,1236,912.0477748135,1061105.58519895,2556790.69295902,1854724.13088015,3524609.6919544,-0.381936576272056,1201.43129069522,7251579.66513516,4365478.04666436,3155575.10387965,6039279.03743383,0.220400813890621,"/Users/9oy/Documents/Projects/IM3/EvaluationP/Script/Revision/5_UrbanScaling/data/model_evaldfs/single_latent_conus_model/Evaldf_0.001.csv",2.86312661823367,3.06913108089765
"single_latent_conus_model","2A","single-latent cGAN","MSASample","CONUS Model",0.001,60,7,10,1155,993.990139982666,1356292.11981784,3021555.78068296,2189448.70816811,4169907.84105532,-0.347877377661446,1109.84690137856,4906835.70819768,3742671.2992855,2708137.83234758,5172406.03014391,0.11761983027071,"/Users/9oy/Documents/Projects/IM3/EvaluationP/Script/Revision/5_UrbanScaling/data/model_evaldfs/single_latent_conus_model/Evaldf_0.001.csv",2.86312661823367,3.06913108089765
"single_latent_conus_model","2A","single-latent cGAN","MSASample","CONUS Model",0.001,61,7,11,1226,940.563168105283,1170619.77914209,2714257.26420644,1968173.58048588,3743161.96972764,-0.365235151000452,655.994553274368,1453492.31057747,1348535.49462251,982392.460978863,1851142.03588733,0.0325503566144324,"/Users/9oy/Documents/Projects/IM3/EvaluationP/Script/Revision/5_UrbanScaling/data/model_evaldfs/single_latent_conus_model/Evaldf_0.001.csv",2.86312661823367,3.06913108089765
"single_latent_conus_model","2A","single-latent cGAN","MSASample","CONUS Model",0.001,62,7,12,2081,701.979461500564,860374.960822108,1538095.62656312,1119510.03742922,2113190.66141214,-0.252295574498604,792.044902540006,2553495.8108499,1944269.31642137,1412952.67950271,2675378.46781116,0.118378727320311,"/Users/9oy/Documents/Projects/IM3/EvaluationP/Script/Revision/5_UrbanScaling/data/model_evaldfs/single_latent_conus_model/Evaldf_0.001.csv",2.86312661823367,3.06913108089765
"single_latent_conus_model","2A","single-latent cGAN","MSASample","CONUS Model",0.001,63,7,13,2157,635.154535736074,1020143.98620608,1266612.69354813,923095.401381445,1737965.23420693,-0.0939823623358402,255.966596164736,439550.930781802,216981.561305101,159991.116490936,294272.575746833,0.30658637417387,"/Users/9oy/Documents/Projects/IM3/EvaluationP/Script/Revision/5_UrbanScaling/data/model_evaldfs/single_latent_conus_model/Evaldf_0.001.csv",2.86312661823367,3.06913108089765
"single_latent_conus_model","2A","single-latent cGAN","MSASample","CONUS Model",0.001,64,7,14,2805,1103.51001334397,1545947.8798655,3701298.29154543,2678397.98584903,5114851.9060189,-0.379159238745776,724.231158505416,1545285.25060957,1634155.1981685,1188950.72005517,2246067.19745057,-0.0242846403733731,"/Users/9oy/Documents/Projects/IM3/EvaluationP/Script/Revision/5_UrbanScaling/data/model_evaldfs/single_latent_conus_model/Evaldf_0.001.csv",2.86312661823367,3.06913108089765
"single_latent_conus_model","2A","single-latent cGAN","MSASample","CONUS Model",0.001,65,7,15,3917,1175.6458905211,2439057.01772073,4185430.62397363,3026271.59039671,5788584.72705682,-0.234518194718607,1155.25252711303,4779601.99271333,4045638.63135385,2925852.75204905,5593990.30728401,0.0724046458491493,"/Users/9oy/Documents/Projects/IM3/EvaluationP/Script/Revision/5_UrbanScaling/data/model_evaldfs/single_latent_conus_model/Evaldf_0.001.csv",2.86312661823367,3.06913108089765
"single_latent_conus_model","2A","single-latent cGAN","MSASample","CONUS Model",0.001,66,7,16,3141,881.778426786761,1568149.64073832,2394635.77075503,1737848.48763385,3299643.50481844,-0.183851962757014,1229.96104597647,7213943.35294946,4568969.7683616,3301673.04796849,6322698.95925853,0.198354443268808,"/Users/9oy/Documents/Projects/IM3/EvaluationP/Script/Revision/5_UrbanScaling/data/model_evaldfs/single_latent_conus_model/Evaldf_0.001.csv",2.86312661823367,3.06913108089765
"single_latent_conus_model","2A","single-latent cGAN","MSASample","CONUS Model",0.001,67,8,5,180,543.431007731941,670723.048916804,935729.542363652,683318.564342284,1281378.5870063,-0.14460711019581,1244.22591636228,1770535.18860355,4672400.49397937,3375915.04981642,6466787.83499777,-0.421435498583696,"/Users/9oy/Documents/Projects/IM3/EvaluationP/Script/Revision/5_UrbanScaling/data/model_evaldfs/single_latent_conus_model/Evaldf_0.001.csv",2.86312661823367,3.06913108089765
"single_latent_conus_model","2A","single-latent cGAN","MSASample","CONUS Model",0.001,68,8,6,1595,868.981769160109,1123304.55769061,2327633.36189623,1689540.37668822,3206716.53792157,-0.316417052303409,1195.48231173973,5477007.77771436,4323612.85040426,3125512.24516207,5980980.59257855,0.102696558697917,"/Users/9oy/Documents/Projects/IM3/EvaluationP/Script/Revision/5_UrbanScaling/data/model_evaldfs/single_latent_conus_model/Evaldf_0.001.csv",2.86312661823367,3.06913108089765
"single_latent_conus_model","2A","single-latent cGAN","MSASample","CONUS Model",0.001,69,8,7,2014,810.448649547979,837724.686730941,2032928.87092045,1476948.0854507,2798202.47910796,-0.385020869839684,928.312433080921,7649795.89366982,2646047.70595034,1919036.35277941,3648481.41205059,0.461052177900682,"/Users/9oy/Documents/Projects/IM3/EvaluationP/Script/Revision/5_UrbanScaling/data/model_evaldfs/single_latent_conus_model/Evaldf_0.001.csv",2.86312661823367,3.06913108089765
"single_latent_conus_model","2A","single-latent cGAN","MSASample","CONUS Model",0.001,70,8,8,1604,910.120292872806,1044436.36312925,2546311.52232032,1847172.62503726,3510068.45858297,-0.387029551450892,946.876299027523,10406212.2773141,2749736.04161591,1993728.76030616,3792415.72329049,0.57800167473335,"/Users/9oy/Documents/Projects/IM3/EvaluationP/Script/Revision/5_UrbanScaling/data/model_evaldfs/single_latent_conus_model/Evaldf_0.001.csv",2.86312661823367,3.06913108089765
"single_latent_conus_model","2A","single-latent cGAN","MSASample","CONUS Model",0.001,71,8,9,1141,1021.33750218016,1081196.21570944,3185026.39804388,2307096.58594784,4397038.77940102,-0.469208519236312,844.450768536356,3342836.78021573,2201770.28594474,1598769.17359882,3032202.81709387,0.181343165538517,"/Users/9oy/Documents/Projects/IM3/EvaluationP/Script/Revision/5_UrbanScaling/data/model_evaldfs/single_latent_conus_model/Evaldf_0.001.csv",2.86312661823367,3.06913108089765
"single_latent_conus_model","2A","single-latent cGAN","MSASample","CONUS Model",0.001,72,8,10,1749,1229.55141118239,1387160.90755119,4566016.20091611,3299552.83147251,6318584.6724946,-0.517410606919191,1909.30696942455,8171242.01270831,10729390.8508537,7709699.48477834,14931817.8040103,-0.118286992626641,"/Users/9oy/Documents/Projects/IM3/EvaluationP/Script/Revision/5_UrbanScaling/data/model_evaldfs/single_latent_conus_model/Evaldf_0.001.csv",2.86312661823367,3.06913108089765
"single_latent_conus_model","2A","single-latent cGAN","MSASample","CONUS Model",0.001,73,8,11,1656,951.517752074039,1284176.46552295,2775962.73962251,2012618.31103823,3828827.89523927,-0.334788925951683,978.77751534797,1770610.36496054,2932429.99363894,2125288.32441319,4046107.80044048,-0.21910465072734,"/Users/9oy/Documents/Projects/IM3/EvaluationP/Script/Revision/5_UrbanScaling/data/model_evaldfs/single_latent_conus_model/Evaldf_0.001.csv",2.86312661823367,3.06913108089765
"single_latent_conus_model","2A","single-latent cGAN","MSASample","CONUS Model",0.001,74,8,12,1418,821.08259680486,1539553.74133763,2085030.99115495,1514547.2794275,2870398.49671771,-0.131717661096175,936.440919742935,1880688.50229895,2691211.47580185,1951572.63583312,3711170.71150967,-0.155630956548689,"/Users/9oy/Documents/Projects/IM3/EvaluationP/Script/Revision/5_UrbanScaling/data/model_evaldfs/single_latent_conus_model/Evaldf_0.001.csv",2.86312661823367,3.06913108089765
"single_latent_conus_model","2A","single-latent cGAN","MSASample","CONUS Model",0.001,75,8,13,180,318.281893212492,408904.416782538,331226.286396142,243546.689150745,450471.542776231,0.0914970061578901,592.693337638552,538871.484006976,1107411.96381441,807789.080407869,1518170.13542704,-0.312824008842993,"/Users/9oy/Documents/Projects/IM3/EvaluationP/Script/Revision/5_UrbanScaling/data/model_evaldfs/single_latent_conus_model/Evaldf_0.001.csv",2.86312661823367,3.06913108089765
"single_latent_conus_model","2A","single-latent cGAN","MSASample","CONUS Model",0.001,76,8,14,4417,854.52575874903,1213987.85750278,2253052.2650002,1635757.26596666,3103299.37970517,-0.268556923472942,1216.17159755223,4068648.38380041,4470053.69319648,3230661.23518302,6184919.60792899,-0.0408625804419245,"/Users/9oy/Documents/Projects/IM3/EvaluationP/Script/Revision/5_UrbanScaling/data/model_evaldfs/single_latent_conus_model/Evaldf_0.001.csv",2.86312661823367,3.06913108089765
"single_latent_conus_model","2A","single-latent cGAN","MSASample","CONUS Model",0.001,77,8,15,2931,355.013051461831,469782.537959704,409453.870782246,300644.384629957,557643.784050436,0.0596918887266599,788.600225938371,809308.014211478,1927887.71544455,1401126.17812614,2652688.31700281,-0.376967894971413,"/Users/9oy/Documents/Projects/IM3/EvaluationP/Script/Revision/5_UrbanScaling/data/model_evaldfs/single_latent_conus_model/Evaldf_0.001.csv",2.86312661823367,3.06913108089765
"single_latent_conus_model","2A","single-latent cGAN","MSASample","CONUS Model",0.001,78,8,16,35,537.854085006643,587994.11572506,917177.632740215,669859.750529098,1255807.36763853,-0.19308047507226,305.374695354039,236294.989904333,305648.663041884,224859.319892721,415464.679266407,-0.111767986946383,"/Users/9oy/Documents/Projects/IM3/EvaluationP/Script/Revision/5_UrbanScaling/data/model_evaldfs/single_latent_conus_model/Evaldf_0.001.csv",2.86312661823367,3.06913108089765
"single_latent_conus_model","2A","single-latent cGAN","MSASample","CONUS Model",0.001,79,9,5,861,686.702382887615,947514.671150655,1473779.88570532,1073000.77196578,2024254.97563282,-0.191846681701264,522.963589678479,1610113.25376242,868526.80653533,634556.48632796,1188765.42896229,0.26807319773064,"/Users/9oy/Documents/Projects/IM3/EvaluationP/Script/Revision/5_UrbanScaling/data/model_evaldfs/single_latent_conus_model/Evaldf_0.001.csv",2.86312661823367,3.06913108089765
"single_latent_conus_model","2A","single-latent cGAN","MSASample","CONUS Model",0.001,80,9,6,1697,835.679912704572,1172065.21716723,2157592.6751501,1566900.67392082,2970964.41997996,-0.265017681272337,787.79014517315,3831196.41517572,1924045.0343419,1398351.90426909,2647366.0048475,0.299119184718498,"/Users/9oy/Documents/Projects/IM3/EvaluationP/Script/Revision/5_UrbanScaling/data/model_evaldfs/single_latent_conus_model/Evaldf_0.001.csv",2.86312661823367,3.06913108089765
"single_latent_conus_model","2A","single-latent cGAN","MSASample","CONUS Model",0.001,81,9,7,2248,786.137152993719,1140545.45413394,1916215.47027571,1392699.13459713,2636521.87131295,-0.225331744168425,597.335393158405,4586798.08781329,1124311.64063128,820034.169707593,1541492.67427448,0.610622915600731,"/Users/9oy/Documents/Projects/IM3/EvaluationP/Script/Revision/5_UrbanScaling/data/model_evaldfs/single_latent_conus_model/Evaldf_0.001.csv",2.86312661823367,3.06913108089765
"single_latent_conus_model","2A","single-latent cGAN","MSASample","CONUS Model",0.001,82,9,8,1464,849.887535948273,934769.85348045,2229372.46998121,1618678.46830662,3070468.72323545,-0.377477935960715,1163.00822556604,7105420.11457003,4098530.89560854,2963850.28846924,5667612.6886738,0.238961547847324,"/Users/9oy/Documents/Projects/IM3/EvaluationP/Script/Revision/5_UrbanScaling/data/model_evaldfs/single_latent_conus_model/Evaldf_0.001.csv",2.86312661823367,3.06913108089765
"single_latent_conus_model","2A","single-latent cGAN","MSASample","CONUS Model",0.001,83,9,9,1423,833.741573499699,1219871.82027439,2147888.10947376,1559899.49475026,2957513.19001316,-0.245697454818536,767.090833342516,1898132.83409414,1827118.00996751,1328361.84368034,2513140.70652499,0.0165600032268059,"/Users/9oy/Documents/Projects/IM3/EvaluationP/Script/Revision/5_UrbanScaling/data/model_evaldfs/single_latent_conus_model/Evaldf_0.001.csv",2.86312661823367,3.06913108089765
"single_latent_conus_model","2A","single-latent cGAN","MSASample","CONUS Model",0.001,84,9,10,1692,1183.96797253567,1301727.71366459,4243137.96979118,3067718.84217915,5868927.61590055,-0.513167002469775,957.598877366374,2446849.68883005,2810507.01471514,2037496.72390109,3876791.35239997,-0.0601773823320428,"/Users/9oy/Documents/Projects/IM3/EvaluationP/Script/Revision/5_UrbanScaling/data/model_evaldfs/single_latent_conus_model/Evaldf_0.001.csv",2.86312661823367,3.06913108089765
"single_latent_conus_model","2A","single-latent cGAN","MSASample","CONUS Model",0.001,85,9,11,1663,996.969188211036,1119138.85041429,3039160.51238489,2202120.61064036,4194364.54815874,-0.433869665479272,1255.1810252176,7194605.82769646,4752594.95675978,3433470.69359092,6578520.9307832,0.180076202326128,"/Users/9oy/Documents/Projects/IM3/EvaluationP/Script/Revision/5_UrbanScaling/data/model_evaldfs/single_latent_conus_model/Evaldf_0.001.csv",2.86312661823367,3.06913108089765
"single_latent_conus_model","2A","single-latent cGAN","MSASample","CONUS Model",0.001,86,9,12,2144,932.738859701071,1181310.21647602,2670596.00604281,1936721.56490441,3682554.66182297,-0.354244235221939,803.426761161533,1377410.66346724,1998874.96506018,1452369.84486769,2751021.81449406,-0.161722187864502,"/Users/9oy/Documents/Projects/IM3/EvaluationP/Script/Revision/5_UrbanScaling/data/model_evaldfs/single_latent_conus_model/Evaldf_0.001.csv",2.86312661823367,3.06913108089765
"single_latent_conus_model","2A","single-latent cGAN","MSASample","CONUS Model",0.001,87,9,13,1169,690.745272664564,834733.342834912,1490670.62881064,1085216.41597606,2047609.02146887,-0.251833933063278,678.42266324901,581185.791516377,1439479.51476671,1048191.35609349,1976834.9179634,-0.393890500429934,"/Users/9oy/Documents/Projects/IM3/EvaluationP/Script/Revision/5_UrbanScaling/data/model_evaldfs/single_latent_conus_model/Evaldf_0.001.csv",2.86312661823367,3.06913108089765
"single_latent_conus_model","2A","single-latent cGAN","MSASample","CONUS Model",0.001,88,9,14,89,281.802773113115,304410.207030068,261514.076554529,192589.068835599,355106.406867504,0.0659641397970896,483.14763940328,389491.767438766,744764.648601189,544688.129624864,1018333.88986844,-0.281520771443482,"/Users/9oy/Documents/Projects/IM3/EvaluationP/Script/Revision/5_UrbanScaling/data/model_evaldfs/single_latent_conus_model/Evaldf_0.001.csv",2.86312661823367,3.06913108089765
"single_latent_conus_model","2A","single-latent cGAN","MSASample","CONUS Model",0.001,89,10,5,11,55.0528314130035,21230.642938053,10984.9092639926,8261.19772729397,14606.6267291337,0.286166672346631,0,0,0,0,0,NA,"/Users/9oy/Documents/Projects/IM3/EvaluationP/Script/Revision/5_UrbanScaling/data/model_evaldfs/single_latent_conus_model/Evaldf_0.001.csv",2.86312661823367,3.06913108089765
"single_latent_conus_model","2A","single-latent cGAN","MSASample","CONUS Model",0.001,90,10,6,540,418.958148508534,626926.757519072,564722.491601726,413770.22075992,770745.395681584,0.0453817210859338,392.633466133176,678205.569726434,497878.042451059,365097.756239843,678948.421123842,0.134238378748734,"/Users/9oy/Documents/Projects/IM3/EvaluationP/Script/Revision/5_UrbanScaling/data/model_evaldfs/single_latent_conus_model/Evaldf_0.001.csv",2.86312661823367,3.06913108089765
"single_latent_conus_model","2A","single-latent cGAN","MSASample","CONUS Model",0.001,91,10,7,2166,278.697710508827,386061.374134951,255949.234536174,188517.734142534,347500.520084349,0.178502517107348,65.9979350819489,244861.16653676,15619.7714371839,11719.5134518941,20818.0365807281,1.19524523958022,"/Users/9oy/Documents/Projects/IM3/EvaluationP/Script/Revision/5_UrbanScaling/data/model_evaldfs/single_latent_conus_model/Evaldf_0.001.csv",2.86312661823367,3.06913108089765
"single_latent_conus_model","2A","single-latent cGAN","MSASample","CONUS Model",0.001,92,10,8,310,490.867754638042,1156708.11489094,768040.576693814,561596.744203481,1050373.48157139,0.17783961734471,422.343926117569,857660.806415707,573615.783010418,420242.85052389,782964.103038202,0.174694471624493,"/Users/9oy/Documents/Projects/IM3/EvaluationP/Script/Revision/5_UrbanScaling/data/model_evaldfs/single_latent_conus_model/Evaldf_0.001.csv",2.86312661823367,3.06913108089765
"single_latent_conus_model","2A","single-latent cGAN","MSASample","CONUS Model",0.001,93,10,9,1581,675.419676951037,852715.632020972,1427135.85566853,1039262.25029538,1959771.70339429,-0.223661093022638,557.114142758181,1693581.74777007,982009.888885921,716885.845389827,1345184.07368659,0.236690303341977,"/Users/9oy/Documents/Projects/IM3/EvaluationP/Script/Revision/5_UrbanScaling/data/model_evaldfs/single_latent_conus_model/Evaldf_0.001.csv",2.86312661823367,3.06913108089765
"single_latent_conus_model","2A","single-latent cGAN","MSASample","CONUS Model",0.001,94,10,10,1043,1064.49968004795,1220387.95016399,3451518.66496919,2498803.13786959,4767474.84189065,-0.451512315423517,989.426300230363,1500713.71006978,2994681.88988178,2170103.91310894,4132576.12569253,-0.3000528460982,"/Users/9oy/Documents/Projects/IM3/EvaluationP/Script/Revision/5_UrbanScaling/data/model_evaldfs/single_latent_conus_model/Evaldf_0.001.csv",2.86312661823367,3.06913108089765
"single_latent_conus_model","2A","single-latent cGAN","MSASample","CONUS Model",0.001,95,10,11,2489,1050.63200379815,1234433.63775549,3364764.9828757,2436406.27368764,4646861.86054289,-0.43548698811759,1029.82299084122,5302846.27341038,3236597.50207388,2344203.31175646,4468709.40668613,0.214420342728336,"/Users/9oy/Documents/Projects/IM3/EvaluationP/Script/Revision/5_UrbanScaling/data/model_evaldfs/single_latent_conus_model/Evaldf_0.001.csv",2.86312661823367,3.06913108089765
"single_latent_conus_model","2A","single-latent cGAN","MSASample","CONUS Model",0.001,96,10,12,1490,1026.47703512083,1470423.94186506,3216214.2792505,2329537.53369504,4440381.03719558,-0.339902410364544,550.153533001823,879606.67503288,958331.713744386,699713.330180622,1312537.05475524,-0.0372273439322629,"/Users/9oy/Documents/Projects/IM3/EvaluationP/Script/Revision/5_UrbanScaling/data/model_evaldfs/single_latent_conus_model/Evaldf_0.001.csv",2.86312661823367,3.06913108089765
"single_latent_conus_model","2A","single-latent cGAN","MSASample","CONUS Model",0.001,97,10,13,323,463.732899010623,968503.548393967,687766.18935338,503267.044304933,939903.251306601,0.148660394166314,288.264149193542,303228.778749071,273279.985250615,201195.338396449,371191.255889926,0.0451625912416359,"/Users/9oy/Documents/Projects/IM3/EvaluationP/Script/Revision/5_UrbanScaling/data/model_evaldfs/single_latent_conus_model/Evaldf_0.001.csv",2.86312661823367,3.06913108089765
"single_latent_conus_model","2A","single-latent cGAN","MSASample","CONUS Model",0.001,98,11,9,1483,786.085318500164,1446572.82544609,1915970.20130414,1392522.05343433,2636182.1726499,-0.122048447890361,723.861362016473,1292791.54934371,1632535.75502897,1187780.26621617,2243826.62959899,-0.101334197199452,"/Users/9oy/Documents/Projects/IM3/EvaluationP/Script/Revision/5_UrbanScaling/data/model_evaldfs/single_latent_conus_model/Evaldf_0.001.csv",2.86312661823367,3.06913108089765
"single_latent_conus_model","2A","single-latent cGAN","MSASample","CONUS Model",0.001,99,11,10,1600,1118.06347080674,1264639.29671621,3796648.54721919,2746934.62274404,5247500.27603578,-0.477433723982308,848.991217894146,1925273.24509007,2224810.43194923,1615388.00988572,3064143.98758619,-0.0628006366135237,"/Users/9oy/Documents/Projects/IM3/EvaluationP/Script/Revision/5_UrbanScaling/data/model_evaldfs/single_latent_conus_model/Evaldf_0.001.csv",2.86312661823367,3.06913108089765
"single_latent_conus_model","2A","single-latent cGAN","MSASample","CONUS Model",0.001,100,11,11,2218,838.768508287705,983458.789148006,2173099.98553158,1578087.70365153,2992459.50411394,-0.344323542946486,934.015168190648,5985965.28678542,2677694.63671249,1941835.3958356,3692408.00886394,0.349373145273413,"/Users/9oy/Documents/Projects/IM3/EvaluationP/Script/Revision/5_UrbanScaling/data/model_evaldfs/single_latent_conus_model/Evaldf_0.001.csv",2.86312661823367,3.06913108089765
"single_latent_conus_model","2A","single-latent cGAN","MSASample","CONUS Model",0.001,101,11,12,4341,860.615557282763,1116399.19793228,2284327.04457391,1658312.04633508,3146663.53543296,-0.310938765683881,956.38611475605,1304734.19120053,2803601.29250715,2032523.46016503,3867202.69723703,-0.332194208094181,"/Users/9oy/Documents/Projects/IM3/EvaluationP/Script/Revision/5_UrbanScaling/data/model_evaldfs/single_latent_conus_model/Evaldf_0.001.csv",2.86312661823367,3.06913108089765
"single_latent_conus_model","2A","single-latent cGAN","MSASample","CONUS Model",0.001,102,11,13,855,682.723230104218,910080.389181103,1457246.57865728,1061042.7339771,2001396.85519413,-0.204453288253713,1039.40080721279,1207289.01423203,3295289.69524865,2386429.08640227,4550285.71244187,-0.436082351498042,"/Users/9oy/Documents/Projects/IM3/EvaluationP/Script/Revision/5_UrbanScaling/data/model_evaldfs/single_latent_conus_model/Evaldf_0.001.csv",2.86312661823367,3.06913108089765
"single_latent_conus_model","2A","single-latent cGAN","MSASample","CONUS Model",0.001,103,12,9,156,247.288872346371,444022.699110182,202929.291637835,149696.000099995,275092.837331163,0.340060433084361,2165.45513946649,14098777.8418376,13699737.5852217,9828161.73001036,19096430.7527466,0.0124692188547669,"/Users/9oy/Documents/Projects/IM3/EvaluationP/Script/Revision/5_UrbanScaling/data/model_evaldfs/single_latent_conus_model/Evaldf_0.001.csv",2.86312661823367,3.06913108089765
"single_latent_conus_model","2A","single-latent cGAN","MSASample","CONUS Model",0.001,104,12,10,1485,779.358797959771,1205242.78775215,1884271.0323007,1369634.37610577,2592281.11173909,-0.19406883026382,994.441513579448,2088964.40383936,3024219.99222827,2191366.44145338,4173608.93567729,-0.160682340439566,"/Users/9oy/Documents/Projects/IM3/EvaluationP/Script/Revision/5_UrbanScaling/data/model_evaldfs/single_latent_conus_model/Evaldf_0.001.csv",2.86312661823367,3.06913108089765
"single_latent_conus_model","2A","single-latent cGAN","MSASample","CONUS Model",0.001,105,12,11,2575,820.744703167299,1017192.79215284,2083365.61337702,1513345.5662004,2868090.65684807,-0.31136221761806,1067.68940591525,3583007.32768692,3471624.46064977,2513262.57324267,4795430.65817906,0.0137149566589502,"/Users/9oy/Documents/Projects/IM3/EvaluationP/Script/Revision/5_UrbanScaling/data/model_evaldfs/single_latent_conus_model/Evaldf_0.001.csv",2.86312661823367,3.06913108089765
"single_latent_conus_model","2A","single-latent cGAN","MSASample","CONUS Model",0.001,106,12,12,5417,994.291890374578,1336087.16051301,3023336.72210736,2190730.6536489,4172381.90373531,-0.354651728583254,982.226450640545,2295147.61792145,2952522.75017013,2139753.92633128,4074015.4664507,-0.109382629219541,"/Users/9oy/Documents/Projects/IM3/EvaluationP/Script/Revision/5_UrbanScaling/data/model_evaldfs/single_latent_conus_model/Evaldf_0.001.csv",2.86312661823367,3.06913108089765
"single_latent_conus_model","2A","single-latent cGAN","MSASample","CONUS Model",0.001,107,12,13,1890,653.1128968157,1244316.26235327,1337059.33270451,974087.297666934,1835284.84916505,-0.0312199026436325,1137.45602827051,1321323.88637679,3925529.84829224,2839554.92875699,5426830.95641995,-0.472888997857899,"/Users/9oy/Documents/Projects/IM3/EvaluationP/Script/Revision/5_UrbanScaling/data/model_evaldfs/single_latent_conus_model/Evaldf_0.001.csv",2.86312661823367,3.06913108089765
